CustomerID,CustomerSegment,AcquisitionChannel,TenureMonths,SupportCalls,TotalSpend_USD,ChurnStatus
CUST_00001,Premium,Organic,33,1,3995.92,0
CUST_00002,Basic,Email Marketing,38,7,133.98,1
CUST_00003,Standard,Facebook Ads,44,7,3105.34,0
CUST_00004,Standard,Email Marketing,48,1,3295.54,0
CUST_00005,Premium,Organic,2,5,1731.41,0
CUST_00006,Standard,Facebook Ads,28,7,1881.95,0
CUST_00007,Standard,Facebook Ads,37,3,3481.34,0
CUST_00008,Basic,Facebook Ads,46,6,214.51,1
CUST_00009,Basic,Email Marketing,44,7,300.08,0
CUST_00010,Standard,Organic,36,7,3651.29,0
CUST_00011,Premium,Facebook Ads,10,7,3645.43,0
CUST_00012,Basic,Email Marketing,30,7,332.79,1
CUST_00013,Standard,Email Marketing,7,7,3148.6,0
CUST_00014,Premium,Email Marketing,47,7,4239.6,0
CUST_00015,Premium,Email Marketing,10,7,4136.69,0
CUST_00016,Premium,Google Search,16,1,2851.67,0
CUST_00017,Basic,Organic,10,0,1513.48,0
CUST_00018,Standard,Google Search,35,3,2207.48,0
CUST_00019,Standard,Facebook Ads,27,2,4217.49,0
CUST_00020,Standard,Email Marketing,10,3,1785.63,0
CUST_00021,Standard,Organic,2,0,2370.19,0
CUST_00022,Premium,Email Marketing,30,2,819.42,0
CUST_00023,Basic,Google Search,44,1,2530.99,1
CUST_00024,Basic,Facebook Ads,29,3,2254.71,0
CUST_00025,Premium,Google Search,11,2,1846.38,0
CUST_00026,Standard,Google Search,23,2,1295.98,0
CUST_00027,Standard,Google Search,21,7,2083.94,0
CUST_00028,Premium,Google Search,15,0,4298.48,0
CUST_00029,Basic,Google Search,2,5,346.29,1
CUST_00030,Premium,Facebook Ads,40,4,2567.73,0
CUST_00031,Standard,Google Search,7,4,569.47,0
CUST_00032,Standard,Google Search,42,1,2353.83,0
CUST_00033,Standard,Google Search,17,4,423.52,0
CUST_00034,Standard,Facebook Ads,4,1,1173.23,0
CUST_00035,Standard,Organic,30,0,4172.64,0
CUST_00036,Basic,Facebook Ads,44,5,351.46,1
CUST_00037,Standard,Facebook Ads,48,6,3971.12,0
CUST_00038,Premium,Organic,27,5,2697.39,1
CUST_00039,Premium,Facebook Ads,11,1,664.53,0
CUST_00040,Basic,Organic,2,6,252.34,1
CUST_00041,Standard,Google Search,9,2,2511.73,0
CUST_00042,Standard,Organic,10,3,251.62,0
CUST_00043,Standard,Google Search,41,1,3802.06,0
CUST_00044,Basic,Organic,22,5,69.69,0
CUST_00045,Premium,Google Search,44,2,4183.45,0
CUST_00046,Premium,Organic,22,3,1780.06,0
CUST_00047,Basic,Organic,13,2,2881.87,0
CUST_00048,Basic,Email Marketing,3,2,516.3,0
CUST_00049,Basic,Facebook Ads,2,3,3846.68,0
CUST_00050,Standard,Email Marketing,35,2,4348.45,0
CUST_00051,Basic,Organic,20,0,3357.39,0
CUST_00052,Standard,Organic,23,UNKNOWN,4381.48,0
CUST_00053,Basic,Email Marketing,28,5,334.24,0
CUST_00054,Premium,Facebook Ads,12,5,2495.07,0
CUST_00055,Basic,Facebook Ads,24,1,1750.78,0
CUST_00056,Premium,Facebook Ads,21,7,617.16,0
CUST_00057,Standard,Facebook Ads,23,7,4106.32,0
CUST_00058,Basic,Email Marketing,38,5,78.89,1
CUST_00059,Standard,Organic,43,3,882.29,0
CUST_00060,Basic,Email Marketing,26,5,111.86,1
CUST_00061,Standard,Organic,27,6,1076.01,0
CUST_00062,Standard,Organic,22,1,1542.15,0
CUST_00063,Basic,Organic,15,5,390.29,1
CUST_00064,Standard,Email Marketing,26,0,2541.34,0
CUST_00065,Standard,Google Search,28,5,2969.78,1
CUST_00066,Standard,Organic,9,5,2668.44,0
CUST_00067,Standard,Organic,1,0,3444.12,0
CUST_00068,Standard,Facebook Ads,14,7,2390.0,0
CUST_00069,Premium,Facebook Ads,7,2,1585.43,0
CUST_00070,Premium,Organic,6,6,3246.46,0
CUST_00071,Standard,Email Marketing,3,2,2543.51,0
CUST_00072,Standard,Organic,22,5,1532.51,0
CUST_00073,Standard,Facebook Ads,42,7,729.57,0
CUST_00074,Standard,Google Search,24,4,2378.48,0
CUST_00075,Standard,Facebook Ads,47,4,4417.49,0
CUST_00076,Basic,Organic,32,5,281.2,1
CUST_00077,Premium,Organic,34,6,2892.85,0
CUST_00078,Premium,Google Search,28,2,2384.51,0
CUST_00079,Standard,Google Search,36,5,1732.29,0
CUST_00080,Premium,Google Search,39,2,3320.03,0
CUST_00081,Premium,Facebook Ads,18,4,4243.23,0
CUST_00082,Standard,Google Search,30,2,961.59,1
CUST_00083,Basic,Email Marketing,35,0,1457.82,0
CUST_00084,Basic,Email Marketing,10,5,100.98,1
CUST_00085,Standard,Organic,22,0,862.58,0
CUST_00086,Standard,Google Search,11,3,1127.24,0
CUST_00087,Standard,Email Marketing,30,5,3216.93,0
CUST_00088,Basic,Email Marketing,6,3,3364.88,0
CUST_00089,Basic,Google Search,8,2,1035.52,0
CUST_00090,Standard,Facebook Ads,36,2,2969.64,0
CUST_00091,Standard,Email Marketing,1,7,2416.43,0
CUST_00092,Premium,Facebook Ads,10,3,4368.07,0
CUST_00093,Basic,Organic,17,1,2155.3,0
CUST_00094,Basic,Facebook Ads,18,4,311.95,0
CUST_00095,Basic,Facebook Ads,25,7,264.67,1
CUST_00096,Premium,Facebook Ads,26,1,881.56,0
CUST_00097,Premium,Facebook Ads,47,5,3269.98,0
CUST_00098,Standard,Google Search,26,3,2386.28,0
CUST_00099,Basic,Google Search,29,3,3494.23,0
CUST_00100,Premium,Email Marketing,14,6,3326.54,0
CUST_00101,Basic,Organic,18,6,352.27,1
CUST_00102,Premium,Facebook Ads,37,5,3655.4,0
CUST_00103,Premium,Facebook Ads,27,6,4397.47,0
CUST_00104,Premium,Organic,24,1,1260.77,0
CUST_00105,Basic,Facebook Ads,29,0,1697.16,0
CUST_00106,Basic,Facebook Ads,13,7,66.46,1
CUST_00107,Premium,Organic,40,0,2200.52,0
CUST_00108,Premium,Google Search,32,0,2506.27,0
CUST_00109,Premium,Facebook Ads,27,6,2568.09,0
CUST_00110,Premium,Google Search,33,5,1889.26,0
CUST_00111,Premium,Organic,5,2,4417.21,0
CUST_00112,Standard,Google Search,44,5,914.32,0
CUST_00113,Premium,Email Marketing,41,6,3068.13,0
CUST_00114,Basic,Facebook Ads,42,4,1185.27,0
CUST_00115,Basic,Google Search,20,0,4380.11,0
CUST_00116,Basic,Facebook Ads,16,7,312.67,1
CUST_00117,Standard,Facebook Ads,5,2,167.3,0
CUST_00118,Premium,Email Marketing,39,4,4275.54,0
CUST_00119,Premium,Facebook Ads,15,5,2080.71,1
CUST_00120,Standard,Organic,17,7,3367.39,0
CUST_00121,Premium,Facebook Ads,40,0,1039.91,0
CUST_00122,Standard,Google Search,45,5,871.57,0
CUST_00123,Basic,Email Marketing,14,4,4117.09,0
CUST_00124,Standard,Google Search,12,4,312.9,0
CUST_00125,Standard,Google Search,29,6,2918.19,0
CUST_00126,Basic,Organic,36,4,3788.42,0
CUST_00127,Basic,Organic,43,5,341.09,1
CUST_00128,Standard,Email Marketing,25,5,3865.51,0
CUST_00129,Basic,Facebook Ads,7,3,1086.58,0
CUST_00130,Premium,Email Marketing,33,3,1776.88,0
CUST_00131,Standard,Facebook Ads,30,5,2916.26,0
CUST_00132,Standard,Organic,1,1,4023.73,0
CUST_00133,Standard,Facebook Ads,42,1,3746.29,0
CUST_00134,Standard,Google Search,8,1,1656.98,0
CUST_00135,Premium,Email Marketing,9,1,239.58,0
CUST_00136,Standard,Facebook Ads,29,7,1679.23,0
CUST_00137,Basic,Facebook Ads,17,3,1997.06,0
CUST_00138,Basic,Organic,17,6,325.06,1
CUST_00139,Standard,Facebook Ads,37,4,1538.35,0
CUST_00140,Basic,Google Search,34,6,138.57,1
CUST_00141,Standard,Organic,14,7,858.97,0
CUST_00142,Premium,Google Search,1,3,2763.78,0
CUST_00143,Basic,Facebook Ads,43,5,192.1,1
CUST_00144,Premium,Organic,28,7,2691.93,0
CUST_00145,Standard,Organic,17,7,193.59,0
CUST_00146,Basic,Organic,35,0,655.28,0
CUST_00147,Basic,Organic,1,3,1099.53,1
CUST_00148,Basic,Email Marketing,7,0,1407.53,0
CUST_00149,Premium,Facebook Ads,5,6,310.05,0
CUST_00150,Standard,Email Marketing,24,7,977.24,1
CUST_00151,Basic,Google Search,39,6,300.55,1
CUST_00152,Standard,Email Marketing,41,2,3562.24,0
CUST_00153,Standard,Google Search,18,7,2428.81,0
CUST_00154,Basic,Organic,2,1,990.95,0
CUST_00155,Premium,Organic,37,1,1352.56,0
CUST_00156,Basic,Facebook Ads,35,1,3150.2,0
CUST_00157,Premium,Google Search,10,3,2552.48,0
CUST_00158,Standard,Organic,13,3,3456.27,0
CUST_00159,Basic,Google Search,40,4,3622.68,0
CUST_00160,Premium,Organic,31,0,4139.62,0
CUST_00161,Basic,Facebook Ads,14,4,687.43,0
CUST_00162,Standard,Organic,20,2,4375.57,0
CUST_00163,Standard,Email Marketing,6,3,NaN,0
CUST_00164,Premium,Facebook Ads,41,5,557.94,0
CUST_00165,Standard,Google Search,3,5,3812.53,0
CUST_00166,Basic,Email Marketing,4,5,355.83,1
CUST_00167,Basic,Organic,26,1,2918.66,0
CUST_00168,Basic,Facebook Ads,42,0,2204.99,0
CUST_00169,Basic,Organic,8,4,662.59,0
CUST_00170,Premium,Email Marketing,44,0,677.47,0
CUST_00171,Standard,Google Search,13,4,930.22,0
CUST_00172,Basic,Email Marketing,13,1,1874.96,0
CUST_00173,Basic,Email Marketing,17,5,392.45,1
CUST_00174,Standard,Facebook Ads,13,4,961.84,0
CUST_00175,Standard,Email Marketing,30,7,336.69,0
CUST_00176,Standard,Facebook Ads,41,0,1350.09,0
CUST_00177,Premium,Email Marketing,34,6,3389.62,0
CUST_00178,Premium,Facebook Ads,34,2,1225.08,0
CUST_00179,Premium,Organic,40,4,208.83,0
CUST_00180,Standard,Organic,30,1,3485.51,0
CUST_00181,Premium,Email Marketing,6,5,NaN,0
CUST_00182,Premium,Facebook Ads,2,0,2874.38,0
CUST_00183,Premium,Facebook Ads,29,0,1014.57,0
CUST_00184,Premium,Facebook Ads,24,7,293.03,1
CUST_00185,Standard,Facebook Ads,27,6,3862.95,0
CUST_00186,Premium,Facebook Ads,1,2,273.72,0
CUST_00187,Standard,Facebook Ads,41,3,164.99,1
CUST_00188,Standard,Facebook Ads,28,7,578.83,0
CUST_00189,Premium,Facebook Ads,9,6,2065.72,0
CUST_00190,Basic,Email Marketing,31,0,3914.96,0
CUST_00191,Basic,Google Search,14,1,3346.11,0
CUST_00192,Premium,Email Marketing,44,1,2378.08,0
CUST_00193,Basic,Facebook Ads,19,7,373.78,1
CUST_00194,Standard,Organic,4,6,1869.41,0
CUST_00195,Standard,Email Marketing,34,2,4445.31,0
CUST_00196,Basic,Facebook Ads,9,4,666.17,0
CUST_00197,Basic,Google Search,25,4,1125.21,0
CUST_00198,Premium,Google Search,37,0,4470.56,0
CUST_00199,Basic,Google Search,46,4,821.39,0
CUST_00200,Premium,Google Search,30,0,3561.33,0
CUST_00201,Premium,Email Marketing,4,1,2509.58,0
CUST_00202,Standard,Facebook Ads,21,1,2162.14,0
CUST_00203,Basic,Google Search,22,2,1820.84,0
CUST_00204,Premium,Email Marketing,34,2,4131.74,0
CUST_00205,Premium,Email Marketing,41,1,910.61,0
CUST_00206,Standard,Facebook Ads,2,2,707.28,0
CUST_00207,Standard,Organic,14,4,1113.34,0
CUST_00208,Standard,Facebook Ads,5,3,3930.39,0
CUST_00209,Premium,Email Marketing,13,7,4352.65,0
CUST_00210,Premium,Facebook Ads,11,4,1134.97,0
CUST_00211,Standard,Facebook Ads,39,6,4416.21,1
CUST_00212,Premium,Email Marketing,5,0,995.86,0
CUST_00213,Premium,Google Search,7,5,3813.73,1
CUST_00214,Standard,Google Search,39,4,3721.91,0
CUST_00215,Basic,Facebook Ads,34,2,3679.16,0
CUST_00216,Premium,Organic,9,1,4084.14,0
CUST_00217,Basic,Email Marketing,14,7,327.58,0
CUST_00218,Premium,Organic,46,0,1714.2,0
CUST_00219,Basic,Organic,19,2,1263.43,0
CUST_00220,Premium,Google Search,40,7,1500.35,0
CUST_00221,Standard,Email Marketing,6,3,2817.33,0
CUST_00222,Premium,Organic,37,6,1735.59,0
CUST_00223,Standard,Organic,45,3,1143.0,0
CUST_00224,Basic,Google Search,25,7,212.62,1
CUST_00225,Standard,Organic,19,6,3755.07,0
CUST_00226,Standard,Google Search,2,5,1964.5,0
CUST_00227,Standard,Email Marketing,44,0,2226.73,0
CUST_00228,Premium,Email Marketing,47,4,2526.12,0
CUST_00229,Premium,Email Marketing,11,2,297.42,0
CUST_00230,Standard,Google Search,47,7,534.7,1
CUST_00231,Standard,Email Marketing,43,0,278.11,0
CUST_00232,Premium,Email Marketing,2,1,2883.81,0
CUST_00233,Basic,Organic,20,2,4453.06,0
CUST_00234,Premium,Organic,18,3,422.74,0
CUST_00235,Standard,Organic,14,2,2882.01,0
CUST_00236,Standard,Google Search,6,4,548.95,0
CUST_00237,Standard,Organic,29,6,2060.59,0
CUST_00238,Basic,Facebook Ads,14,3,882.14,0
CUST_00239,Standard,Google Search,11,7,3783.42,0
CUST_00240,Premium,Organic,48,7,544.99,0
CUST_00241,Basic,Organic,10,2,393.7,0
CUST_00242,Standard,Google Search,31,1,2270.74,0
CUST_00243,Premium,Email Marketing,47,4,1518.35,0
CUST_00244,Basic,Organic,27,0,3752.31,0
CUST_00245,Basic,Organic,22,0,271.63,0
CUST_00246,Standard,Facebook Ads,1,1,1050.66,0
CUST_00247,Premium,Organic,44,0,2560.88,0
CUST_00248,Premium,Organic,42,6,430.47,0
CUST_00249,Basic,Organic,46,4,4233.73,0
CUST_00250,Standard,Email Marketing,23,3,2839.39,0
CUST_00251,Premium,Organic,19,0,3863.27,0
CUST_00252,Premium,Facebook Ads,19,5,1235.81,1
CUST_00253,Basic,Google Search,14,6,276.01,1
CUST_00254,Premium,Email Marketing,34,5,4038.43,0
CUST_00255,Basic,Facebook Ads,22,4,4431.99,0
CUST_00256,Basic,Organic,28,2,3434.8,0
CUST_00257,Standard,Facebook Ads,34,6,3217.43,0
CUST_00258,Premium,Organic,32,5,249.87,0
CUST_00259,Standard,Facebook Ads,42,4,3006.13,0
CUST_00260,Premium,Organic,15,0,2289.58,0
CUST_00261,Basic,Email Marketing,42,1,2488.58,0
CUST_00262,Premium,Email Marketing,5,3,2982.98,0
CUST_00263,Standard,Organic,28,3,605.48,0
CUST_00264,Standard,Organic,47,6,4446.92,0
CUST_00265,Standard,Email Marketing,29,1,4147.23,0
CUST_00266,Standard,Organic,5,2,3919.85,0
CUST_00267,Basic,Organic,36,5,94.91,0
CUST_00268,Premium,Organic,41,7,3470.07,0
CUST_00269,Standard,Email Marketing,34,7,2375.73,0
CUST_00270,Basic,Facebook Ads,32,7,239.35,0
CUST_00271,Standard,Email Marketing,1,5,1713.56,0
CUST_00272,Basic,Email Marketing,32,0,2502.04,0
CUST_00273,Standard,Google Search,17,4,3974.72,0
CUST_00274,Premium,Email Marketing,41,4,NaN,0
CUST_00275,Standard,Google Search,9,0,1039.56,0
CUST_00276,Premium,Email Marketing,32,7,2354.06,0
CUST_00277,Standard,Facebook Ads,2,1,4396.89,0
CUST_00278,Basic,Google Search,48,3,761.53,0
CUST_00279,Standard,Facebook Ads,47,4,1070.46,0
CUST_00280,Standard,Email Marketing,13,6,1909.95,0
CUST_00281,Standard,Facebook Ads,20,7,1000.0,0
CUST_00282,Standard,Google Search,36,7,2232.32,0
CUST_00283,Premium,Organic,15,0,2635.43,0
CUST_00284,Premium,Facebook Ads,20,3,1006.33,0
CUST_00285,Premium,Facebook Ads,41,4,3176.62,0
CUST_00286,Standard,Facebook Ads,21,6,1866.9,0
CUST_00287,Standard,Google Search,2,4,2912.72,0
CUST_00288,Basic,Email Marketing,12,6,366.68,1
CUST_00289,Standard,Facebook Ads,12,7,3671.11,1
CUST_00290,Standard,Organic,48,4,2018.36,0
CUST_00291,Basic,Google Search,4,0,4406.29,0
CUST_00292,Standard,Organic,24,5,2105.28,0
CUST_00293,Basic,Google Search,4,2,799.1,0
CUST_00294,Basic,Google Search,15,3,NaN,0
CUST_00295,Basic,Facebook Ads,45,6,90.02,1
CUST_00296,Standard,Google Search,22,4,2583.2,0
CUST_00297,Standard,Organic,6,5,4065.69,0
CUST_00298,Premium,Google Search,39,1,2168.18,0
CUST_00299,Basic,Google Search,45,7,124.07,1
CUST_00300,Standard,Facebook Ads,21,7,2419.75,0
CUST_00301,Basic,Google Search,48,7,192.1,1
CUST_00302,Basic,Google Search,22,7,164.1,1
CUST_00303,Premium,Facebook Ads,33,0,2625.63,0
CUST_00304,Premium,Google Search,27,4,3718.24,0
CUST_00305,Standard,Facebook Ads,18,3,669.55,0
CUST_00306,Standard,Facebook Ads,18,2,881.2,0
CUST_00307,Premium,Email Marketing,42,5,2256.41,0
CUST_00308,Premium,Email Marketing,2,5,2595.1,0
CUST_00309,Basic,Organic,35,3,2408.98,0
CUST_00310,Standard,Email Marketing,3,1,1123.49,0
CUST_00311,Standard,Facebook Ads,8,6,2740.78,0
CUST_00312,Standard,Email Marketing,39,7,4232.6,0
CUST_00313,Premium,Email Marketing,48,7,3228.26,0
CUST_00314,Premium,Google Search,25,5,4432.1,0
CUST_00315,Premium,Email Marketing,44,3,4227.65,0
CUST_00316,Standard,Organic,32,7,3045.27,0
CUST_00317,Basic,Google Search,28,6,290.05,1
CUST_00318,Standard,Email Marketing,7,1,674.28,0
CUST_00319,Standard,Google Search,4,5,1501.37,0
CUST_00320,Premium,Organic,14,2,599.08,0
CUST_00321,Basic,Organic,17,3,4439.27,0
CUST_00322,Standard,Organic,6,2,4004.04,0
CUST_00323,Basic,Organic,47,6,163.93,1
CUST_00324,Standard,Facebook Ads,4,1,756.75,0
CUST_00325,Premium,Email Marketing,39,7,1055.84,0
CUST_00326,Basic,Email Marketing,5,6,257.73,1
CUST_00327,Basic,Facebook Ads,37,4,4470.38,1
CUST_00328,Basic,Email Marketing,37,7,151.31,1
CUST_00329,Basic,Facebook Ads,3,4,2091.19,0
CUST_00330,Basic,Facebook Ads,32,2,1939.22,0
CUST_00331,Premium,Organic,14,7,4451.89,0
CUST_00332,Standard,Google Search,7,6,353.54,0
CUST_00333,Standard,Google Search,23,1,3160.05,0
CUST_00334,Standard,Email Marketing,6,3,2241.42,1
CUST_00335,Basic,Email Marketing,45,1,1877.16,0
CUST_00336,Premium,Organic,37,2,649.39,0
CUST_00337,Basic,Email Marketing,20,5,309.22,1
CUST_00338,Basic,Organic,45,5,94.67,1
CUST_00339,Basic,Organic,15,5,79.53,0
CUST_00340,Standard,Google Search,19,3,2559.26,0
CUST_00341,Basic,Google Search,39,5,184.84,0
CUST_00342,Standard,Google Search,5,0,1288.12,0
CUST_00343,Premium,Organic,31,7,1743.51,1
CUST_00344,Basic,Email Marketing,41,7,372.55,1
CUST_00345,Basic,Facebook Ads,3,1,205.68,0
CUST_00346,Premium,Google Search,4,6,1779.93,0
CUST_00347,Standard,Facebook Ads,9,3,2311.14,0
CUST_00348,Basic,Email Marketing,42,2,308.48,0
CUST_00349,Premium,Email Marketing,8,1,1293.04,0
CUST_00350,Standard,Facebook Ads,3,1,4071.71,0
CUST_00351,Standard,Email Marketing,28,1,791.25,1
CUST_00352,Basic,Google Search,46,2,2530.23,0
CUST_00353,Basic,Facebook Ads,6,4,1930.03,0
CUST_00354,Standard,Organic,45,2,1238.95,0
CUST_00355,Premium,Organic,46,6,3015.81,0
CUST_00356,Standard,Google Search,42,2,2216.08,0
CUST_00357,Premium,Google Search,35,5,623.24,0
CUST_00358,Basic,Google Search,19,4,845.95,0
CUST_00359,Premium,Organic,31,7,815.34,1
CUST_00360,Premium,Organic,29,6,679.08,0
CUST_00361,Basic,Organic,24,2,4443.47,0
CUST_00362,Premium,Email Marketing,33,7,3164.62,0
CUST_00363,Basic,Organic,27,7,114.2,0
CUST_00364,Premium,Facebook Ads,47,1,4026.79,0
CUST_00365,Standard,Organic,41,1,2863.31,0
CUST_00366,Premium,Google Search,48,4,1108.7,0
CUST_00367,Basic,Facebook Ads,38,0,2277.56,1
CUST_00368,Basic,Google Search,3,4,3840.56,0
CUST_00369,Premium,Facebook Ads,23,3,1621.47,0
CUST_00370,Basic,Email Marketing,21,2,405.47,0
CUST_00371,Premium,Facebook Ads,13,4,292.0,0
CUST_00372,Standard,Email Marketing,30,0,1608.71,0
CUST_00373,Basic,Facebook Ads,4,1,4477.42,1
CUST_00374,Premium,Facebook Ads,32,0,3440.47,0
CUST_00375,Standard,Google Search,32,1,206.81,0
CUST_00376,Standard,Google Search,9,4,3347.11,0
CUST_00377,Premium,Organic,24,2,2622.63,0
CUST_00378,Premium,Facebook Ads,1,2,2008.7,0
CUST_00379,Basic,Email Marketing,39,5,271.4,1
CUST_00380,Premium,Google Search,12,4,2772.6,0
CUST_00381,Basic,Email Marketing,43,7,250.78,1
CUST_00382,Standard,Organic,16,2,632.64,1
CUST_00383,Premium,Organic,32,5,3612.61,0
CUST_00384,Basic,Google Search,3,3,1409.97,0
CUST_00385,Standard,Organic,3,7,2186.56,0
CUST_00386,Premium,Organic,8,4,3351.35,0
CUST_00387,Basic,Facebook Ads,3,3,3325.23,0
CUST_00388,Premium,Google Search,36,0,2448.11,0
CUST_00389,Basic,Facebook Ads,16,6,351.51,1
CUST_00390,Premium,Email Marketing,33,5,3324.62,0
CUST_00391,Premium,Organic,7,6,3593.38,0
CUST_00392,Standard,Facebook Ads,22,2,1924.36,0
CUST_00393,Premium,Email Marketing,37,6,1701.99,0
CUST_00394,Standard,Email Marketing,34,5,3709.6,0
CUST_00395,Standard,Organic,24,6,332.68,0
CUST_00396,Standard,Facebook Ads,11,3,2288.5,0
CUST_00397,Basic,Facebook Ads,16,1,2251.05,0
CUST_00398,Standard,Google Search,17,1,2528.76,0
CUST_00399,Premium,Google Search,34,5,4164.9,0
CUST_00400,Basic,Google Search,46,2,761.43,0
CUST_00401,Basic,Organic,7,1,NaN,0
CUST_00402,Standard,Organic,10,1,4102.32,0
CUST_00403,Basic,Email Marketing,7,3,1372.09,0
CUST_00404,Basic,Organic,46,6,168.6,1
CUST_00405,Premium,Organic,21,4,2545.72,0
CUST_00406,Basic,Google Search,9,3,2909.46,0
CUST_00407,Premium,Organic,34,6,3301.44,0
CUST_00408,Premium,Email Marketing,5,3,1719.88,0
CUST_00409,Standard,Email Marketing,15,6,3388.14,0
CUST_00410,Premium,Email Marketing,20,1,2171.42,0
CUST_00411,Basic,Organic,10,6,344.7,1
CUST_00412,Premium,Google Search,2,6,3027.66,1
CUST_00413,Premium,Facebook Ads,1,5,3160.07,0
CUST_00414,Standard,Organic,8,4,3320.73,0
CUST_00415,Premium,Organic,6,0,2595.55,0
CUST_00416,Standard,Organic,43,6,234.25,0
CUST_00417,Standard,Email Marketing,30,3,620.6,0
CUST_00418,Basic,Facebook Ads,18,5,129.56,1
CUST_00419,Basic,Google Search,6,1,NaN,0
CUST_00420,Standard,Google Search,1,4,874.34,1
CUST_00421,Basic,Facebook Ads,5,1,727.85,0
CUST_00422,Basic,Email Marketing,41,4,2336.05,0
CUST_00423,Standard,Facebook Ads,36,6,4457.56,0
CUST_00424,Basic,Organic,39,6,254.47,1
CUST_00425,Standard,Facebook Ads,39,7,2698.37,0
CUST_00426,Standard,Organic,39,6,4173.53,0
CUST_00427,Standard,Facebook Ads,37,5,2324.08,0
CUST_00428,Standard,Organic,13,1,3786.05,0
CUST_00429,Standard,Email Marketing,2,4,411.41,0
CUST_00430,Standard,Email Marketing,48,1,4423.46,0
CUST_00431,Standard,Email Marketing,18,3,3672.28,0
CUST_00432,Premium,Google Search,32,0,1932.52,0
CUST_00433,Premium,Google Search,48,2,2320.59,0
CUST_00434,Standard,Google Search,43,2,4198.34,0
CUST_00435,Standard,Email Marketing,31,0,1173.46,0
CUST_00436,Premium,Organic,32,5,1560.75,1
CUST_00437,Basic,Organic,1,7,129.99,1
CUST_00438,Premium,Facebook Ads,8,3,4059.16,0
CUST_00439,Premium,Organic,32,4,3799.6,0
CUST_00440,Standard,Google Search,8,4,2723.31,0
CUST_00441,Premium,Organic,44,2,3969.72,1
CUST_00442,Premium,Email Marketing,44,3,1712.26,0
CUST_00443,Premium,Facebook Ads,11,1,3600.28,0
CUST_00444,Standard,Google Search,31,0,553.48,0
CUST_00445,Standard,Organic,28,5,591.83,0
CUST_00446,Standard,Facebook Ads,34,1,2161.25,0
CUST_00447,Premium,Organic,21,4,2392.36,0
CUST_00448,Basic,Google Search,48,2,3556.08,0
CUST_00449,Basic,Organic,21,6,163.51,1
CUST_00450,Standard,Google Search,21,3,NaN,0
CUST_00451,Basic,Organic,42,1,763.69,0
CUST_00452,Standard,Organic,21,6,1635.04,0
CUST_00453,Premium,Google Search,41,2,2391.25,0
CUST_00454,Basic,Organic,4,1,910.29,0
CUST_00455,Standard,Facebook Ads,30,3,229.75,0
CUST_00456,Premium,Facebook Ads,13,5,2639.94,0
CUST_00457,Standard,Facebook Ads,35,4,1701.25,0
CUST_00458,Basic,Facebook Ads,33,4,582.06,0
CUST_00459,Standard,Facebook Ads,46,3,4222.54,1
CUST_00460,Standard,Organic,26,0,1437.0,0
CUST_00461,Premium,Email Marketing,36,4,316.09,0
CUST_00462,Standard,Email Marketing,4,6,1756.76,0
CUST_00463,Premium,Organic,16,1,3579.95,0
CUST_00464,Basic,Facebook Ads,8,5,68.42,1
CUST_00465,Premium,Google Search,7,1,619.75,0
CUST_00466,Standard,Email Marketing,7,1,2041.49,0
CUST_00467,Basic,Email Marketing,40,4,1034.07,0
CUST_00468,Standard,Organic,41,3,NaN,0
CUST_00469,Premium,Facebook Ads,7,3,2610.04,0
CUST_00470,Premium,Google Search,41,5,3832.84,1
CUST_00471,Basic,Google Search,42,2,4110.78,0
CUST_00472,Basic,Email Marketing,36,7,373.44,1
CUST_00473,Premium,Email Marketing,26,1,1224.09,0
CUST_00474,Basic,Organic,8,6,172.68,1
CUST_00475,Standard,Email Marketing,44,6,2960.74,0
CUST_00476,Standard,Facebook Ads,2,2,3395.54,0
CUST_00477,Basic,Facebook Ads,42,6,131.22,1
CUST_00478,Standard,Google Search,13,2,2666.43,0
CUST_00479,Standard,Organic,8,7,1205.05,0
CUST_00480,Basic,Google Search,1,7,93.2,1
CUST_00481,Premium,Email Marketing,1,3,3525.86,0
CUST_00482,Premium,Email Marketing,27,4,513.2,0
CUST_00483,Premium,Email Marketing,48,3,1613.63,0
CUST_00484,Basic,Email Marketing,11,1,3034.42,0
CUST_00485,Basic,Facebook Ads,9,7,286.12,1
CUST_00486,Premium,Facebook Ads,11,2,3496.28,0
CUST_00487,Basic,Organic,6,0,2405.68,0
CUST_00488,Basic,Organic,44,3,3093.52,0
CUST_00489,Premium,Organic,27,5,794.69,0
CUST_00490,Premium,Email Marketing,15,1,2570.62,0
CUST_00491,Standard,Organic,11,4,2726.09,0
CUST_00492,Basic,Facebook Ads,47,1,4332.31,0
CUST_00493,Basic,Email Marketing,43,7,90.82,1
CUST_00494,Standard,Google Search,24,6,3697.85,0
CUST_00495,Standard,Organic,24,6,950.98,0
CUST_00496,Premium,Email Marketing,17,5,3695.55,0
CUST_00497,Premium,Google Search,22,3,2522.85,0
CUST_00498,Standard,Google Search,33,6,1311.1,0
CUST_00499,Basic,Organic,12,7,129.95,1
CUST_00500,Basic,Facebook Ads,11,2,2809.56,0
CUST_00501,Basic,Email Marketing,36,1,1545.43,0
CUST_00502,Premium,Facebook Ads,1,3,2185.8,0
CUST_00503,Basic,Google Search,48,7,72.72,1
CUST_00504,Basic,Facebook Ads,43,7,93.27,1
CUST_00505,Standard,Google Search,23,0,1504.29,0
CUST_00506,Premium,Organic,9,4,281.19,0
CUST_00507,Premium,Email Marketing,19,4,NaN,0
CUST_00508,Premium,Google Search,19,1,2289.87,0
CUST_00509,Premium,Organic,39,3,753.34,0
CUST_00510,Basic,Organic,29,6,334.62,1
CUST_00511,Standard,Organic,32,7,151.09,0
CUST_00512,Basic,Facebook Ads,14,2,3450.82,0
CUST_00513,Standard,Facebook Ads,41,7,2410.74,0
CUST_00514,Premium,Organic,18,6,2380.56,0
CUST_00515,Standard,Organic,3,5,1159.07,0
CUST_00516,Standard,Facebook Ads,43,0,756.7,1
CUST_00517,Standard,Organic,4,7,1366.11,0
CUST_00518,Premium,Organic,2,5,3958.61,0
CUST_00519,Basic,Email Marketing,27,5,392.76,1
CUST_00520,Premium,Organic,17,4,864.37,0
CUST_00521,Standard,Organic,8,6,2511.69,0
CUST_00522,Basic,Google Search,38,6,155.15,1
CUST_00523,Premium,Organic,45,7,4384.11,0
CUST_00524,Standard,Email Marketing,44,0,3508.43,0
CUST_00525,Basic,Google Search,17,5,277.05,1
CUST_00526,Standard,Email Marketing,17,2,3461.38,0
CUST_00527,Basic,Organic,8,5,75.25,1
CUST_00528,Premium,Email Marketing,30,5,3116.99,0
CUST_00529,Premium,Email Marketing,39,5,659.35,0
CUST_00530,Basic,Organic,31,2,4148.3,0
CUST_00531,Premium,Organic,23,3,1495.37,0
CUST_00532,Basic,Facebook Ads,12,2,711.82,0
CUST_00533,Basic,Email Marketing,25,5,192.01,0
CUST_00534,Basic,Google Search,11,5,201.61,1
CUST_00535,Basic,Email Marketing,2,1,4114.09,0
CUST_00536,Basic,Google Search,48,3,4498.13,0
CUST_00537,Standard,Organic,24,6,1583.72,0
CUST_00538,Standard,Google Search,38,7,1782.67,0
CUST_00539,Premium,Facebook Ads,41,1,3207.19,0
CUST_00540,Standard,Google Search,7,1,1082.85,0
CUST_00541,Standard,Organic,42,6,650.18,1
CUST_00542,Basic,Google Search,16,4,1516.5,1
CUST_00543,Premium,Facebook Ads,13,0,3996.15,0
CUST_00544,Basic,Email Marketing,19,0,2200.81,1
CUST_00545,Premium,Google Search,36,5,3830.01,0
CUST_00546,Premium,Google Search,5,6,4209.29,1
CUST_00547,Standard,Email Marketing,26,5,2031.42,0
CUST_00548,Premium,Email Marketing,31,7,2387.31,0
CUST_00549,Premium,Facebook Ads,4,3,1496.67,0
CUST_00550,Basic,Google Search,47,5,197.47,1
CUST_00551,Standard,Organic,2,7,4450.26,0
CUST_00552,Standard,Google Search,48,6,4210.05,0
CUST_00553,Premium,Email Marketing,31,2,2561.86,1
CUST_00554,Standard,Email Marketing,27,0,1082.01,0
CUST_00555,Premium,Organic,41,6,1001.98,0
CUST_00556,Basic,Organic,14,0,1277.46,0
CUST_00557,Basic,Google Search,9,6,NaN,1
CUST_00558,Premium,Email Marketing,43,0,1486.24,0
CUST_00559,Premium,Facebook Ads,35,0,463.76,0
CUST_00560,Standard,Facebook Ads,1,6,3389.2,0
CUST_00561,Basic,Facebook Ads,33,6,153.43,1
CUST_00562,Standard,Google Search,45,5,3745.37,0
CUST_00563,Premium,Email Marketing,38,4,4243.87,0
CUST_00564,Standard,Facebook Ads,29,6,1983.68,0
CUST_00565,Standard,Facebook Ads,28,1,2309.71,0
CUST_00566,Standard,Email Marketing,32,6,3933.21,0
CUST_00567,Standard,Organic,43,1,795.44,0
CUST_00568,Standard,Email Marketing,22,3,1127.13,0
CUST_00569,Standard,Google Search,9,0,4024.95,0
CUST_00570,Premium,Organic,10,0,1870.08,1
CUST_00571,Standard,Email Marketing,7,1,684.4,1
CUST_00572,Standard,Facebook Ads,29,3,3809.83,0
CUST_00573,Premium,Facebook Ads,34,0,3217.96,0
CUST_00574,Premium,Google Search,5,6,3468.97,1
CUST_00575,Standard,Facebook Ads,7,7,2507.78,0
CUST_00576,Basic,Organic,4,0,2977.48,0
CUST_00577,Basic,Google Search,47,7,381.62,1
CUST_00578,Standard,Facebook Ads,5,6,1355.08,0
CUST_00579,Basic,Email Marketing,40,0,366.12,0
CUST_00580,Standard,Facebook Ads,33,5,827.81,0
CUST_00581,Premium,Organic,14,7,1289.84,0
CUST_00582,Standard,Facebook Ads,3,2,1210.68,0
CUST_00583,Premium,Facebook Ads,28,6,1246.92,0
CUST_00584,Premium,Organic,48,0,NaN,0
CUST_00585,Premium,Google Search,9,5,3376.77,0
CUST_00586,Basic,Facebook Ads,17,7,305.2,1
CUST_00587,Basic,Organic,10,5,346.87,1
CUST_00588,Standard,Google Search,44,5,351.38,0
CUST_00589,Standard,Facebook Ads,47,0,3299.52,0
CUST_00590,Standard,Email Marketing,34,1,598.59,0
CUST_00591,Premium,Google Search,24,2,2180.42,1
CUST_00592,Premium,Email Marketing,44,4,1271.16,0
CUST_00593,Standard,Organic,1,5,1259.49,0
CUST_00594,Premium,Google Search,43,2,4080.21,0
CUST_00595,Standard,Email Marketing,24,7,2748.42,0
CUST_00596,Premium,Google Search,14,5,823.22,0
CUST_00597,Standard,Organic,25,4,1477.09,0
CUST_00598,Basic,Email Marketing,39,1,1531.99,0
CUST_00599,Standard,Email Marketing,30,2,3254.62,0
CUST_00600,Premium,Email Marketing,7,0,4044.82,0
CUST_00601,Premium,Facebook Ads,8,4,3103.36,1
CUST_00602,Basic,Email Marketing,8,6,294.74,1
CUST_00603,Basic,Facebook Ads,22,3,965.15,0
CUST_00604,Standard,Organic,21,7,2334.87,0
CUST_00605,Standard,Google Search,39,7,843.36,0
CUST_00606,Basic,Email Marketing,5,5,65.78,1
CUST_00607,Standard,Email Marketing,48,5,1392.25,0
CUST_00608,Premium,Facebook Ads,42,1,3690.13,0
CUST_00609,Basic,Facebook Ads,46,0,534.04,0
CUST_00610,Standard,Organic,5,0,2365.57,0
CUST_00611,Standard,Email Marketing,46,0,4050.58,0
CUST_00612,Basic,Organic,40,6,353.96,1
CUST_00613,Standard,Email Marketing,22,4,3684.15,0
CUST_00614,Standard,Organic,18,6,2637.53,0
CUST_00615,Premium,Google Search,8,4,3873.82,0
CUST_00616,Premium,Google Search,3,6,492.92,0
CUST_00617,Premium,Email Marketing,8,5,2606.78,0
CUST_00618,Basic,Facebook Ads,13,6,250.25,0
CUST_00619,Standard,Facebook Ads,6,6,2919.41,0
CUST_00620,Premium,Email Marketing,41,UNKNOWN,2618.6,0
CUST_00621,Basic,Organic,1,2,1555.35,0
CUST_00622,Basic,Organic,18,0,3129.53,0
CUST_00623,Premium,Google Search,23,5,2463.67,0
CUST_00624,Premium,Facebook Ads,23,5,1565.45,0
CUST_00625,Premium,Google Search,23,6,2220.93,0
CUST_00626,Basic,Facebook Ads,23,2,2283.58,0
CUST_00627,Basic,Organic,34,7,85.57,0
CUST_00628,Standard,Facebook Ads,39,7,1156.77,0
CUST_00629,Basic,Facebook Ads,28,5,NaN,1
CUST_00630,Premium,Facebook Ads,10,4,3085.12,0
CUST_00631,Standard,Facebook Ads,41,3,1284.36,0
CUST_00632,Standard,Google Search,10,3,4125.25,0
CUST_00633,Premium,Email Marketing,35,5,3794.69,1
CUST_00634,Premium,Facebook Ads,17,7,3177.14,0
CUST_00635,Standard,Email Marketing,16,UNKNOWN,4090.41,0
CUST_00636,Standard,Email Marketing,43,1,3785.43,1
CUST_00637,Premium,Facebook Ads,5,0,3386.75,0
CUST_00638,Premium,Google Search,37,4,1304.56,0
CUST_00639,Standard,Organic,2,6,3742.24,0
CUST_00640,Premium,Email Marketing,2,0,1407.77,0
CUST_00641,Standard,Organic,4,6,4135.09,1
CUST_00642,Premium,Email Marketing,9,2,774.35,0
CUST_00643,Premium,Google Search,44,3,4125.8,0
CUST_00644,Premium,Email Marketing,24,1,1274.74,0
CUST_00645,Premium,Email Marketing,13,6,832.49,0
CUST_00646,Basic,Facebook Ads,29,2,2711.1,0
CUST_00647,Standard,Organic,38,5,3377.62,0
CUST_00648,Premium,Organic,19,1,3413.0,0
CUST_00649,Premium,Google Search,22,2,699.55,0
CUST_00650,Standard,Organic,14,6,2862.46,0
CUST_00651,Standard,Facebook Ads,1,5,3184.0,0
CUST_00652,Basic,Organic,42,2,3434.01,0
CUST_00653,Standard,Email Marketing,38,0,3607.32,0
CUST_00654,Standard,Email Marketing,17,3,940.6,0
CUST_00655,Standard,Google Search,12,0,2945.64,0
CUST_00656,Basic,Facebook Ads,29,3,3722.41,0
CUST_00657,Premium,Organic,48,6,890.47,1
CUST_00658,Standard,Facebook Ads,37,0,220.82,0
CUST_00659,Basic,Google Search,6,5,342.19,1
CUST_00660,Standard,Email Marketing,24,1,664.71,0
CUST_00661,Basic,Organic,18,0,1267.63,0
CUST_00662,Standard,Organic,19,4,2591.51,0
CUST_00663,Basic,Email Marketing,10,0,751.27,0
CUST_00664,Standard,Google Search,27,3,358.22,0
CUST_00665,Standard,Organic,38,5,3342.83,0
CUST_00666,Standard,Facebook Ads,32,7,4168.87,0
CUST_00667,Premium,Facebook Ads,39,3,3827.6,0
CUST_00668,Premium,Organic,2,7,2902.08,0
CUST_00669,Premium,Google Search,44,2,4068.16,0
CUST_00670,Basic,Organic,39,7,208.76,1
CUST_00671,Premium,Email Marketing,33,7,1978.7,0
CUST_00672,Standard,Email Marketing,21,2,539.53,0
CUST_00673,Basic,Facebook Ads,27,2,4372.48,0
CUST_00674,Standard,Organic,5,4,2627.07,0
CUST_00675,Premium,Email Marketing,40,2,2377.63,0
CUST_00676,Premium,Email Marketing,2,2,1217.29,0
CUST_00677,Premium,Google Search,22,0,1233.74,0
CUST_00678,Standard,Google Search,28,1,4494.92,0
CUST_00679,Basic,Facebook Ads,29,3,1237.98,0
CUST_00680,Basic,Facebook Ads,47,3,2204.72,1
CUST_00681,Premium,Facebook Ads,2,3,772.23,0
CUST_00682,Standard,Organic,40,7,4003.8,1
CUST_00683,Premium,Facebook Ads,34,7,2786.36,0
CUST_00684,Premium,Email Marketing,18,7,1251.35,0
CUST_00685,Premium,Organic,16,5,696.46,0
CUST_00686,Basic,Google Search,48,2,2015.4,0
CUST_00687,Premium,Google Search,36,0,2160.44,1
CUST_00688,Premium,Facebook Ads,38,6,3810.81,0
CUST_00689,Premium,Organic,28,3,3350.22,0
CUST_00690,Standard,Facebook Ads,9,1,3273.16,0
CUST_00691,Standard,Organic,31,5,2090.14,0
CUST_00692,Basic,Facebook Ads,32,5,166.52,1
CUST_00693,Premium,Facebook Ads,4,4,1518.3,0
CUST_00694,Standard,Organic,7,2,362.06,1
CUST_00695,Standard,Organic,19,1,1864.16,0
CUST_00696,Basic,Facebook Ads,12,5,90.15,1
CUST_00697,Premium,Organic,6,6,2246.76,0
CUST_00698,Basic,Google Search,13,6,170.22,1
CUST_00699,Premium,Google Search,4,7,2032.46,0
CUST_00700,Premium,Facebook Ads,22,4,3552.56,0
CUST_00701,Standard,Email Marketing,26,5,468.29,0
CUST_00702,Standard,Google Search,45,0,1708.0,0
CUST_00703,Basic,Email Marketing,37,6,195.95,1
CUST_00704,Standard,Email Marketing,38,0,2248.88,0
CUST_00705,Premium,Google Search,24,0,2395.85,0
CUST_00706,Basic,Facebook Ads,9,6,102.55,0
CUST_00707,Standard,Organic,47,5,3707.51,1
CUST_00708,Basic,Organic,23,5,66.88,0
CUST_00709,Basic,Facebook Ads,13,5,100.74,1
CUST_00710,Standard,Google Search,14,1,3529.07,0
CUST_00711,Premium,Google Search,2,5,3156.07,0
CUST_00712,Premium,Google Search,2,4,3583.66,0
CUST_00713,Premium,Google Search,2,4,3837.78,0
CUST_00714,Standard,Google Search,21,7,2202.82,0
CUST_00715,Standard,Google Search,17,6,3770.48,0
CUST_00716,Premium,Google Search,9,0,2327.05,0
CUST_00717,Premium,Email Marketing,37,3,581.8,0
CUST_00718,Standard,Facebook Ads,29,5,NaN,0
CUST_00719,Basic,Organic,5,1,1094.12,0
CUST_00720,Standard,Facebook Ads,47,0,3002.69,0
CUST_00721,Standard,Google Search,35,3,1520.85,0
CUST_00722,Premium,Facebook Ads,32,6,3216.39,0
CUST_00723,Premium,Facebook Ads,24,7,801.37,0
CUST_00724,Basic,Organic,39,5,166.97,1
CUST_00725,Basic,Facebook Ads,5,7,337.96,1
CUST_00726,Basic,Organic,15,7,348.16,1
CUST_00727,Standard,Facebook Ads,34,0,3038.18,0
CUST_00728,Standard,Organic,16,4,3102.85,0
CUST_00729,Standard,Google Search,33,7,868.71,0
CUST_00730,Basic,Facebook Ads,4,6,294.37,1
CUST_00731,Premium,Email Marketing,18,0,4489.04,0
CUST_00732,Premium,Facebook Ads,21,5,4180.46,0
CUST_00733,Standard,Email Marketing,40,2,2619.25,0
CUST_00734,Standard,Organic,36,6,1286.8,1
CUST_00735,Basic,Facebook Ads,29,4,486.54,0
CUST_00736,Premium,Google Search,30,2,3595.53,0
CUST_00737,Basic,Facebook Ads,32,1,4194.26,0
CUST_00738,Standard,Google Search,30,6,1992.47,0
CUST_00739,Premium,Organic,24,3,2228.39,0
CUST_00740,Basic,Google Search,12,2,492.66,0
CUST_00741,Basic,Google Search,15,2,890.63,0
CUST_00742,Premium,Email Marketing,5,7,3981.34,0
CUST_00743,Premium,Google Search,28,3,2387.82,0
CUST_00744,Premium,Google Search,15,2,705.25,0
CUST_00745,Premium,Organic,38,1,2254.11,0
CUST_00746,Basic,Google Search,13,3,4414.43,0
CUST_00747,Standard,Email Marketing,2,4,189.07,0
CUST_00748,Premium,Facebook Ads,27,2,3484.71,1
CUST_00749,Premium,Email Marketing,37,1,3998.64,0
CUST_00750,Standard,Email Marketing,34,UNKNOWN,312.43,0
CUST_00751,Standard,Google Search,30,2,2107.45,0
CUST_00752,Premium,Email Marketing,8,0,4099.24,0
CUST_00753,Standard,Organic,14,2,1992.2,0
CUST_00754,Basic,Organic,23,4,1527.53,0
CUST_00755,Standard,Email Marketing,47,3,1465.95,0
CUST_00756,Standard,Facebook Ads,44,1,4057.74,0
CUST_00757,Standard,Google Search,2,4,1956.46,0
CUST_00758,Basic,Google Search,17,4,4014.02,0
CUST_00759,Premium,Google Search,30,5,680.2,0
CUST_00760,Basic,Facebook Ads,12,6,391.67,1
CUST_00761,Standard,Organic,28,7,2270.24,0
CUST_00762,Premium,Facebook Ads,23,4,2516.27,1
CUST_00763,Standard,Email Marketing,17,3,4397.72,0
CUST_00764,Basic,Facebook Ads,44,2,436.18,0
CUST_00765,Basic,Facebook Ads,27,0,2314.58,1
CUST_00766,Standard,Facebook Ads,15,4,1123.73,0
CUST_00767,Basic,Organic,36,2,2675.0,0
CUST_00768,Premium,Google Search,8,4,2241.44,0
CUST_00769,Premium,Google Search,44,4,1954.27,0
CUST_00770,Basic,Organic,14,6,335.84,1
CUST_00771,Standard,Organic,14,5,1259.83,0
CUST_00772,Standard,Email Marketing,46,1,578.84,0
CUST_00773,Basic,Google Search,6,2,3835.3,0
CUST_00774,Premium,Organic,41,1,1621.2,0
CUST_00775,Premium,Google Search,22,6,2697.28,0
CUST_00776,Premium,Google Search,7,2,2092.51,0
CUST_00777,Standard,Facebook Ads,46,0,3804.31,0
CUST_00778,Basic,Organic,2,3,3460.82,0
CUST_00779,Basic,Organic,32,6,134.66,1
CUST_00780,Premium,Google Search,1,3,476.05,0
CUST_00781,Premium,Facebook Ads,1,4,1676.54,0
CUST_00782,Standard,Email Marketing,33,7,2780.66,0
CUST_00783,Premium,Facebook Ads,7,6,1812.5,1
CUST_00784,Standard,Facebook Ads,15,2,3711.94,0
CUST_00785,Standard,Facebook Ads,23,1,582.42,0
CUST_00786,Basic,Google Search,4,6,318.17,1
CUST_00787,Basic,Facebook Ads,44,5,222.44,1
CUST_00788,Premium,Google Search,8,4,3483.8,0
CUST_00789,Standard,Google Search,40,7,1211.99,0
CUST_00790,Premium,Email Marketing,6,2,1101.8,0
CUST_00791,Premium,Google Search,38,UNKNOWN,3847.66,0
CUST_00792,Standard,Google Search,37,5,NaN,0
CUST_00793,Premium,Google Search,13,2,4027.65,0
CUST_00794,Basic,Email Marketing,35,1,1604.99,1
CUST_00795,Standard,Organic,8,7,4320.66,0
CUST_00796,Basic,Google Search,28,7,170.76,0
CUST_00797,Standard,Facebook Ads,9,4,400.29,0
CUST_00798,Standard,Organic,14,0,2837.67,0
CUST_00799,Basic,Email Marketing,18,2,553.27,0
CUST_00800,Basic,Email Marketing,28,1,3554.22,0
CUST_00801,Premium,Email Marketing,27,6,2868.5,0
CUST_00802,Standard,Organic,21,4,3240.87,0
CUST_00803,Standard,Google Search,17,UNKNOWN,2280.33,0
CUST_00804,Standard,Organic,10,0,1211.83,0
CUST_00805,Basic,Organic,2,0,2258.55,1
CUST_00806,Standard,Facebook Ads,45,4,870.42,0
CUST_00807,Basic,Google Search,2,7,148.76,1
CUST_00808,Basic,Email Marketing,12,6,160.9,1
CUST_00809,Basic,Facebook Ads,44,3,331.48,0
CUST_00810,Premium,Facebook Ads,10,4,4399.31,0
CUST_00811,Standard,Organic,41,5,2183.94,0
CUST_00812,Premium,Organic,17,4,1110.29,0
CUST_00813,Premium,Email Marketing,47,2,1879.44,0
CUST_00814,Premium,Facebook Ads,36,7,3877.53,0
CUST_00815,Basic,Organic,15,2,3610.72,0
CUST_00816,Basic,Google Search,1,6,81.96,1
CUST_00817,Basic,Email Marketing,30,2,3297.37,0
CUST_00818,Premium,Google Search,24,7,1720.53,0
CUST_00819,Standard,Facebook Ads,24,7,903.98,1
CUST_00820,Standard,Facebook Ads,31,4,3814.04,1
CUST_00821,Basic,Facebook Ads,42,0,2002.13,1
CUST_00822,Premium,Google Search,46,3,621.18,0
CUST_00823,Basic,Google Search,46,1,4247.12,0
CUST_00824,Basic,Organic,28,5,54.62,1
CUST_00825,Standard,Google Search,10,5,2022.45,0
CUST_00826,Basic,Organic,40,5,76.26,1
CUST_00827,Premium,Email Marketing,5,4,2551.14,0
CUST_00828,Standard,Facebook Ads,42,5,970.89,0
CUST_00829,Premium,Google Search,18,1,2001.36,0
CUST_00830,Basic,Email Marketing,32,6,313.56,1
CUST_00831,Standard,Google Search,28,7,739.73,0
CUST_00832,Premium,Organic,45,7,3367.55,0
CUST_00833,Standard,Facebook Ads,11,4,2250.62,0
CUST_00834,Premium,Email Marketing,10,7,4355.44,0
CUST_00835,Standard,Email Marketing,23,UNKNOWN,2223.45,0
CUST_00836,Basic,Email Marketing,16,0,1944.75,0
CUST_00837,Basic,Facebook Ads,16,2,1499.83,0
CUST_00838,Standard,Organic,23,7,2073.57,0
CUST_00839,Basic,Google Search,45,7,108.72,1
CUST_00840,Basic,Organic,13,UNKNOWN,166.06,0
CUST_00841,Basic,Facebook Ads,40,3,4097.87,0
CUST_00842,Basic,Facebook Ads,16,3,1772.44,0
CUST_00843,Standard,Google Search,13,5,2102.98,0
CUST_00844,Standard,Email Marketing,7,3,1392.33,0
CUST_00845,Basic,Facebook Ads,48,4,1147.31,0
CUST_00846,Premium,Email Marketing,47,3,3460.99,0
CUST_00847,Premium,Organic,21,5,332.1,0
CUST_00848,Basic,Email Marketing,34,2,3188.9,0
CUST_00849,Standard,Organic,10,7,2658.47,1
CUST_00850,Premium,Facebook Ads,7,4,215.16,0
CUST_00851,Basic,Facebook Ads,6,6,387.29,1
CUST_00852,Premium,Organic,35,6,395.62,0
CUST_00853,Standard,Facebook Ads,8,1,1809.17,0
CUST_00854,Basic,Organic,14,0,2910.11,0
CUST_00855,Basic,Google Search,47,1,1400.77,1
CUST_00856,Standard,Organic,29,2,346.47,0
CUST_00857,Standard,Email Marketing,27,0,3507.31,0
CUST_00858,Basic,Google Search,24,2,456.8,0
CUST_00859,Premium,Facebook Ads,29,7,764.92,0
CUST_00860,Premium,Email Marketing,19,5,1195.83,1
CUST_00861,Standard,Email Marketing,36,3,1012.8,0
CUST_00862,Standard,Organic,14,6,1964.72,0
CUST_00863,Basic,Organic,20,7,106.89,1
CUST_00864,Basic,Email Marketing,39,0,3722.93,0
CUST_00865,Premium,Google Search,18,2,2934.39,0
CUST_00866,Standard,Organic,23,7,3092.4,0
CUST_00867,Basic,Google Search,37,4,1691.91,0
CUST_00868,Basic,Facebook Ads,13,5,227.54,1
CUST_00869,Premium,Facebook Ads,26,4,3254.18,0
CUST_00870,Basic,Facebook Ads,45,1,1808.35,0
CUST_00871,Standard,Email Marketing,47,1,452.27,0
CUST_00872,Basic,Email Marketing,48,6,109.22,1
CUST_00873,Standard,Facebook Ads,30,1,1792.41,0
CUST_00874,Standard,Google Search,47,6,1221.84,0
CUST_00875,Basic,Facebook Ads,2,4,3849.91,0
CUST_00876,Standard,Organic,16,6,2754.72,0
CUST_00877,Basic,Google Search,28,7,81.62,1
CUST_00878,Premium,Google Search,23,7,3536.93,0
CUST_00879,Basic,Facebook Ads,5,7,278.23,1
CUST_00880,Standard,Google Search,6,4,4363.67,0
CUST_00881,Basic,Facebook Ads,2,7,146.96,1
CUST_00882,Basic,Email Marketing,46,0,3559.49,0
CUST_00883,Standard,Google Search,47,0,NaN,0
CUST_00884,Basic,Facebook Ads,6,7,115.02,1
CUST_00885,Basic,Google Search,44,2,1244.29,0
CUST_00886,Standard,Organic,10,7,2305.27,1
CUST_00887,Standard,Organic,26,7,1608.03,0
CUST_00888,Basic,Google Search,13,5,356.82,0
CUST_00889,Basic,Email Marketing,32,0,3860.03,0
CUST_00890,Basic,Email Marketing,33,0,4144.0,0
CUST_00891,Premium,Organic,5,0,4132.24,0
CUST_00892,Standard,Organic,23,3,3936.37,0
CUST_00893,Basic,Facebook Ads,25,5,271.7,1
CUST_00894,Basic,Facebook Ads,24,1,1828.37,0
CUST_00895,Basic,Organic,30,0,1832.02,0
CUST_00896,Basic,Email Marketing,16,3,1755.56,0
CUST_00897,Premium,Email Marketing,40,0,3696.48,0
CUST_00898,Standard,Facebook Ads,18,3,4387.45,0
CUST_00899,Basic,Organic,19,1,4498.51,0
CUST_00900,Basic,Email Marketing,30,6,395.13,1
CUST_00901,Premium,Google Search,43,7,652.52,0
CUST_00902,Premium,Facebook Ads,36,1,1657.59,0
CUST_00903,Standard,Email Marketing,13,5,1579.11,0
CUST_00904,Premium,Organic,19,6,3551.86,0
CUST_00905,Standard,Organic,33,3,3930.64,0
CUST_00906,Basic,Google Search,47,3,2434.25,0
CUST_00907,Standard,Organic,6,5,2868.37,0
CUST_00908,Standard,Email Marketing,36,0,431.25,0
CUST_00909,Basic,Organic,23,6,235.46,1
CUST_00910,Basic,Email Marketing,7,2,1670.52,0
CUST_00911,Basic,Organic,14,6,93.5,1
CUST_00912,Standard,Organic,32,1,4284.87,0
CUST_00913,Basic,Organic,5,7,282.45,1
CUST_00914,Standard,Email Marketing,40,0,4195.38,0
CUST_00915,Premium,Email Marketing,16,2,1963.15,0
CUST_00916,Basic,Organic,11,1,2837.82,0
CUST_00917,Basic,Organic,3,0,1893.26,0
CUST_00918,Standard,Email Marketing,23,4,3376.66,0
CUST_00919,Premium,Organic,40,2,4064.22,0
CUST_00920,Basic,Google Search,29,4,1562.78,0
CUST_00921,Premium,Facebook Ads,38,2,3869.16,0
CUST_00922,Premium,Organic,25,6,1232.92,0
CUST_00923,Premium,Organic,45,4,4389.06,0
CUST_00924,Basic,Email Marketing,4,2,2768.79,0
CUST_00925,Standard,Facebook Ads,26,0,1603.88,0
CUST_00926,Standard,Google Search,3,2,2560.86,0
CUST_00927,Basic,Email Marketing,7,3,747.57,0
CUST_00928,Standard,Facebook Ads,18,3,251.6,0
CUST_00929,Basic,Google Search,44,7,264.35,0
CUST_00930,Standard,Email Marketing,3,2,4407.64,0
CUST_00931,Premium,Email Marketing,47,5,594.46,0
CUST_00932,Premium,Email Marketing,18,2,1900.96,0
CUST_00933,Premium,Google Search,29,2,408.14,0
CUST_00934,Premium,Organic,25,4,645.93,0
CUST_00935,Basic,Google Search,27,7,376.21,1
CUST_00936,Basic,Facebook Ads,27,5,372.59,1
CUST_00937,Premium,Organic,28,2,3867.75,0
CUST_00938,Standard,Email Marketing,25,1,4085.76,0
CUST_00939,Standard,Organic,23,6,2983.01,0
CUST_00940,Standard,Facebook Ads,8,3,2512.32,0
CUST_00941,Standard,Facebook Ads,24,7,617.31,0
CUST_00942,Premium,Organic,29,3,3967.14,1
CUST_00943,Standard,Email Marketing,23,7,2521.33,0
CUST_00944,Standard,Email Marketing,3,5,2770.15,0
CUST_00945,Standard,Email Marketing,25,5,3085.64,0
CUST_00946,Standard,Email Marketing,32,7,1447.29,0
CUST_00947,Basic,Email Marketing,12,0,937.58,0
CUST_00948,Basic,Email Marketing,44,5,261.5,1
CUST_00949,Standard,Email Marketing,29,4,4071.12,0
CUST_00950,Premium,Facebook Ads,20,4,1525.16,0
CUST_00951,Premium,Google Search,8,1,3731.76,0
CUST_00952,Premium,Google Search,36,7,2019.52,0
CUST_00953,Standard,Google Search,25,6,806.4,0
CUST_00954,Standard,Facebook Ads,10,0,3387.4,0
CUST_00955,Premium,Organic,45,6,4318.92,0
CUST_00956,Standard,Email Marketing,42,6,306.23,0
CUST_00957,Basic,Google Search,40,3,4117.09,0
CUST_00958,Basic,Google Search,41,6,223.56,1
CUST_00959,Standard,Organic,14,3,1192.67,0
CUST_00960,Standard,Google Search,40,1,4279.91,1
CUST_00961,Premium,Google Search,28,3,1110.98,0
CUST_00962,Basic,Organic,25,1,2384.2,0
CUST_00963,Standard,Email Marketing,26,4,2503.68,0
CUST_00964,Basic,Google Search,16,1,4148.89,0
CUST_00965,Premium,Google Search,42,5,3787.9,0
CUST_00966,Premium,Google Search,31,4,1120.65,0
CUST_00967,Standard,Email Marketing,20,6,3814.51,0
CUST_00968,Basic,Facebook Ads,46,3,320.15,0
CUST_00969,Basic,Facebook Ads,18,5,269.1,1
CUST_00970,Standard,Google Search,33,7,2159.86,0
CUST_00971,Basic,Organic,32,3,3803.12,1
CUST_00972,Premium,Organic,44,7,3553.32,0
CUST_00973,Premium,Email Marketing,44,1,1972.13,0
CUST_00974,Basic,Email Marketing,15,1,2840.19,0
CUST_00975,Premium,Facebook Ads,31,4,1173.21,0
CUST_00976,Basic,Facebook Ads,22,5,295.39,1
CUST_00977,Basic,Google Search,26,1,2719.88,1
CUST_00978,Standard,Organic,2,2,661.03,0
CUST_00979,Premium,Organic,18,2,1190.93,0
CUST_00980,Basic,Google Search,4,6,223.44,1
CUST_00981,Standard,Organic,19,7,1385.54,0
CUST_00982,Standard,Organic,15,7,593.0,0
CUST_00983,Premium,Email Marketing,42,0,2023.61,0
CUST_00984,Basic,Facebook Ads,39,3,4205.37,0
CUST_00985,Basic,Email Marketing,1,6,202.57,1
CUST_00986,Premium,Facebook Ads,44,1,2815.79,0
CUST_00987,Standard,Google Search,34,7,4006.71,1
CUST_00988,Standard,Organic,40,1,1266.03,0
CUST_00989,Premium,Facebook Ads,24,2,730.03,0
CUST_00990,Standard,Facebook Ads,26,5,4305.78,0
CUST_00991,Standard,Facebook Ads,23,5,1487.93,0
CUST_00992,Standard,Facebook Ads,27,1,3639.21,0
CUST_00993,Basic,Google Search,7,5,351.47,1
CUST_00994,Basic,Email Marketing,33,1,592.39,0
CUST_00995,Standard,Facebook Ads,4,0,1007.45,0
CUST_00996,Basic,Facebook Ads,24,7,92.54,0
CUST_00997,Premium,Organic,28,7,2275.35,0
CUST_00998,Premium,Google Search,20,4,262.71,0
CUST_00999,Basic,Google Search,19,1,3049.49,0
CUST_01000,Basic,Google Search,5,0,1338.55,0
CUST_01001,Basic,Organic,6,0,3936.42,0
CUST_01002,Basic,Organic,19,7,326.44,1
CUST_01003,Basic,Organic,11,1,2251.37,0
CUST_01004,Basic,Organic,17,4,593.95,0
CUST_01005,Premium,Google Search,29,2,2753.51,0
CUST_01006,Basic,Email Marketing,16,6,192.57,1
CUST_01007,Basic,Organic,17,4,2993.51,0
CUST_01008,Premium,Organic,9,7,NaN,0
CUST_01009,Premium,Email Marketing,26,1,2387.66,0
CUST_01010,Standard,Facebook Ads,16,1,3880.48,1
CUST_01011,Premium,Google Search,23,2,3691.34,0
CUST_01012,Premium,Email Marketing,30,5,1716.84,0
CUST_01013,Basic,Facebook Ads,20,7,135.58,1
CUST_01014,Basic,Email Marketing,23,5,310.97,1
CUST_01015,Premium,Organic,28,2,1970.53,0
CUST_01016,Basic,Facebook Ads,43,5,322.34,1
CUST_01017,Premium,Facebook Ads,43,7,2016.35,0
CUST_01018,Standard,Organic,15,6,3966.83,0
CUST_01019,Basic,Organic,10,2,1044.62,1
CUST_01020,Premium,Email Marketing,22,3,3397.22,0
CUST_01021,Standard,Email Marketing,23,3,411.41,0
CUST_01022,Standard,Organic,3,7,3156.48,1
CUST_01023,Basic,Email Marketing,14,3,2266.27,0
CUST_01024,Basic,Organic,18,0,253.91,0
CUST_01025,Basic,Facebook Ads,46,5,273.33,1
CUST_01026,Basic,Google Search,47,1,4000.66,0
CUST_01027,Basic,Email Marketing,34,4,985.19,0
CUST_01028,Standard,Organic,11,7,3801.46,0
CUST_01029,Standard,Facebook Ads,33,3,2794.73,0
CUST_01030,Standard,Google Search,22,3,4197.29,0
CUST_01031,Premium,Google Search,41,2,3677.9,0
CUST_01032,Standard,Organic,32,1,1606.55,0
CUST_01033,Premium,Organic,41,6,3215.49,0
CUST_01034,Premium,Email Marketing,28,6,2588.08,0
CUST_01035,Premium,Email Marketing,43,0,304.26,0
CUST_01036,Premium,Facebook Ads,13,4,1093.32,0
CUST_01037,Standard,Email Marketing,42,7,4453.61,0
CUST_01038,Basic,Facebook Ads,32,0,1179.05,0
CUST_01039,Basic,Google Search,38,1,168.16,0
CUST_01040,Premium,Google Search,35,7,281.91,0
CUST_01041,Standard,Facebook Ads,38,3,3817.32,0
CUST_01042,Basic,Organic,40,3,499.24,0
CUST_01043,Standard,Facebook Ads,28,2,3846.07,0
CUST_01044,Premium,Google Search,6,0,4211.73,0
CUST_01045,Basic,Email Marketing,6,0,2614.48,0
CUST_01046,Premium,Facebook Ads,31,0,206.21,0
CUST_01047,Premium,Facebook Ads,21,6,4272.74,0
CUST_01048,Premium,Facebook Ads,5,0,3830.82,0
CUST_01049,Premium,Organic,35,0,1348.99,0
CUST_01050,Basic,Google Search,3,4,364.27,0
CUST_01051,Premium,Email Marketing,18,1,1213.55,0
CUST_01052,Basic,Email Marketing,20,1,865.0,0
CUST_01053,Basic,Facebook Ads,9,6,332.63,1
CUST_01054,Premium,Organic,14,5,NaN,0
CUST_01055,Premium,Organic,26,3,926.44,0
CUST_01056,Basic,Organic,9,4,3797.42,0
CUST_01057,Standard,Organic,8,4,154.09,0
CUST_01058,Basic,Organic,40,0,2185.83,0
CUST_01059,Basic,Facebook Ads,22,2,3082.52,0
CUST_01060,Basic,Google Search,39,1,3002.07,0
CUST_01061,Basic,Organic,46,7,247.48,1
CUST_01062,Basic,Google Search,48,3,3648.84,0
CUST_01063,Basic,Email Marketing,8,2,2157.11,1
CUST_01064,Standard,Email Marketing,39,2,3916.75,0
CUST_01065,Basic,Organic,41,4,4470.6,0
CUST_01066,Basic,Facebook Ads,15,6,304.25,1
CUST_01067,Standard,Facebook Ads,22,7,765.34,0
CUST_01068,Standard,Google Search,10,2,4156.84,0
CUST_01069,Basic,Google Search,39,4,1927.24,0
CUST_01070,Premium,Email Marketing,39,7,1579.69,0
CUST_01071,Standard,Facebook Ads,14,6,453.08,0
CUST_01072,Premium,Organic,21,1,4481.24,0
CUST_01073,Standard,Google Search,42,1,1936.03,0
CUST_01074,Basic,Facebook Ads,46,1,2268.59,0
CUST_01075,Premium,Organic,16,6,1820.26,0
CUST_01076,Basic,Email Marketing,17,7,370.7,1
CUST_01077,Standard,Google Search,3,7,3619.37,0
CUST_01078,Basic,Google Search,26,3,1685.15,0
CUST_01079,Standard,Google Search,36,4,639.74,0
CUST_01080,Premium,Email Marketing,36,5,2605.96,1
CUST_01081,Standard,Email Marketing,12,5,1961.52,1
CUST_01082,Basic,Facebook Ads,47,5,307.87,1
CUST_01083,Premium,Google Search,2,1,777.45,0
CUST_01084,Premium,Organic,45,2,1653.25,0
CUST_01085,Standard,Facebook Ads,45,0,4351.03,0
CUST_01086,Standard,Google Search,16,1,2580.88,0
CUST_01087,Standard,Google Search,13,3,2916.37,0
CUST_01088,Basic,Facebook Ads,11,1,1188.52,0
CUST_01089,Standard,Facebook Ads,11,3,2653.0,0
CUST_01090,Standard,Facebook Ads,26,6,3506.23,0
CUST_01091,Premium,Organic,26,2,3577.87,0
CUST_01092,Basic,Organic,15,3,3716.71,0
CUST_01093,Premium,Email Marketing,42,2,1702.77,0
CUST_01094,Premium,Email Marketing,48,5,2175.67,0
CUST_01095,Basic,Email Marketing,38,7,381.43,0
CUST_01096,Basic,Google Search,5,4,3846.5,0
CUST_01097,Premium,Email Marketing,44,6,1613.8,0
CUST_01098,Premium,Facebook Ads,19,5,208.99,0
CUST_01099,Basic,Google Search,1,2,3420.8,0
CUST_01100,Standard,Facebook Ads,11,0,3314.71,0
CUST_01101,Basic,Email Marketing,36,0,3261.14,0
CUST_01102,Premium,Google Search,46,2,178.99,0
CUST_01103,Basic,Organic,11,1,3490.15,0
CUST_01104,Standard,Email Marketing,46,3,3149.5,0
CUST_01105,Premium,Organic,16,7,2774.13,0
CUST_01106,Basic,Facebook Ads,8,0,3874.37,0
CUST_01107,Basic,Facebook Ads,30,4,2961.52,0
CUST_01108,Premium,Email Marketing,37,5,1736.84,0
CUST_01109,Premium,Email Marketing,43,UNKNOWN,4384.85,0
CUST_01110,Basic,Facebook Ads,12,6,63.6,1
CUST_01111,Premium,Facebook Ads,11,0,1663.87,0
CUST_01112,Standard,Google Search,19,3,1079.09,0
CUST_01113,Premium,Organic,5,4,2690.58,0
CUST_01114,Basic,Facebook Ads,34,4,2548.32,0
CUST_01115,Premium,Organic,17,2,1076.4,0
CUST_01116,Premium,Facebook Ads,8,5,3836.01,0
CUST_01117,Premium,Google Search,2,3,1293.32,0
CUST_01118,Basic,Email Marketing,31,5,201.18,1
CUST_01119,Standard,Facebook Ads,8,6,1804.87,0
CUST_01120,Premium,Email Marketing,24,6,3588.59,0
CUST_01121,Premium,Facebook Ads,13,7,341.12,0
CUST_01122,Premium,Facebook Ads,23,1,4191.62,0
CUST_01123,Premium,Google Search,28,1,3639.33,0
CUST_01124,Premium,Google Search,6,3,2916.28,0
CUST_01125,Premium,Organic,20,7,3038.92,0
CUST_01126,Standard,Google Search,26,0,3869.91,0
CUST_01127,Premium,Organic,43,3,2572.63,0
CUST_01128,Standard,Organic,15,2,372.87,0
CUST_01129,Standard,Facebook Ads,3,4,2948.63,0
CUST_01130,Basic,Facebook Ads,2,3,3590.51,1
CUST_01131,Standard,Google Search,16,1,533.88,0
CUST_01132,Standard,Facebook Ads,17,4,1856.85,0
CUST_01133,Basic,Email Marketing,48,0,299.84,0
CUST_01134,Standard,Facebook Ads,9,0,3582.75,0
CUST_01135,Standard,Facebook Ads,16,3,1057.93,0
CUST_01136,Basic,Email Marketing,31,1,3624.6,0
CUST_01137,Standard,Email Marketing,15,7,3938.15,0
CUST_01138,Standard,Google Search,25,6,2989.06,0
CUST_01139,Premium,Facebook Ads,12,2,359.12,0
CUST_01140,Basic,Google Search,46,6,172.52,0
CUST_01141,Premium,Email Marketing,24,1,4436.99,0
CUST_01142,Basic,Organic,33,7,295.32,0
CUST_01143,Premium,Google Search,12,4,3829.82,0
CUST_01144,Standard,Facebook Ads,37,0,NaN,0
CUST_01145,Standard,Facebook Ads,10,5,4219.57,0
CUST_01146,Standard,Facebook Ads,17,5,629.29,0
CUST_01147,Premium,Organic,34,3,1125.58,0
CUST_01148,Basic,Organic,45,1,1682.7,1
CUST_01149,Standard,Facebook Ads,43,4,184.47,1
CUST_01150,Standard,Google Search,48,5,2726.97,1
CUST_01151,Premium,Google Search,4,6,1174.39,0
CUST_01152,Basic,Facebook Ads,30,6,211.17,1
CUST_01153,Premium,Email Marketing,30,6,3786.1,0
CUST_01154,Basic,Google Search,17,1,3090.11,0
CUST_01155,Basic,Organic,14,2,2497.92,0
CUST_01156,Standard,Email Marketing,22,2,1540.63,0
CUST_01157,Basic,Organic,47,4,2366.17,1
CUST_01158,Standard,Facebook Ads,43,5,2540.25,0
CUST_01159,Basic,Email Marketing,8,6,120.46,1
CUST_01160,Basic,Facebook Ads,37,7,52.62,0
CUST_01161,Standard,Email Marketing,33,3,598.33,0
CUST_01162,Basic,Email Marketing,36,4,1805.3,0
CUST_01163,Premium,Email Marketing,13,4,921.17,0
CUST_01164,Basic,Facebook Ads,10,3,2187.25,0
CUST_01165,Premium,Email Marketing,35,6,1985.86,0
CUST_01166,Standard,Facebook Ads,12,3,2487.69,0
CUST_01167,Basic,Facebook Ads,47,3,3410.3,0
CUST_01168,Standard,Email Marketing,18,1,3580.66,0
CUST_01169,Premium,Google Search,14,0,688.79,0
CUST_01170,Premium,Google Search,34,1,1971.11,0
CUST_01171,Standard,Email Marketing,23,1,4248.95,0
CUST_01172,Basic,Organic,37,3,4156.11,0
CUST_01173,Premium,Facebook Ads,18,2,2519.77,0
CUST_01174,Premium,Organic,6,3,1104.46,0
CUST_01175,Standard,Email Marketing,15,7,3705.63,0
CUST_01176,Standard,Facebook Ads,48,5,1777.67,0
CUST_01177,Premium,Google Search,47,5,490.6,0
CUST_01178,Basic,Facebook Ads,25,4,619.36,0
CUST_01179,Basic,Facebook Ads,13,5,328.62,1
CUST_01180,Standard,Organic,41,1,390.34,0
CUST_01181,Premium,Google Search,17,6,604.22,0
CUST_01182,Basic,Google Search,14,4,460.96,0
CUST_01183,Premium,Facebook Ads,6,3,4419.39,0
CUST_01184,Standard,Google Search,3,5,3493.92,0
CUST_01185,Standard,Google Search,44,1,3220.67,0
CUST_01186,Basic,Google Search,23,6,284.43,1
CUST_01187,Premium,Facebook Ads,11,1,3915.05,0
CUST_01188,Standard,Facebook Ads,41,7,1523.22,0
CUST_01189,Basic,Organic,40,1,2561.14,0
CUST_01190,Basic,Organic,30,5,264.39,0
CUST_01191,Basic,Organic,28,7,228.62,1
CUST_01192,Premium,Organic,6,7,1838.23,0
CUST_01193,Basic,Organic,28,3,3321.51,0
CUST_01194,Basic,Google Search,1,0,3927.6,0
CUST_01195,Premium,Email Marketing,12,7,1079.97,0
CUST_01196,Basic,Email Marketing,24,7,239.48,1
CUST_01197,Premium,Google Search,19,1,4178.99,0
CUST_01198,Premium,Facebook Ads,26,2,477.72,1
CUST_01199,Premium,Email Marketing,44,2,2606.46,0
CUST_01200,Standard,Organic,2,UNKNOWN,2415.84,0
CUST_01201,Standard,Facebook Ads,46,1,3614.77,0
CUST_01202,Premium,Facebook Ads,39,3,3401.1,0
CUST_01203,Premium,Organic,14,4,1235.89,0
CUST_01204,Basic,Facebook Ads,36,3,3482.5,1
CUST_01205,Standard,Organic,25,3,1378.37,0
CUST_01206,Premium,Email Marketing,10,2,4215.11,0
CUST_01207,Standard,Google Search,22,3,2567.13,1
CUST_01208,Premium,Google Search,11,7,1361.19,0
CUST_01209,Premium,Facebook Ads,29,1,3539.55,0
CUST_01210,Premium,Facebook Ads,25,0,4470.23,0
CUST_01211,Premium,Facebook Ads,30,6,1072.23,0
CUST_01212,Basic,Email Marketing,2,2,272.48,0
CUST_01213,Standard,Facebook Ads,27,7,3037.05,0
CUST_01214,Premium,Organic,12,7,1521.21,0
CUST_01215,Premium,Organic,32,1,2011.3,0
CUST_01216,Basic,Organic,7,2,1715.04,0
CUST_01217,Premium,Google Search,25,1,2271.13,0
CUST_01218,Standard,Facebook Ads,2,2,3702.0,0
CUST_01219,Premium,Facebook Ads,45,5,1880.85,0
CUST_01220,Basic,Facebook Ads,39,3,2906.02,0
CUST_01221,Standard,Facebook Ads,10,3,804.59,0
CUST_01222,Basic,Email Marketing,15,2,4402.18,0
CUST_01223,Standard,Email Marketing,35,5,1555.08,0
CUST_01224,Premium,Email Marketing,44,3,3687.02,0
CUST_01225,Standard,Organic,28,6,1187.19,0
CUST_01226,Premium,Facebook Ads,36,0,728.21,0
CUST_01227,Standard,Email Marketing,40,3,2626.89,0
CUST_01228,Standard,Email Marketing,40,5,4180.56,1
CUST_01229,Basic,Facebook Ads,40,0,3921.48,0
CUST_01230,Basic,Organic,13,1,394.27,0
CUST_01231,Premium,Google Search,4,7,3011.19,0
CUST_01232,Premium,Organic,19,7,3488.54,0
CUST_01233,Basic,Google Search,16,1,2915.69,0
CUST_01234,Standard,Google Search,39,6,4180.11,0
CUST_01235,Premium,Organic,22,3,3947.37,0
CUST_01236,Basic,Organic,16,7,332.48,1
CUST_01237,Basic,Google Search,23,4,4482.09,0
CUST_01238,Standard,Google Search,28,7,3344.27,0
CUST_01239,Standard,Email Marketing,22,2,936.5,0
CUST_01240,Basic,Organic,8,1,435.29,0
CUST_01241,Basic,Email Marketing,15,6,161.73,1
CUST_01242,Basic,Google Search,42,6,201.46,1
CUST_01243,Premium,Facebook Ads,42,1,2871.09,0
CUST_01244,Premium,Google Search,37,6,3746.09,0
CUST_01245,Basic,Facebook Ads,4,0,1476.15,0
CUST_01246,Basic,Google Search,10,2,3388.25,0
CUST_01247,Premium,Email Marketing,46,3,1307.62,0
CUST_01248,Basic,Google Search,24,3,3094.46,0
CUST_01249,Premium,Facebook Ads,13,4,825.31,0
CUST_01250,Basic,Google Search,13,1,2829.89,0
CUST_01251,Premium,Email Marketing,13,6,474.93,0
CUST_01252,Basic,Facebook Ads,38,1,2590.04,0
CUST_01253,Basic,Facebook Ads,42,3,3080.28,0
CUST_01254,Premium,Organic,4,0,566.18,0
CUST_01255,Premium,Email Marketing,41,4,4189.67,0
CUST_01256,Standard,Email Marketing,38,5,2569.38,0
CUST_01257,Basic,Google Search,41,5,185.02,1
CUST_01258,Standard,Facebook Ads,42,1,1343.47,0
CUST_01259,Standard,Email Marketing,2,2,4304.13,0
CUST_01260,Basic,Email Marketing,33,5,303.55,1
CUST_01261,Standard,Email Marketing,3,0,3873.81,0
CUST_01262,Standard,Email Marketing,18,3,1039.37,0
CUST_01263,Basic,Google Search,4,2,744.51,0
CUST_01264,Basic,Google Search,11,0,2081.65,0
CUST_01265,Standard,Email Marketing,36,7,3333.18,0
CUST_01266,Standard,Organic,37,2,2801.84,0
CUST_01267,Standard,Google Search,10,7,1108.77,0
CUST_01268,Premium,Organic,19,6,2673.41,1
CUST_01269,Standard,Organic,31,3,1568.59,0
CUST_01270,Standard,Facebook Ads,16,7,1743.78,0
CUST_01271,Standard,Google Search,24,6,3471.77,0
CUST_01272,Standard,Facebook Ads,28,4,701.99,0
CUST_01273,Standard,Google Search,26,2,1659.86,0
CUST_01274,Premium,Facebook Ads,24,3,1975.66,0
CUST_01275,Standard,Email Marketing,48,3,1114.75,0
CUST_01276,Standard,Facebook Ads,20,2,3703.7,0
CUST_01277,Basic,Facebook Ads,36,4,1239.65,0
CUST_01278,Premium,Google Search,18,5,1650.68,0
CUST_01279,Basic,Organic,26,6,134.67,0
CUST_01280,Standard,Google Search,27,3,4056.02,0
CUST_01281,Basic,Organic,9,4,4054.57,0
CUST_01282,Premium,Google Search,20,6,3345.72,0
CUST_01283,Basic,Facebook Ads,5,4,1966.62,0
CUST_01284,Premium,Google Search,37,5,2923.35,0
CUST_01285,Basic,Organic,10,6,159.75,1
CUST_01286,Premium,Email Marketing,46,2,3703.22,0
CUST_01287,Premium,Email Marketing,26,7,1008.1,0
CUST_01288,Basic,Organic,28,1,190.83,0
CUST_01289,Basic,Facebook Ads,15,2,682.73,0
CUST_01290,Basic,Facebook Ads,2,1,4072.63,0
CUST_01291,Basic,Organic,22,5,344.12,1
CUST_01292,Basic,Google Search,14,UNKNOWN,3548.76,0
CUST_01293,Premium,Google Search,5,4,379.62,0
CUST_01294,Standard,Facebook Ads,31,4,366.36,0
CUST_01295,Standard,Google Search,46,4,681.95,0
CUST_01296,Basic,Email Marketing,42,7,367.27,1
CUST_01297,Standard,Organic,31,6,1039.67,0
CUST_01298,Standard,Organic,35,5,2429.11,0
CUST_01299,Basic,Email Marketing,12,UNKNOWN,576.48,0
CUST_01300,Standard,Organic,13,1,1267.67,0
CUST_01301,Basic,Organic,29,6,199.14,0
CUST_01302,Basic,Google Search,18,5,339.88,1
CUST_01303,Basic,Facebook Ads,27,0,1485.46,0
CUST_01304,Premium,Email Marketing,13,5,3834.75,0
CUST_01305,Premium,Email Marketing,45,0,2614.73,0
CUST_01306,Basic,Email Marketing,21,4,3205.53,0
CUST_01307,Premium,Google Search,48,2,517.24,0
CUST_01308,Basic,Google Search,10,4,929.68,0
CUST_01309,Standard,Google Search,37,3,1564.95,1
CUST_01310,Premium,Organic,1,1,952.45,0
CUST_01311,Premium,Facebook Ads,35,6,3092.28,0
CUST_01312,Basic,Organic,44,4,3105.09,0
CUST_01313,Standard,Google Search,2,2,1231.03,0
CUST_01314,Premium,Google Search,10,4,2354.99,0
CUST_01315,Premium,Organic,42,1,4172.74,0
CUST_01316,Basic,Google Search,2,1,4001.18,0
CUST_01317,Premium,Organic,3,2,3881.38,0
CUST_01318,Basic,Email Marketing,17,2,479.78,0
CUST_01319,Standard,Google Search,15,5,3988.0,0
CUST_01320,Premium,Facebook Ads,37,3,2206.89,0
CUST_01321,Standard,Google Search,27,3,3343.42,0
CUST_01322,Standard,Google Search,17,7,340.29,0
CUST_01323,Standard,Facebook Ads,30,7,2521.75,0
CUST_01324,Standard,Organic,35,6,4354.89,0
CUST_01325,Standard,Facebook Ads,45,4,955.45,0
CUST_01326,Standard,Email Marketing,24,1,1516.85,0
CUST_01327,Basic,Facebook Ads,41,3,1626.8,0
CUST_01328,Standard,Google Search,23,6,4470.3,0
CUST_01329,Standard,Organic,3,3,4122.27,0
CUST_01330,Basic,Google Search,28,6,117.11,1
CUST_01331,Standard,Organic,47,3,1636.07,0
CUST_01332,Standard,Organic,28,4,1982.1,0
CUST_01333,Premium,Google Search,39,0,888.79,0
CUST_01334,Basic,Google Search,22,0,1240.22,0
CUST_01335,Premium,Organic,19,4,3176.29,0
CUST_01336,Standard,Facebook Ads,44,3,807.82,0
CUST_01337,Premium,Email Marketing,3,5,1230.86,0
CUST_01338,Standard,Email Marketing,43,7,3876.56,0
CUST_01339,Standard,Google Search,46,4,3608.28,0
CUST_01340,Standard,Organic,15,1,2509.43,0
CUST_01341,Basic,Facebook Ads,20,0,2417.77,0
CUST_01342,Basic,Facebook Ads,41,3,3806.37,0
CUST_01343,Basic,Facebook Ads,10,3,276.32,1
CUST_01344,Basic,Facebook Ads,9,1,1783.18,0
CUST_01345,Standard,Organic,17,6,358.52,0
CUST_01346,Premium,Email Marketing,25,6,3832.27,0
CUST_01347,Standard,Google Search,10,2,1976.58,0
CUST_01348,Standard,Email Marketing,45,2,353.72,0
CUST_01349,Basic,Email Marketing,34,3,3784.31,0
CUST_01350,Basic,Organic,32,5,52.38,0
CUST_01351,Premium,Organic,14,3,4024.63,0
CUST_01352,Standard,Organic,28,7,1710.57,0
CUST_01353,Basic,Email Marketing,1,6,216.89,1
CUST_01354,Basic,Email Marketing,42,6,293.17,1
CUST_01355,Basic,Google Search,29,2,3618.24,1
CUST_01356,Premium,Organic,16,6,NaN,0
CUST_01357,Premium,Facebook Ads,25,0,3174.72,0
CUST_01358,Standard,Organic,9,6,1494.63,0
CUST_01359,Standard,Organic,47,4,2233.68,0
CUST_01360,Basic,Google Search,15,3,NaN,0
CUST_01361,Premium,Facebook Ads,30,1,1681.51,0
CUST_01362,Basic,Facebook Ads,24,4,3020.86,0
CUST_01363,Premium,Organic,43,4,3579.82,0
CUST_01364,Basic,Email Marketing,45,3,2695.22,0
CUST_01365,Basic,Email Marketing,16,3,2865.52,0
CUST_01366,Basic,Organic,14,3,1125.2,0
CUST_01367,Premium,Organic,41,5,2475.77,0
CUST_01368,Standard,Email Marketing,37,3,3371.45,0
CUST_01369,Basic,Organic,43,5,NaN,1
CUST_01370,Basic,Google Search,5,4,2268.83,0
CUST_01371,Basic,Google Search,5,0,1420.53,0
CUST_01372,Standard,Google Search,43,UNKNOWN,2073.46,0
CUST_01373,Premium,Google Search,5,5,3716.11,0
CUST_01374,Standard,Organic,32,3,2899.56,0
CUST_01375,Premium,Email Marketing,43,4,2429.64,0
CUST_01376,Premium,Email Marketing,46,6,4189.82,0
CUST_01377,Standard,Email Marketing,26,3,917.92,0
CUST_01378,Premium,Facebook Ads,45,2,3311.35,0
CUST_01379,Basic,Facebook Ads,12,3,630.38,0
CUST_01380,Premium,Email Marketing,4,5,2106.5,1
CUST_01381,Standard,Google Search,19,7,2838.42,0
CUST_01382,Basic,Google Search,48,2,4409.66,0
CUST_01383,Standard,Email Marketing,11,4,385.89,0
CUST_01384,Basic,Email Marketing,2,6,126.69,1
CUST_01385,Standard,Email Marketing,47,0,4213.76,0
CUST_01386,Premium,Google Search,37,7,1731.37,0
CUST_01387,Premium,Email Marketing,25,4,715.13,0
CUST_01388,Basic,Organic,9,1,1795.58,0
CUST_01389,Premium,Email Marketing,42,2,4248.08,0
CUST_01390,Premium,Google Search,37,7,1100.5,0
CUST_01391,Standard,Facebook Ads,31,0,2795.02,0
CUST_01392,Basic,Organic,45,5,75.84,0
CUST_01393,Standard,Google Search,45,7,2280.46,0
CUST_01394,Basic,Organic,23,2,3718.93,0
CUST_01395,Standard,Facebook Ads,31,1,2400.59,0
CUST_01396,Standard,Facebook Ads,33,5,3054.41,0
CUST_01397,Premium,Organic,11,1,606.81,0
CUST_01398,Basic,Email Marketing,5,7,123.28,1
CUST_01399,Basic,Organic,7,7,228.57,1
CUST_01400,Premium,Google Search,9,1,4331.15,0
CUST_01401,Premium,Email Marketing,16,5,3954.17,0
CUST_01402,Standard,Facebook Ads,9,2,4222.57,0
CUST_01403,Premium,Email Marketing,22,0,2014.38,0
CUST_01404,Standard,Google Search,29,4,3553.36,1
CUST_01405,Basic,Organic,39,5,274.47,1
CUST_01406,Premium,Facebook Ads,41,1,1450.97,0
CUST_01407,Premium,Email Marketing,23,6,4344.62,0
CUST_01408,Premium,Google Search,11,5,2613.42,0
CUST_01409,Standard,Organic,12,0,1550.55,0
CUST_01410,Basic,Email Marketing,8,4,4246.66,0
CUST_01411,Premium,Organic,15,2,1569.04,0
CUST_01412,Standard,Organic,2,2,2680.46,0
CUST_01413,Basic,Organic,12,3,2217.4,0
CUST_01414,Standard,Email Marketing,46,7,3055.09,0
CUST_01415,Standard,Email Marketing,40,3,1478.61,0
CUST_01416,Basic,Facebook Ads,22,0,1165.46,0
CUST_01417,Premium,Email Marketing,15,1,3508.57,0
CUST_01418,Standard,Google Search,39,1,1402.91,1
CUST_01419,Premium,Organic,15,5,292.08,0
CUST_01420,Standard,Organic,19,7,4245.2,0
CUST_01421,Standard,Email Marketing,33,5,3153.12,0
CUST_01422,Premium,Facebook Ads,35,2,2511.55,0
CUST_01423,Premium,Email Marketing,10,6,1026.09,0
CUST_01424,Basic,Email Marketing,47,0,2714.14,0
CUST_01425,Premium,Organic,43,1,4134.47,0
CUST_01426,Premium,Google Search,14,0,2015.43,0
CUST_01427,Basic,Email Marketing,6,7,175.1,1
CUST_01428,Basic,Facebook Ads,5,1,4011.36,0
CUST_01429,Basic,Google Search,15,2,1230.85,0
CUST_01430,Standard,Facebook Ads,5,5,2559.25,0
CUST_01431,Standard,Email Marketing,38,1,3306.9,0
CUST_01432,Standard,Google Search,40,7,2611.93,0
CUST_01433,Standard,Organic,26,1,3266.93,0
CUST_01434,Premium,Google Search,33,0,907.85,0
CUST_01435,Standard,Organic,17,3,2687.16,0
CUST_01436,Premium,Google Search,31,6,2548.92,0
CUST_01437,Standard,Email Marketing,30,3,1645.25,0
CUST_01438,Premium,Organic,40,0,4038.66,0
CUST_01439,Standard,Facebook Ads,34,7,4103.0,0
CUST_01440,Basic,Facebook Ads,40,6,143.86,1
CUST_01441,Basic,Email Marketing,10,1,2985.32,0
CUST_01442,Standard,Organic,44,7,328.86,0
CUST_01443,Premium,Organic,43,5,2007.48,1
CUST_01444,Premium,Google Search,9,2,1854.82,0
CUST_01445,Premium,Email Marketing,22,4,4323.03,0
CUST_01446,Premium,Google Search,13,6,3057.55,0
CUST_01447,Basic,Email Marketing,30,3,2249.25,0
CUST_01448,Standard,Email Marketing,3,4,2991.12,0
CUST_01449,Standard,Google Search,35,5,2133.32,0
CUST_01450,Premium,Facebook Ads,28,1,621.16,0
CUST_01451,Basic,Organic,21,5,51.59,1
CUST_01452,Premium,Email Marketing,45,0,1357.85,0
CUST_01453,Premium,Google Search,4,3,946.81,0
CUST_01454,Standard,Facebook Ads,25,6,813.6,0
CUST_01455,Premium,Google Search,37,3,3531.57,0
CUST_01456,Basic,Facebook Ads,42,6,153.18,1
CUST_01457,Basic,Facebook Ads,45,7,252.61,1
CUST_01458,Premium,Organic,33,1,2038.47,0
CUST_01459,Standard,Facebook Ads,41,1,2507.19,0
CUST_01460,Premium,Organic,32,3,231.8,1
CUST_01461,Standard,Email Marketing,29,0,1990.78,0
CUST_01462,Premium,Email Marketing,10,6,4292.92,0
CUST_01463,Premium,Google Search,28,6,2316.22,0
CUST_01464,Premium,Facebook Ads,42,6,1607.06,0
CUST_01465,Standard,Organic,27,5,1663.76,1
CUST_01466,Premium,Google Search,20,7,4382.01,0
CUST_01467,Basic,Email Marketing,7,1,383.18,0
CUST_01468,Basic,Google Search,38,4,2101.15,0
CUST_01469,Basic,Google Search,11,6,271.65,1
CUST_01470,Standard,Organic,34,7,2545.13,0
CUST_01471,Basic,Email Marketing,8,2,1214.06,0
CUST_01472,Standard,Email Marketing,48,2,1523.79,0
CUST_01473,Premium,Email Marketing,46,4,2949.29,0
CUST_01474,Premium,Google Search,42,1,2798.7,0
CUST_01475,Basic,Google Search,31,7,371.92,0
CUST_01476,Basic,Facebook Ads,34,1,2006.55,0
CUST_01477,Basic,Email Marketing,6,3,4010.12,0
CUST_01478,Standard,Organic,16,0,1065.59,0
CUST_01479,Standard,Facebook Ads,8,2,1919.61,0
CUST_01480,Standard,Organic,10,3,432.13,1
CUST_01481,Basic,Email Marketing,39,7,194.17,1
CUST_01482,Standard,Google Search,21,0,4115.65,0
CUST_01483,Basic,Facebook Ads,34,6,175.07,1
CUST_01484,Premium,Organic,27,0,NaN,0
CUST_01485,Standard,Organic,10,1,3282.42,0
CUST_01486,Premium,Email Marketing,45,3,2679.83,0
CUST_01487,Standard,Facebook Ads,21,2,265.89,0
CUST_01488,Premium,Email Marketing,23,6,1914.82,0
CUST_01489,Standard,Email Marketing,39,3,3819.76,0
CUST_01490,Standard,Email Marketing,16,6,903.3,0
CUST_01491,Standard,Email Marketing,17,0,1206.81,0
CUST_01492,Basic,Google Search,45,1,673.3,0
CUST_01493,Premium,Google Search,33,0,875.23,0
CUST_01494,Standard,Google Search,37,6,2142.76,0
CUST_01495,Basic,Organic,30,4,859.41,0
CUST_01496,Standard,Facebook Ads,32,6,721.08,0
CUST_01497,Basic,Google Search,20,0,2517.7,1
CUST_01498,Standard,Google Search,37,1,3261.14,0
CUST_01499,Basic,Organic,27,6,231.08,1
CUST_01500,Basic,Email Marketing,36,1,3641.86,0
CUST_01501,Premium,Facebook Ads,4,1,3480.43,0
CUST_01502,Standard,Google Search,18,4,2968.9,1
CUST_01503,Premium,Google Search,29,1,1215.07,0
CUST_01504,Basic,Google Search,46,3,2516.3,0
CUST_01505,Standard,Organic,43,5,2426.48,0
CUST_01506,Premium,Organic,34,7,3533.79,0
CUST_01507,Premium,Facebook Ads,22,3,1986.06,0
CUST_01508,Basic,Facebook Ads,36,3,1163.42,0
CUST_01509,Basic,Google Search,38,3,1191.17,0
CUST_01510,Basic,Facebook Ads,17,7,206.5,1
CUST_01511,Premium,Facebook Ads,14,6,1859.11,0
CUST_01512,Basic,Facebook Ads,21,2,1652.55,0
CUST_01513,Basic,Organic,16,6,275.92,1
CUST_01514,Premium,Organic,31,7,1896.8,0
CUST_01515,Standard,Facebook Ads,4,5,1137.55,0
CUST_01516,Premium,Google Search,42,2,3861.71,1
CUST_01517,Premium,Google Search,37,3,1637.33,0
CUST_01518,Premium,Email Marketing,9,1,1221.78,0
CUST_01519,Basic,Facebook Ads,26,3,4011.16,0
CUST_01520,Premium,Facebook Ads,13,3,344.91,0
CUST_01521,Premium,Organic,23,3,513.88,0
CUST_01522,Basic,Facebook Ads,34,2,2112.1,0
CUST_01523,Standard,Email Marketing,37,1,593.75,0
CUST_01524,Standard,Organic,21,4,4417.04,0
CUST_01525,Standard,Email Marketing,30,7,1055.36,0
CUST_01526,Basic,Email Marketing,12,4,3253.1,1
CUST_01527,Standard,Google Search,44,3,2695.27,0
CUST_01528,Premium,Email Marketing,23,5,1921.13,0
CUST_01529,Premium,Email Marketing,18,7,682.32,0
CUST_01530,Premium,Email Marketing,39,2,3434.39,0
CUST_01531,Standard,Organic,10,4,836.8,1
CUST_01532,Premium,Organic,19,4,2223.4,0
CUST_01533,Standard,Email Marketing,47,3,305.53,0
CUST_01534,Premium,Facebook Ads,47,3,1399.98,1
CUST_01535,Basic,Facebook Ads,43,3,4219.76,0
CUST_01536,Basic,Facebook Ads,12,1,680.28,0
CUST_01537,Premium,Email Marketing,34,4,3945.42,0
CUST_01538,Premium,Facebook Ads,36,1,1725.89,1
CUST_01539,Premium,Google Search,30,6,4141.53,0
CUST_01540,Basic,Email Marketing,43,UNKNOWN,2968.53,0
CUST_01541,Basic,Google Search,9,7,141.24,1
CUST_01542,Basic,Google Search,7,6,354.24,1
CUST_01543,Premium,Email Marketing,21,1,679.36,0
CUST_01544,Standard,Organic,4,4,2547.96,0
CUST_01545,Basic,Google Search,21,5,359.5,1
CUST_01546,Premium,Organic,30,6,4092.7,0
CUST_01547,Premium,Organic,6,5,3597.95,1
CUST_01548,Basic,Facebook Ads,19,5,298.42,1
CUST_01549,Standard,Email Marketing,31,0,4060.9,0
CUST_01550,Premium,Facebook Ads,6,5,4102.23,0
CUST_01551,Premium,Google Search,18,6,693.94,0
CUST_01552,Premium,Organic,29,2,3213.76,0
CUST_01553,Premium,Google Search,45,2,3275.65,0
CUST_01554,Premium,Organic,10,7,3665.76,0
CUST_01555,Basic,Google Search,37,7,359.66,1
CUST_01556,Standard,Google Search,17,0,796.14,0
CUST_01557,Standard,Organic,40,5,2141.64,0
CUST_01558,Standard,Facebook Ads,37,2,3114.34,0
CUST_01559,Standard,Organic,43,1,4269.85,0
CUST_01560,Standard,Email Marketing,46,1,325.43,0
CUST_01561,Basic,Email Marketing,27,1,3128.97,0
CUST_01562,Standard,Organic,19,6,3579.15,0
CUST_01563,Basic,Organic,46,5,380.41,1
CUST_01564,Basic,Organic,23,0,3640.76,0
CUST_01565,Basic,Facebook Ads,41,2,492.49,0
CUST_01566,Standard,Organic,2,3,2602.35,0
CUST_01567,Basic,Facebook Ads,29,4,4377.1,0
CUST_01568,Standard,Facebook Ads,21,2,212.02,0
CUST_01569,Premium,Email Marketing,35,4,1979.83,0
CUST_01570,Standard,Facebook Ads,31,2,367.9,0
CUST_01571,Premium,Organic,1,2,3714.01,0
CUST_01572,Basic,Organic,6,4,4388.0,0
CUST_01573,Basic,Google Search,30,5,371.0,1
CUST_01574,Standard,Organic,5,6,3774.29,0
CUST_01575,Standard,Facebook Ads,18,2,344.59,0
CUST_01576,Premium,Google Search,48,5,1898.73,0
CUST_01577,Premium,Organic,44,7,3839.56,0
CUST_01578,Premium,Email Marketing,39,6,3382.39,0
CUST_01579,Basic,Facebook Ads,25,6,67.28,1
CUST_01580,Standard,Organic,19,6,3568.73,0
CUST_01581,Premium,Organic,35,2,1234.34,0
CUST_01582,Premium,Facebook Ads,29,3,897.55,0
CUST_01583,Standard,Email Marketing,38,7,656.02,1
CUST_01584,Premium,Facebook Ads,37,5,3755.48,0
CUST_01585,Standard,Email Marketing,43,0,3903.51,0
CUST_01586,Standard,Email Marketing,29,5,3348.16,0
CUST_01587,Basic,Google Search,4,5,247.11,1
CUST_01588,Standard,Facebook Ads,6,4,2960.12,0
CUST_01589,Premium,Organic,22,6,1241.29,0
CUST_01590,Basic,Organic,15,2,386.14,0
CUST_01591,Basic,Facebook Ads,47,6,389.88,1
CUST_01592,Premium,Organic,2,3,2328.99,0
CUST_01593,Basic,Facebook Ads,26,0,2726.32,0
CUST_01594,Standard,Google Search,44,4,1957.78,0
CUST_01595,Basic,Facebook Ads,44,2,2122.51,0
CUST_01596,Basic,Google Search,42,2,4241.0,0
CUST_01597,Premium,Organic,45,2,1440.71,0
CUST_01598,Premium,Email Marketing,26,7,3922.45,0
CUST_01599,Premium,Organic,47,2,4268.14,0
CUST_01600,Premium,Email Marketing,7,2,3173.1,0
CUST_01601,Standard,Facebook Ads,27,1,2361.5,0
CUST_01602,Standard,Organic,21,5,2134.52,0
CUST_01603,Premium,Organic,15,7,1629.29,0
CUST_01604,Premium,Facebook Ads,8,5,899.3,0
CUST_01605,Standard,Organic,46,7,3101.45,1
CUST_01606,Basic,Email Marketing,19,1,904.13,0
CUST_01607,Premium,Email Marketing,28,1,3578.61,0
CUST_01608,Standard,Email Marketing,23,2,2135.77,0
CUST_01609,Basic,Facebook Ads,11,0,2724.89,0
CUST_01610,Standard,Organic,43,2,2949.19,0
CUST_01611,Premium,Organic,2,3,370.3,0
CUST_01612,Premium,Organic,30,6,2895.62,0
CUST_01613,Premium,Organic,40,5,3206.66,0
CUST_01614,Standard,Email Marketing,24,2,2898.11,0
CUST_01615,Premium,Organic,25,1,2226.88,0
CUST_01616,Premium,Google Search,13,7,895.88,0
CUST_01617,Standard,Facebook Ads,3,5,2725.2,0
CUST_01618,Basic,Organic,8,6,83.38,1
CUST_01619,Basic,Organic,20,2,1272.93,0
CUST_01620,Standard,Facebook Ads,13,0,985.27,0
CUST_01621,Standard,Organic,8,1,3768.04,0
CUST_01622,Premium,Email Marketing,41,7,2791.06,0
CUST_01623,Premium,Google Search,1,6,4334.89,0
CUST_01624,Basic,Facebook Ads,17,3,1783.06,1
CUST_01625,Basic,Email Marketing,31,6,NaN,1
CUST_01626,Basic,Email Marketing,5,3,2507.83,0
CUST_01627,Basic,Google Search,4,5,107.27,0
CUST_01628,Premium,Email Marketing,35,7,1397.09,0
CUST_01629,Premium,Email Marketing,4,1,167.28,1
CUST_01630,Premium,Google Search,13,1,3767.41,0
CUST_01631,Basic,Google Search,25,3,3583.98,0
CUST_01632,Premium,Facebook Ads,30,7,1600.33,0
CUST_01633,Basic,Google Search,35,3,2908.36,0
CUST_01634,Basic,Email Marketing,24,5,78.05,1
CUST_01635,Standard,Google Search,8,2,639.19,0
CUST_01636,Standard,Email Marketing,48,2,658.15,1
CUST_01637,Premium,Google Search,25,6,2960.95,0
CUST_01638,Premium,Facebook Ads,35,7,529.78,0
CUST_01639,Standard,Google Search,2,0,986.66,0
CUST_01640,Standard,Email Marketing,25,2,1288.38,0
CUST_01641,Basic,Organic,43,5,293.96,1
CUST_01642,Premium,Facebook Ads,15,7,3492.73,0
CUST_01643,Premium,Facebook Ads,24,6,2242.18,0
CUST_01644,Standard,Google Search,23,3,2767.36,0
CUST_01645,Basic,Email Marketing,48,7,180.32,1
CUST_01646,Standard,Google Search,14,0,1599.39,0
CUST_01647,Basic,Organic,29,6,192.7,1
CUST_01648,Basic,Google Search,15,0,825.79,0
CUST_01649,Standard,Organic,45,6,772.61,0
CUST_01650,Standard,Facebook Ads,41,7,1180.43,0
CUST_01651,Premium,Google Search,30,3,568.55,0
CUST_01652,Basic,Google Search,14,1,4195.9,0
CUST_01653,Standard,Facebook Ads,8,1,2024.05,0
CUST_01654,Premium,Email Marketing,22,7,3069.97,0
CUST_01655,Standard,Email Marketing,8,0,416.97,1
CUST_01656,Premium,Facebook Ads,44,6,3669.58,0
CUST_01657,Premium,Organic,30,6,1429.63,0
CUST_01658,Basic,Facebook Ads,26,6,53.05,1
CUST_01659,Basic,Email Marketing,15,0,4384.44,0
CUST_01660,Standard,Organic,13,4,2716.66,0
CUST_01661,Standard,Organic,22,6,NaN,0
CUST_01662,Premium,Google Search,16,2,3157.01,0
CUST_01663,Standard,Facebook Ads,6,7,836.04,0
CUST_01664,Basic,Facebook Ads,31,7,344.78,0
CUST_01665,Standard,Email Marketing,36,3,3670.11,0
CUST_01666,Standard,Email Marketing,6,6,3673.87,0
CUST_01667,Basic,Organic,23,0,792.66,0
CUST_01668,Premium,Google Search,10,6,1292.24,0
CUST_01669,Basic,Organic,19,5,105.51,1
CUST_01670,Basic,Facebook Ads,31,3,3722.82,1
CUST_01671,Standard,Email Marketing,36,3,3923.03,0
CUST_01672,Standard,Organic,48,2,591.45,0
CUST_01673,Basic,Email Marketing,30,2,936.34,0
CUST_01674,Premium,Email Marketing,29,2,773.16,0
CUST_01675,Premium,Email Marketing,17,7,4385.63,0
CUST_01676,Standard,Email Marketing,40,0,3143.55,0
CUST_01677,Standard,Email Marketing,4,3,321.06,0
CUST_01678,Basic,Facebook Ads,24,1,2497.68,0
CUST_01679,Premium,Facebook Ads,31,7,1201.3,0
CUST_01680,Basic,Google Search,10,3,2761.91,0
CUST_01681,Premium,Facebook Ads,45,3,3468.29,0
CUST_01682,Standard,Google Search,42,3,3928.36,0
CUST_01683,Standard,Organic,35,0,3246.75,0
CUST_01684,Standard,Organic,44,6,1963.61,0
CUST_01685,Premium,Google Search,47,5,2767.56,0
CUST_01686,Premium,Organic,9,7,4480.46,0
CUST_01687,Standard,Organic,38,1,4185.41,0
CUST_01688,Premium,Organic,40,7,2858.66,0
CUST_01689,Basic,Google Search,8,5,129.44,1
CUST_01690,Standard,Facebook Ads,4,4,3089.94,0
CUST_01691,Standard,Google Search,6,5,1798.04,0
CUST_01692,Basic,Google Search,21,3,2527.53,0
CUST_01693,Standard,Email Marketing,32,3,529.36,1
CUST_01694,Basic,Email Marketing,40,5,NaN,1
CUST_01695,Premium,Organic,12,UNKNOWN,NaN,0
CUST_01696,Standard,Email Marketing,28,7,573.87,0
CUST_01697,Premium,Google Search,38,0,730.8,0
CUST_01698,Basic,Google Search,2,0,2435.48,0
CUST_01699,Premium,Email Marketing,19,3,4050.05,0
CUST_01700,Premium,Email Marketing,1,7,3598.51,0
CUST_01701,Basic,Google Search,22,1,4487.24,0
CUST_01702,Standard,Facebook Ads,16,7,3840.13,1
CUST_01703,Standard,Facebook Ads,7,4,4395.92,0
CUST_01704,Premium,Email Marketing,21,2,210.48,0
CUST_01705,Standard,Google Search,36,5,2095.45,0
CUST_01706,Standard,Email Marketing,4,2,3452.78,1
CUST_01707,Standard,Email Marketing,15,5,2898.55,0
CUST_01708,Premium,Google Search,26,1,1508.47,0
CUST_01709,Standard,Organic,43,0,3853.03,0
CUST_01710,Standard,Email Marketing,18,5,398.06,0
CUST_01711,Standard,Facebook Ads,39,6,3324.47,0
CUST_01712,Standard,Organic,22,2,795.33,0
CUST_01713,Basic,Email Marketing,27,1,1968.89,0
CUST_01714,Standard,Email Marketing,9,0,2617.61,0
CUST_01715,Premium,Google Search,27,2,1868.14,0
CUST_01716,Premium,Facebook Ads,17,3,2588.14,0
CUST_01717,Standard,Google Search,37,4,1809.92,0
CUST_01718,Basic,Email Marketing,28,7,73.36,0
CUST_01719,Standard,Facebook Ads,33,2,2686.97,0
CUST_01720,Basic,Facebook Ads,8,6,105.42,1
CUST_01721,Premium,Facebook Ads,27,1,2036.66,0
CUST_01722,Premium,Facebook Ads,23,1,1406.8,0
CUST_01723,Standard,Organic,35,1,1616.93,0
CUST_01724,Premium,Email Marketing,16,0,2778.25,1
CUST_01725,Standard,Google Search,12,4,4265.56,0
CUST_01726,Standard,Email Marketing,20,1,3568.32,0
CUST_01727,Standard,Facebook Ads,36,0,1324.94,0
CUST_01728,Standard,Organic,41,7,2458.86,0
CUST_01729,Basic,Organic,48,0,3473.53,0
CUST_01730,Basic,Google Search,29,7,62.27,1
CUST_01731,Premium,Organic,29,3,3388.77,1
CUST_01732,Premium,Facebook Ads,39,3,459.22,0
CUST_01733,Basic,Facebook Ads,35,3,2543.9,0
CUST_01734,Premium,Organic,4,5,1163.82,0
CUST_01735,Premium,Organic,7,4,3609.04,0
CUST_01736,Basic,Organic,42,5,129.42,1
CUST_01737,Basic,Facebook Ads,14,5,250.72,1
CUST_01738,Premium,Facebook Ads,22,2,2679.0,0
CUST_01739,Basic,Organic,14,7,397.22,1
CUST_01740,Premium,Facebook Ads,43,3,1052.31,0
CUST_01741,Basic,Organic,24,6,302.67,1
CUST_01742,Premium,Organic,4,6,NaN,1
CUST_01743,Basic,Facebook Ads,11,1,3471.41,0
CUST_01744,Standard,Google Search,18,4,806.95,0
CUST_01745,Basic,Google Search,13,5,234.71,1
CUST_01746,Basic,Google Search,2,0,1848.08,0
CUST_01747,Standard,Facebook Ads,31,7,755.25,0
CUST_01748,Basic,Organic,14,2,3596.08,0
CUST_01749,Premium,Google Search,4,6,651.68,0
CUST_01750,Basic,Facebook Ads,47,4,407.84,0
CUST_01751,Premium,Facebook Ads,7,1,4417.88,0
CUST_01752,Premium,Google Search,47,3,1704.75,0
CUST_01753,Premium,Facebook Ads,7,5,3185.69,0
CUST_01754,Standard,Google Search,36,0,3392.88,0
CUST_01755,Standard,Facebook Ads,48,3,1585.57,1
CUST_01756,Basic,Organic,41,0,1993.16,0
CUST_01757,Basic,Google Search,18,7,73.99,1
CUST_01758,Basic,Email Marketing,1,UNKNOWN,83.49,1
CUST_01759,Standard,Google Search,34,0,3454.14,0
CUST_01760,Basic,Facebook Ads,16,1,1017.09,1
CUST_01761,Standard,Organic,2,5,2155.09,0
CUST_01762,Premium,Organic,48,6,2826.55,0
CUST_01763,Premium,Email Marketing,47,1,1092.21,0
CUST_01764,Premium,Organic,38,2,330.25,0
CUST_01765,Basic,Facebook Ads,29,6,NaN,1
CUST_01766,Basic,Facebook Ads,28,5,202.05,1
CUST_01767,Basic,Google Search,9,3,3528.9,0
CUST_01768,Premium,Facebook Ads,37,7,3273.29,0
CUST_01769,Premium,Google Search,1,6,379.22,0
CUST_01770,Premium,Facebook Ads,6,0,1262.1,0
CUST_01771,Standard,Email Marketing,37,1,1830.16,0
CUST_01772,Premium,Organic,25,0,632.59,0
CUST_01773,Premium,Email Marketing,4,3,3800.86,0
CUST_01774,Premium,Organic,46,5,4482.63,0
CUST_01775,Basic,Email Marketing,40,7,201.86,1
CUST_01776,Basic,Email Marketing,3,5,62.68,1
CUST_01777,Basic,Organic,21,6,246.56,1
CUST_01778,Standard,Google Search,14,7,310.29,0
CUST_01779,Premium,Google Search,10,4,2427.37,0
CUST_01780,Premium,Google Search,21,2,1485.95,0
CUST_01781,Premium,Google Search,18,6,394.3,0
CUST_01782,Standard,Email Marketing,37,1,2645.09,0
CUST_01783,Premium,Google Search,14,2,1806.15,0
CUST_01784,Basic,Organic,33,0,567.09,0
CUST_01785,Standard,Organic,2,4,3658.75,0
CUST_01786,Standard,Google Search,39,2,1532.05,0
CUST_01787,Basic,Facebook Ads,10,6,144.64,0
CUST_01788,Standard,Organic,28,0,1235.06,0
CUST_01789,Basic,Google Search,4,5,293.43,1
CUST_01790,Basic,Facebook Ads,38,6,248.4,0
CUST_01791,Basic,Facebook Ads,11,3,1806.65,0
CUST_01792,Basic,Email Marketing,4,3,4142.49,0
CUST_01793,Premium,Organic,2,5,186.2,0
CUST_01794,Basic,Google Search,2,4,3004.54,0
CUST_01795,Standard,Google Search,2,6,4284.05,0
CUST_01796,Premium,Facebook Ads,7,2,3194.94,0
CUST_01797,Premium,Google Search,18,0,4316.84,0
CUST_01798,Standard,Organic,36,3,2386.33,0
CUST_01799,Basic,Email Marketing,12,1,1361.13,0
CUST_01800,Basic,Facebook Ads,38,3,2926.83,0
CUST_01801,Standard,Facebook Ads,26,1,165.05,0
CUST_01802,Basic,Email Marketing,23,6,137.77,1
CUST_01803,Basic,Google Search,15,2,703.1,1
CUST_01804,Standard,Facebook Ads,30,0,979.98,0
CUST_01805,Premium,Email Marketing,36,6,3462.44,0
CUST_01806,Standard,Organic,33,2,3379.77,0
CUST_01807,Premium,Organic,17,3,386.06,0
CUST_01808,Premium,Email Marketing,2,4,4136.12,0
CUST_01809,Standard,Google Search,10,3,2530.12,0
CUST_01810,Premium,Email Marketing,33,3,2493.25,0
CUST_01811,Standard,Email Marketing,28,7,1724.02,0
CUST_01812,Basic,Google Search,13,1,4174.6,0
CUST_01813,Premium,Google Search,43,5,321.17,0
CUST_01814,Standard,Email Marketing,25,5,1055.98,0
CUST_01815,Basic,Email Marketing,14,6,229.77,1
CUST_01816,Premium,Google Search,23,2,2487.93,0
CUST_01817,Standard,Google Search,23,7,2717.01,0
CUST_01818,Premium,Organic,38,2,1366.67,0
CUST_01819,Basic,Email Marketing,15,0,1333.51,0
CUST_01820,Basic,Organic,14,5,164.05,1
CUST_01821,Standard,Facebook Ads,1,5,266.32,0
CUST_01822,Premium,Organic,6,2,3151.5,0
CUST_01823,Standard,Organic,12,4,1288.99,1
CUST_01824,Premium,Email Marketing,4,5,2837.14,0
CUST_01825,Basic,Organic,9,7,117.84,0
CUST_01826,Premium,Organic,5,0,230.53,0
CUST_01827,Premium,Email Marketing,4,5,2219.64,0
CUST_01828,Basic,Facebook Ads,36,3,1294.95,0
CUST_01829,Premium,Facebook Ads,22,5,1914.87,0
CUST_01830,Premium,Organic,41,4,3432.15,0
CUST_01831,Premium,Google Search,35,5,436.84,0
CUST_01832,Standard,Email Marketing,34,6,2239.95,0
CUST_01833,Premium,Google Search,1,7,211.18,0
CUST_01834,Basic,Google Search,20,2,3132.44,0
CUST_01835,Basic,Organic,10,6,NaN,0
CUST_01836,Basic,Google Search,3,5,93.68,1
CUST_01837,Premium,Email Marketing,29,6,1059.03,1
CUST_01838,Premium,Email Marketing,19,4,3185.47,0
CUST_01839,Premium,Email Marketing,28,5,541.8,0
CUST_01840,Premium,Organic,14,2,3674.73,0
CUST_01841,Standard,Email Marketing,22,6,3965.99,0
CUST_01842,Standard,Facebook Ads,48,0,3751.59,0
CUST_01843,Premium,Facebook Ads,35,3,3908.04,0
CUST_01844,Premium,Organic,11,4,2270.76,0
CUST_01845,Standard,Facebook Ads,19,1,2821.18,0
CUST_01846,Premium,Facebook Ads,24,3,4055.42,0
CUST_01847,Premium,Organic,34,5,2471.24,0
CUST_01848,Premium,Email Marketing,23,3,436.78,0
CUST_01849,Standard,Organic,19,3,4231.81,0
CUST_01850,Basic,Organic,4,3,1313.11,0
CUST_01851,Standard,Facebook Ads,43,7,1283.16,0
CUST_01852,Premium,Organic,11,1,977.33,0
CUST_01853,Premium,Organic,27,1,405.29,0
CUST_01854,Standard,Email Marketing,6,7,2889.97,0
CUST_01855,Premium,Organic,5,6,3766.34,0
CUST_01856,Basic,Organic,35,7,339.08,1
CUST_01857,Premium,Email Marketing,23,1,3574.48,0
CUST_01858,Premium,Facebook Ads,46,6,2391.9,1
CUST_01859,Premium,Facebook Ads,38,2,NaN,0
CUST_01860,Premium,Email Marketing,2,6,2399.22,0
CUST_01861,Premium,Organic,9,0,508.46,1
CUST_01862,Premium,Organic,24,1,3346.55,0
CUST_01863,Premium,Email Marketing,8,5,4384.42,0
CUST_01864,Standard,Google Search,34,2,4026.96,0
CUST_01865,Basic,Facebook Ads,11,2,2870.72,0
CUST_01866,Standard,Email Marketing,34,0,4371.26,0
CUST_01867,Basic,Email Marketing,17,7,153.32,1
CUST_01868,Standard,Email Marketing,48,2,2346.64,0
CUST_01869,Basic,Facebook Ads,33,3,2898.53,0
CUST_01870,Basic,Google Search,6,2,4023.24,0
CUST_01871,Premium,Organic,25,4,2919.8,0
CUST_01872,Standard,Google Search,10,4,3724.87,0
CUST_01873,Premium,Google Search,41,4,3564.76,0
CUST_01874,Basic,Organic,16,1,1001.0,0
CUST_01875,Basic,Email Marketing,18,7,131.93,1
CUST_01876,Premium,Facebook Ads,47,5,1974.27,0
CUST_01877,Premium,Google Search,8,3,1559.36,0
CUST_01878,Premium,Facebook Ads,36,6,3391.03,0
CUST_01879,Standard,Email Marketing,27,6,329.36,0
CUST_01880,Basic,Email Marketing,32,1,3635.32,0
CUST_01881,Standard,Organic,46,0,220.17,0
CUST_01882,Premium,Google Search,47,1,713.56,0
CUST_01883,Basic,Facebook Ads,26,1,586.92,1
CUST_01884,Standard,Google Search,12,6,673.35,0
CUST_01885,Standard,Facebook Ads,7,0,2075.54,0
CUST_01886,Basic,Organic,46,4,2327.02,0
CUST_01887,Premium,Email Marketing,12,6,1188.76,0
CUST_01888,Basic,Organic,13,2,2697.63,0
CUST_01889,Basic,Google Search,9,3,1855.92,0
CUST_01890,Premium,Organic,21,4,1971.05,1
CUST_01891,Standard,Email Marketing,7,5,517.0,0
CUST_01892,Standard,Email Marketing,18,7,1848.71,0
CUST_01893,Premium,Email Marketing,30,5,432.66,0
CUST_01894,Standard,Facebook Ads,27,4,3671.13,1
CUST_01895,Standard,Email Marketing,5,7,1074.2,1
CUST_01896,Standard,Google Search,2,4,2143.48,0
CUST_01897,Basic,Email Marketing,3,0,320.48,0
CUST_01898,Basic,Facebook Ads,34,3,2278.63,0
CUST_01899,Basic,Facebook Ads,13,5,318.68,1
CUST_01900,Basic,Facebook Ads,15,7,270.08,1
CUST_01901,Standard,Facebook Ads,28,5,331.11,0
CUST_01902,Basic,Facebook Ads,7,6,226.79,1
CUST_01903,Premium,Organic,27,3,1407.92,0
CUST_01904,Premium,Facebook Ads,11,3,3527.08,1
CUST_01905,Standard,Facebook Ads,38,5,724.78,0
CUST_01906,Basic,Organic,13,2,2884.68,0
CUST_01907,Premium,Facebook Ads,22,4,1331.65,0
CUST_01908,Basic,Facebook Ads,43,2,2595.48,0
CUST_01909,Premium,Google Search,35,4,2737.93,0
CUST_01910,Premium,Google Search,31,6,4467.08,0
CUST_01911,Basic,Organic,33,1,4444.7,0
CUST_01912,Premium,Facebook Ads,47,5,2327.72,0
CUST_01913,Basic,Email Marketing,5,7,128.71,1
CUST_01914,Premium,Email Marketing,13,0,649.01,0
CUST_01915,Basic,Google Search,23,2,4278.72,1
CUST_01916,Standard,Organic,30,6,4322.71,0
CUST_01917,Premium,Organic,1,6,4423.5,0
CUST_01918,Standard,Email Marketing,3,5,3603.9,0
CUST_01919,Basic,Organic,41,0,4008.57,0
CUST_01920,Basic,Organic,46,7,225.37,1
CUST_01921,Basic,Facebook Ads,28,4,2263.45,0
CUST_01922,Standard,Email Marketing,21,7,469.63,0
CUST_01923,Premium,Facebook Ads,9,5,1333.45,0
CUST_01924,Premium,Organic,6,5,3739.0,0
CUST_01925,Premium,Organic,36,5,1005.29,0
CUST_01926,Standard,Facebook Ads,19,6,1665.1,0
CUST_01927,Standard,Google Search,41,4,166.91,0
CUST_01928,Premium,Google Search,9,7,1298.98,0
CUST_01929,Premium,Facebook Ads,35,1,2750.78,0
CUST_01930,Standard,Organic,34,6,3241.64,0
CUST_01931,Basic,Organic,28,5,371.53,1
CUST_01932,Basic,Facebook Ads,22,1,3327.33,0
CUST_01933,Basic,Organic,1,2,834.51,0
CUST_01934,Premium,Facebook Ads,40,0,1378.19,0
CUST_01935,Standard,Email Marketing,14,2,675.98,0
CUST_01936,Standard,Facebook Ads,7,6,NaN,0
CUST_01937,Premium,Organic,10,4,1658.44,0
CUST_01938,Standard,Email Marketing,16,6,1693.91,0
CUST_01939,Standard,Email Marketing,33,3,1650.84,0
CUST_01940,Basic,Organic,3,5,NaN,1
CUST_01941,Standard,Google Search,1,2,3937.51,1
CUST_01942,Standard,Organic,9,0,1919.86,0
CUST_01943,Basic,Email Marketing,24,3,3926.56,0
CUST_01944,Basic,Facebook Ads,1,7,242.93,1
CUST_01945,Premium,Google Search,10,1,1736.35,1
CUST_01946,Standard,Facebook Ads,27,0,2143.33,0
CUST_01947,Premium,Google Search,24,4,2278.15,0
CUST_01948,Premium,Organic,46,2,1692.13,1
CUST_01949,Basic,Facebook Ads,1,5,270.99,1
CUST_01950,Standard,Facebook Ads,46,0,692.91,0
CUST_01951,Premium,Organic,39,6,4427.78,0
CUST_01952,Standard,Facebook Ads,2,4,1373.78,0
CUST_01953,Basic,Email Marketing,36,7,134.12,1
CUST_01954,Standard,Facebook Ads,1,0,2640.46,0
CUST_01955,Premium,Google Search,23,1,234.49,0
CUST_01956,Basic,Facebook Ads,17,6,278.41,1
CUST_01957,Basic,Facebook Ads,8,0,993.22,0
CUST_01958,Standard,Google Search,23,6,1111.26,1
CUST_01959,Premium,Email Marketing,9,4,783.0,0
CUST_01960,Standard,Facebook Ads,8,0,1658.5,0
CUST_01961,Premium,Google Search,32,6,936.67,0
CUST_01962,Basic,Email Marketing,42,6,229.12,1
CUST_01963,Premium,Facebook Ads,13,6,1690.37,0
CUST_01964,Standard,Google Search,5,2,200.28,0
CUST_01965,Standard,Email Marketing,48,3,1809.88,0
CUST_01966,Basic,Google Search,20,0,4358.36,0
CUST_01967,Basic,Organic,5,3,1566.29,0
CUST_01968,Premium,Google Search,11,3,894.72,0
CUST_01969,Basic,Google Search,21,4,693.8,0
CUST_01970,Basic,Facebook Ads,5,1,1601.93,0
CUST_01971,Basic,Organic,20,7,145.78,0
CUST_01972,Standard,Google Search,22,0,2515.25,0
CUST_01973,Basic,Email Marketing,22,1,2799.23,0
CUST_01974,Premium,Organic,46,2,2975.06,0
CUST_01975,Premium,Organic,45,1,3489.71,0
CUST_01976,Basic,Email Marketing,46,6,386.09,1
CUST_01977,Standard,Email Marketing,42,6,3290.11,0
CUST_01978,Standard,Google Search,8,1,1469.81,1
CUST_01979,Standard,Organic,25,4,1620.79,0
CUST_01980,Basic,Email Marketing,45,3,3686.29,0
CUST_01981,Basic,Organic,41,2,1915.03,0
CUST_01982,Standard,Google Search,44,6,3005.59,0
CUST_01983,Premium,Organic,32,4,353.02,0
CUST_01984,Premium,Organic,28,4,4318.38,0
CUST_01985,Standard,Email Marketing,28,0,863.23,0
CUST_01986,Basic,Organic,8,6,299.97,1
CUST_01987,Premium,Email Marketing,28,3,3159.12,0
CUST_01988,Basic,Organic,18,5,92.19,1
CUST_01989,Basic,Facebook Ads,25,5,202.7,1
CUST_01990,Basic,Email Marketing,41,7,129.64,1
CUST_01991,Basic,Google Search,9,1,4246.39,0
CUST_01992,Premium,Facebook Ads,21,3,637.18,0
CUST_01993,Premium,Organic,27,0,2636.29,0
CUST_01994,Basic,Facebook Ads,39,4,2655.93,0
CUST_01995,Standard,Google Search,30,1,1895.15,0
CUST_01996,Basic,Google Search,35,5,132.41,0
CUST_01997,Basic,Facebook Ads,13,7,102.81,1
CUST_01998,Basic,Email Marketing,7,7,183.59,0
CUST_01999,Premium,Email Marketing,10,1,3328.35,0
CUST_02000,Basic,Organic,13,5,97.98,0
CUST_02001,Standard,Organic,17,5,3568.16,0
CUST_02002,Basic,Email Marketing,15,1,3883.0,0
CUST_02003,Premium,Organic,6,3,2374.06,0
CUST_02004,Premium,Facebook Ads,27,6,4446.36,1
CUST_02005,Standard,Email Marketing,41,2,1331.12,0
CUST_02006,Premium,Google Search,18,1,3992.63,0
CUST_02007,Standard,Google Search,22,2,699.11,0
CUST_02008,Standard,Organic,9,6,4024.74,1
CUST_02009,Premium,Google Search,29,3,4077.38,0
CUST_02010,Standard,Facebook Ads,8,6,990.27,0
CUST_02011,Premium,Google Search,15,7,1951.55,0
CUST_02012,Basic,Organic,35,4,2088.32,0
CUST_02013,Premium,Facebook Ads,44,6,4102.59,0
CUST_02014,Standard,Facebook Ads,32,3,2007.03,1
CUST_02015,Basic,Email Marketing,11,5,208.34,1
CUST_02016,Standard,Google Search,24,5,2386.93,0
CUST_02017,Standard,Email Marketing,8,3,4160.57,0
CUST_02018,Premium,Google Search,36,5,940.65,0
CUST_02019,Basic,Email Marketing,34,5,274.51,0
CUST_02020,Premium,Organic,28,3,2214.72,0
CUST_02021,Premium,Facebook Ads,39,4,3574.81,1
CUST_02022,Premium,Organic,32,5,1324.57,0
CUST_02023,Basic,Organic,35,5,168.28,1
CUST_02024,Basic,Organic,41,6,169.46,1
CUST_02025,Standard,Email Marketing,6,7,725.79,0
CUST_02026,Standard,Google Search,25,2,672.64,0
CUST_02027,Standard,Email Marketing,9,1,1808.9,0
CUST_02028,Standard,Facebook Ads,46,6,1597.42,0
CUST_02029,Premium,Organic,18,6,3919.94,0
CUST_02030,Premium,Facebook Ads,42,3,4323.81,0
CUST_02031,Premium,Email Marketing,22,7,1567.8,0
CUST_02032,Basic,Facebook Ads,20,2,2089.88,0
CUST_02033,Basic,Email Marketing,8,2,4074.44,0
CUST_02034,Basic,Google Search,6,2,3219.22,0
CUST_02035,Standard,Email Marketing,47,3,1698.78,0
CUST_02036,Basic,Facebook Ads,27,2,832.08,0
CUST_02037,Standard,Email Marketing,16,5,1041.03,0
CUST_02038,Premium,Organic,11,1,1313.54,0
CUST_02039,Standard,Google Search,17,7,835.34,0
CUST_02040,Premium,Facebook Ads,1,0,1007.09,0
CUST_02041,Basic,Google Search,23,5,344.82,1
CUST_02042,Basic,Email Marketing,32,5,53.35,1
CUST_02043,Basic,Google Search,12,4,3088.05,0
CUST_02044,Standard,Google Search,34,7,4434.19,0
CUST_02045,Premium,Email Marketing,48,0,230.48,0
CUST_02046,Basic,Google Search,39,3,2691.31,0
CUST_02047,Basic,Organic,8,1,2862.51,0
CUST_02048,Basic,Google Search,44,7,317.34,0
CUST_02049,Premium,Email Marketing,28,2,3390.81,0
CUST_02050,Standard,Google Search,8,4,1149.49,0
CUST_02051,Basic,Facebook Ads,41,0,4058.77,0
CUST_02052,Premium,Facebook Ads,3,4,2654.23,0
CUST_02053,Basic,Facebook Ads,32,4,3403.72,0
CUST_02054,Basic,Google Search,13,1,1093.78,0
CUST_02055,Standard,Organic,26,1,930.1,0
CUST_02056,Basic,Google Search,3,5,317.15,1
CUST_02057,Basic,Email Marketing,18,5,231.07,0
CUST_02058,Premium,Facebook Ads,18,4,4117.77,0
CUST_02059,Basic,Organic,45,7,380.43,1
CUST_02060,Premium,Google Search,18,0,3463.69,0
CUST_02061,Basic,Facebook Ads,5,2,1274.39,0
CUST_02062,Basic,Google Search,10,4,4232.62,0
CUST_02063,Standard,Organic,12,6,2440.69,0
CUST_02064,Standard,Organic,4,4,2938.91,0
CUST_02065,Basic,Google Search,5,6,270.51,1
CUST_02066,Basic,Organic,33,0,3116.73,0
CUST_02067,Basic,Email Marketing,9,4,1526.38,0
CUST_02068,Basic,Google Search,9,0,3853.5,0
CUST_02069,Premium,Facebook Ads,34,1,1193.38,0
CUST_02070,Premium,Email Marketing,10,1,4449.22,0
CUST_02071,Basic,Organic,31,4,2662.87,0
CUST_02072,Standard,Facebook Ads,3,2,3547.38,0
CUST_02073,Premium,Facebook Ads,47,7,1467.22,0
CUST_02074,Standard,Facebook Ads,30,7,3036.68,1
CUST_02075,Premium,Organic,37,1,2302.29,0
CUST_02076,Standard,Google Search,8,1,1819.44,0
CUST_02077,Premium,Organic,20,1,369.54,0
CUST_02078,Standard,Facebook Ads,34,3,892.73,0
CUST_02079,Basic,Facebook Ads,11,2,3802.63,0
CUST_02080,Basic,Facebook Ads,31,5,57.85,1
CUST_02081,Premium,Google Search,33,3,892.86,1
CUST_02082,Standard,Facebook Ads,30,6,3797.22,0
CUST_02083,Basic,Email Marketing,32,2,2775.19,0
CUST_02084,Standard,Facebook Ads,25,4,NaN,1
CUST_02085,Premium,Email Marketing,31,1,3668.5,0
CUST_02086,Basic,Email Marketing,24,6,98.62,1
CUST_02087,Basic,Google Search,41,2,317.17,0
CUST_02088,Basic,Email Marketing,47,6,178.17,1
CUST_02089,Premium,Email Marketing,35,4,4231.43,0
CUST_02090,Basic,Google Search,17,4,1825.87,0
CUST_02091,Premium,Organic,2,7,1904.72,0
CUST_02092,Basic,Google Search,41,5,108.76,1
CUST_02093,Standard,Email Marketing,40,2,3508.03,0
CUST_02094,Standard,Organic,19,6,1607.4,0
CUST_02095,Standard,Organic,32,6,2914.54,0
CUST_02096,Basic,Email Marketing,25,6,75.38,1
CUST_02097,Basic,Facebook Ads,37,4,914.49,0
CUST_02098,Standard,Organic,33,0,2422.49,0
CUST_02099,Premium,Google Search,6,5,1438.58,0
CUST_02100,Standard,Email Marketing,20,7,599.31,0
CUST_02101,Premium,Google Search,35,3,4131.4,0
CUST_02102,Basic,Facebook Ads,38,3,4427.85,0
CUST_02103,Premium,Google Search,15,6,1828.35,0
CUST_02104,Standard,Email Marketing,17,5,2157.88,0
CUST_02105,Basic,Email Marketing,4,6,381.03,1
CUST_02106,Premium,Facebook Ads,16,5,3136.39,0
CUST_02107,Standard,Email Marketing,27,5,3725.47,0
CUST_02108,Basic,Facebook Ads,13,4,1116.65,0
CUST_02109,Basic,Google Search,33,3,1708.2,0
CUST_02110,Basic,Organic,8,2,3978.89,0
CUST_02111,Standard,Organic,11,4,1930.24,0
CUST_02112,Basic,Email Marketing,29,3,582.28,0
CUST_02113,Basic,Google Search,22,3,3346.94,0
CUST_02114,Standard,Email Marketing,38,4,2503.35,0
CUST_02115,Standard,Google Search,48,2,162.71,0
CUST_02116,Standard,Google Search,46,7,940.41,0
CUST_02117,Basic,Organic,11,3,894.52,0
CUST_02118,Basic,Facebook Ads,4,7,362.16,1
CUST_02119,Standard,Organic,1,4,2420.27,0
CUST_02120,Basic,Email Marketing,44,5,298.84,1
CUST_02121,Premium,Google Search,7,1,1972.38,0
CUST_02122,Basic,Facebook Ads,40,3,1050.35,0
CUST_02123,Premium,Organic,9,1,1082.36,0
CUST_02124,Standard,Facebook Ads,39,7,3811.05,0
CUST_02125,Standard,Email Marketing,20,5,159.43,0
CUST_02126,Standard,Google Search,28,7,886.84,0
CUST_02127,Basic,Organic,37,3,2060.84,0
CUST_02128,Basic,Organic,38,3,3791.59,0
CUST_02129,Basic,Facebook Ads,8,1,3031.33,0
CUST_02130,Premium,Organic,35,6,3704.69,0
CUST_02131,Basic,Email Marketing,41,1,1232.37,0
CUST_02132,Premium,Facebook Ads,21,6,686.86,0
CUST_02133,Standard,Email Marketing,22,2,904.97,0
CUST_02134,Premium,Google Search,12,7,3855.81,0
CUST_02135,Premium,Organic,41,7,2523.04,0
CUST_02136,Premium,Google Search,15,6,394.78,0
CUST_02137,Basic,Google Search,40,0,2387.81,0
CUST_02138,Standard,Facebook Ads,41,0,3573.17,0
CUST_02139,Basic,Organic,12,6,68.45,1
CUST_02140,Standard,Organic,37,6,1897.92,0
CUST_02141,Premium,Organic,41,4,3047.56,0
CUST_02142,Basic,Google Search,5,0,1830.0,0
CUST_02143,Standard,Email Marketing,27,3,1388.6,0
CUST_02144,Basic,Facebook Ads,23,0,3780.36,0
CUST_02145,Basic,Google Search,46,6,324.55,0
CUST_02146,Premium,Facebook Ads,16,2,2080.28,0
CUST_02147,Standard,Google Search,19,3,4363.54,0
CUST_02148,Premium,Facebook Ads,13,4,1799.49,0
CUST_02149,Basic,Facebook Ads,43,4,4357.46,0
CUST_02150,Premium,Organic,8,0,3977.58,0
CUST_02151,Standard,Facebook Ads,31,6,1536.34,0
CUST_02152,Premium,Google Search,27,1,2025.55,0
CUST_02153,Basic,Organic,5,UNKNOWN,4412.87,0
CUST_02154,Premium,Facebook Ads,2,3,1024.74,0
CUST_02155,Premium,Organic,26,4,702.9,0
CUST_02156,Standard,Organic,41,1,727.22,0
CUST_02157,Premium,Organic,4,UNKNOWN,3901.97,0
CUST_02158,Premium,Organic,35,4,896.13,0
CUST_02159,Standard,Facebook Ads,14,1,2262.02,0
CUST_02160,Standard,Google Search,34,5,744.62,0
CUST_02161,Premium,Facebook Ads,1,2,1116.05,0
CUST_02162,Basic,Facebook Ads,25,UNKNOWN,656.37,0
CUST_02163,Basic,Email Marketing,24,5,52.96,0
CUST_02164,Premium,Email Marketing,41,0,2441.17,0
CUST_02165,Premium,Facebook Ads,36,1,2613.74,0
CUST_02166,Basic,Organic,26,3,343.33,0
CUST_02167,Basic,Facebook Ads,39,1,3267.99,0
CUST_02168,Premium,Email Marketing,29,7,3163.56,0
CUST_02169,Premium,Organic,17,7,2666.32,0
CUST_02170,Premium,Organic,36,3,232.13,0
CUST_02171,Standard,Google Search,1,4,3718.39,0
CUST_02172,Standard,Google Search,2,7,4159.7,0
CUST_02173,Basic,Facebook Ads,24,4,1166.77,0
CUST_02174,Standard,Organic,38,0,4048.69,0
CUST_02175,Standard,Google Search,15,0,3808.59,0
CUST_02176,Premium,Facebook Ads,10,3,4206.9,0
CUST_02177,Premium,Google Search,9,2,3047.86,0
CUST_02178,Basic,Email Marketing,36,1,475.98,0
CUST_02179,Premium,Email Marketing,15,7,2806.34,0
CUST_02180,Basic,Facebook Ads,39,6,328.95,0
CUST_02181,Premium,Google Search,46,4,3340.34,0
CUST_02182,Basic,Google Search,47,3,1369.84,1
CUST_02183,Premium,Google Search,38,2,469.73,1
CUST_02184,Premium,Organic,11,1,814.5,0
CUST_02185,Premium,Google Search,36,5,3832.58,0
CUST_02186,Standard,Facebook Ads,42,1,2139.06,0
CUST_02187,Premium,Facebook Ads,42,6,2963.15,0
CUST_02188,Premium,Organic,47,2,3127.28,0
CUST_02189,Basic,Organic,11,4,3641.38,0
CUST_02190,Premium,Email Marketing,4,4,3830.55,0
CUST_02191,Basic,Organic,22,2,3617.51,0
CUST_02192,Basic,Facebook Ads,43,2,2388.49,0
CUST_02193,Basic,Facebook Ads,8,0,3740.62,1
CUST_02194,Basic,Facebook Ads,3,3,3046.77,0
CUST_02195,Premium,Email Marketing,23,4,362.89,0
CUST_02196,Standard,Email Marketing,36,0,3960.18,0
CUST_02197,Standard,Facebook Ads,42,7,2737.73,1
CUST_02198,Basic,Email Marketing,22,7,327.9,0
CUST_02199,Basic,Email Marketing,44,1,3184.32,0
CUST_02200,Basic,Facebook Ads,2,7,360.82,1
CUST_02201,Basic,Email Marketing,12,4,2753.62,1
CUST_02202,Premium,Email Marketing,23,0,4148.46,0
CUST_02203,Standard,Email Marketing,33,3,657.11,0
CUST_02204,Basic,Facebook Ads,11,2,2983.83,0
CUST_02205,Basic,Email Marketing,48,5,299.67,1
CUST_02206,Standard,Google Search,20,0,4135.25,1
CUST_02207,Premium,Email Marketing,15,6,2609.28,0
CUST_02208,Premium,Google Search,27,5,1762.34,0
CUST_02209,Standard,Email Marketing,8,4,3839.22,0
CUST_02210,Premium,Organic,24,7,4103.12,0
CUST_02211,Standard,Email Marketing,32,7,1402.87,0
CUST_02212,Premium,Facebook Ads,12,7,307.53,0
CUST_02213,Standard,Google Search,12,5,3996.47,0
CUST_02214,Basic,Email Marketing,37,6,300.18,1
CUST_02215,Premium,Facebook Ads,5,7,1030.26,0
CUST_02216,Basic,Organic,43,1,200.68,0
CUST_02217,Premium,Organic,48,7,3083.56,0
CUST_02218,Basic,Google Search,5,7,343.89,0
CUST_02219,Basic,Organic,29,6,372.64,1
CUST_02220,Premium,Facebook Ads,1,7,906.1,0
CUST_02221,Standard,Facebook Ads,46,5,3439.45,1
CUST_02222,Standard,Organic,8,5,4182.43,0
CUST_02223,Premium,Google Search,43,4,990.54,0
CUST_02224,Standard,Email Marketing,35,2,574.61,1
CUST_02225,Premium,Google Search,2,5,2774.78,0
CUST_02226,Basic,Organic,45,5,380.6,1
CUST_02227,Premium,Google Search,18,5,4436.22,0
CUST_02228,Premium,Organic,11,7,NaN,0
CUST_02229,Basic,Organic,7,7,105.77,1
CUST_02230,Premium,Email Marketing,35,4,647.3,0
CUST_02231,Basic,Email Marketing,5,6,391.78,1
CUST_02232,Premium,Google Search,39,3,2478.11,0
CUST_02233,Standard,Email Marketing,8,3,4393.93,0
CUST_02234,Basic,Email Marketing,32,3,4488.51,0
CUST_02235,Premium,Organic,8,1,2834.74,0
CUST_02236,Premium,Google Search,41,5,3788.88,0
CUST_02237,Basic,Google Search,3,5,86.64,1
CUST_02238,Basic,Facebook Ads,44,0,3917.68,0
CUST_02239,Basic,Google Search,11,2,3294.57,0
CUST_02240,Premium,Google Search,6,0,393.4,1
CUST_02241,Standard,Email Marketing,10,6,1534.25,0
CUST_02242,Standard,Email Marketing,4,3,4398.19,0
CUST_02243,Basic,Email Marketing,46,7,103.41,1
CUST_02244,Premium,Email Marketing,40,4,1965.42,0
CUST_02245,Basic,Facebook Ads,1,5,250.61,1
CUST_02246,Standard,Email Marketing,34,1,NaN,0
CUST_02247,Basic,Organic,24,5,113.24,1
CUST_02248,Premium,Google Search,41,6,2776.05,0
CUST_02249,Basic,Facebook Ads,32,1,2580.34,0
CUST_02250,Premium,Facebook Ads,13,0,4379.62,0
CUST_02251,Standard,Email Marketing,19,5,1183.82,0
CUST_02252,Premium,Email Marketing,13,1,2289.83,0
CUST_02253,Premium,Organic,44,0,3574.41,0
CUST_02254,Basic,Google Search,34,3,2931.9,0
CUST_02255,Basic,Google Search,42,3,1676.34,0
CUST_02256,Premium,Facebook Ads,1,1,1160.08,0
CUST_02257,Basic,Email Marketing,11,1,2677.58,0
CUST_02258,Premium,Organic,27,3,2353.11,0
CUST_02259,Standard,Email Marketing,26,3,3038.24,1
CUST_02260,Premium,Email Marketing,29,3,1690.32,0
CUST_02261,Premium,Email Marketing,21,6,882.78,0
CUST_02262,Standard,Facebook Ads,21,6,736.97,0
CUST_02263,Standard,Google Search,6,5,4344.98,0
CUST_02264,Premium,Facebook Ads,25,1,3577.14,0
CUST_02265,Premium,Organic,5,2,2325.24,0
CUST_02266,Basic,Facebook Ads,43,5,122.52,1
CUST_02267,Basic,Google Search,35,6,326.81,1
CUST_02268,Standard,Organic,45,6,3756.36,0
CUST_02269,Standard,Email Marketing,47,5,733.11,0
CUST_02270,Standard,Organic,28,4,3601.8,0
CUST_02271,Standard,Organic,15,3,2633.79,0
CUST_02272,Basic,Organic,40,4,3051.7,0
CUST_02273,Standard,Facebook Ads,2,2,1713.02,0
CUST_02274,Basic,Organic,33,4,3818.72,0
CUST_02275,Basic,Google Search,26,4,3142.93,0
CUST_02276,Basic,Email Marketing,22,0,1412.99,0
CUST_02277,Standard,Organic,25,2,2031.59,0
CUST_02278,Premium,Organic,8,2,1176.26,0
CUST_02279,Standard,Organic,27,6,3092.71,0
CUST_02280,Basic,Facebook Ads,22,5,296.37,0
CUST_02281,Premium,Email Marketing,30,6,380.22,1
CUST_02282,Standard,Google Search,2,2,3768.61,0
CUST_02283,Basic,Organic,2,5,70.1,1
CUST_02284,Standard,Email Marketing,46,7,4381.52,0
CUST_02285,Premium,Facebook Ads,47,0,1203.49,0
CUST_02286,Basic,Facebook Ads,41,4,3324.77,0
CUST_02287,Basic,Facebook Ads,31,4,2447.3,0
CUST_02288,Basic,Email Marketing,17,4,638.09,0
CUST_02289,Basic,Organic,17,3,1103.04,0
CUST_02290,Standard,Facebook Ads,39,4,838.14,0
CUST_02291,Standard,Email Marketing,12,2,3056.77,0
CUST_02292,Basic,Facebook Ads,6,1,4258.53,0
CUST_02293,Basic,Facebook Ads,31,7,323.41,1
CUST_02294,Premium,Organic,32,4,3841.32,1
CUST_02295,Basic,Google Search,33,6,198.07,0
CUST_02296,Basic,Facebook Ads,21,7,392.21,1
CUST_02297,Standard,Facebook Ads,46,5,3770.45,0
CUST_02298,Basic,Organic,30,6,86.98,1
CUST_02299,Basic,Organic,36,3,4263.26,0
CUST_02300,Premium,Organic,17,6,2082.88,0
CUST_02301,Premium,Google Search,23,7,4362.96,0
CUST_02302,Standard,Email Marketing,8,6,4365.64,0
CUST_02303,Basic,Email Marketing,7,3,4203.67,0
CUST_02304,Basic,Email Marketing,37,1,1002.06,0
CUST_02305,Basic,Google Search,7,6,217.92,1
CUST_02306,Basic,Email Marketing,14,6,160.09,1
CUST_02307,Basic,Google Search,40,5,97.52,1
CUST_02308,Premium,Google Search,38,7,929.8,1
CUST_02309,Basic,Google Search,2,7,112.85,1
CUST_02310,Premium,Google Search,38,5,241.29,0
CUST_02311,Basic,Google Search,45,7,93.67,1
CUST_02312,Basic,Facebook Ads,32,0,3193.55,0
CUST_02313,Premium,Facebook Ads,48,0,581.53,0
CUST_02314,Basic,Email Marketing,10,3,1612.48,0
CUST_02315,Premium,Facebook Ads,17,3,NaN,0
CUST_02316,Premium,Facebook Ads,38,3,2764.81,0
CUST_02317,Standard,Google Search,7,3,381.4,0
CUST_02318,Basic,Email Marketing,47,1,1808.27,0
CUST_02319,Premium,Google Search,41,6,716.89,1
CUST_02320,Standard,Organic,26,3,3904.21,0
CUST_02321,Standard,Email Marketing,10,5,3962.19,0
CUST_02322,Basic,Facebook Ads,43,6,156.3,0
CUST_02323,Standard,Organic,3,2,1259.85,0
CUST_02324,Premium,Organic,11,1,2655.81,0
CUST_02325,Basic,Google Search,2,7,206.25,1
CUST_02326,Basic,Facebook Ads,38,0,2640.48,0
CUST_02327,Standard,Organic,29,4,559.64,0
CUST_02328,Premium,Organic,25,2,1256.15,0
CUST_02329,Premium,Email Marketing,34,1,538.57,1
CUST_02330,Premium,Organic,41,3,4010.08,0
CUST_02331,Basic,Email Marketing,29,4,2023.4,0
CUST_02332,Standard,Email Marketing,22,0,1770.55,0
CUST_02333,Basic,Organic,12,3,1861.22,0
CUST_02334,Standard,Facebook Ads,9,0,1373.62,0
CUST_02335,Standard,Organic,3,3,2626.61,0
CUST_02336,Premium,Facebook Ads,24,2,3533.86,1
CUST_02337,Premium,Facebook Ads,19,1,4448.01,0
CUST_02338,Basic,Email Marketing,21,7,298.76,1
CUST_02339,Standard,Google Search,35,2,3905.53,0
CUST_02340,Basic,Facebook Ads,34,2,1903.98,0
CUST_02341,Basic,Facebook Ads,19,4,2823.99,0
CUST_02342,Standard,Facebook Ads,21,4,3656.98,0
CUST_02343,Basic,Google Search,30,6,204.27,0
CUST_02344,Premium,Email Marketing,27,6,671.2,0
CUST_02345,Standard,Organic,35,7,3839.93,0
CUST_02346,Basic,Facebook Ads,36,6,354.68,0
CUST_02347,Basic,Facebook Ads,39,7,104.43,1
CUST_02348,Premium,Facebook Ads,12,0,2728.91,1
CUST_02349,Basic,Google Search,3,5,89.89,1
CUST_02350,Standard,Facebook Ads,48,6,642.35,0
CUST_02351,Basic,Organic,37,0,3703.02,0
CUST_02352,Standard,Email Marketing,15,0,3148.73,0
CUST_02353,Premium,Organic,42,4,2853.49,0
CUST_02354,Basic,Google Search,35,5,86.17,1
CUST_02355,Standard,Organic,5,3,1696.71,0
CUST_02356,Standard,Email Marketing,37,4,2649.1,0
CUST_02357,Basic,Google Search,4,1,2618.87,0
CUST_02358,Premium,Email Marketing,10,1,272.49,0
CUST_02359,Premium,Email Marketing,34,7,4446.23,1
CUST_02360,Basic,Google Search,32,7,397.34,1
CUST_02361,Standard,Email Marketing,15,4,3712.13,0
CUST_02362,Basic,Facebook Ads,21,7,183.88,1
CUST_02363,Basic,Google Search,3,6,214.37,1
CUST_02364,Standard,Google Search,15,4,315.4,0
CUST_02365,Basic,Email Marketing,5,1,312.64,0
CUST_02366,Premium,Organic,48,6,1385.21,0
CUST_02367,Standard,Google Search,2,2,178.63,0
CUST_02368,Premium,Organic,14,7,1419.19,0
CUST_02369,Premium,Organic,32,1,725.87,0
CUST_02370,Premium,Google Search,34,5,4039.05,0
CUST_02371,Premium,Email Marketing,22,0,1471.06,0
CUST_02372,Basic,Organic,36,1,1999.5,0
CUST_02373,Standard,Facebook Ads,44,0,1289.72,0
CUST_02374,Premium,Google Search,4,1,3179.87,0
CUST_02375,Basic,Google Search,33,1,3532.74,0
CUST_02376,Premium,Facebook Ads,8,2,2728.65,0
CUST_02377,Basic,Email Marketing,5,1,3192.37,0
CUST_02378,Premium,Email Marketing,38,7,4080.07,0
CUST_02379,Basic,Facebook Ads,2,4,2810.98,0
CUST_02380,Standard,Facebook Ads,41,2,3262.45,0
CUST_02381,Basic,Organic,33,6,119.7,1
CUST_02382,Premium,Google Search,1,1,1879.96,0
CUST_02383,Premium,Organic,37,3,4232.21,0
CUST_02384,Basic,Organic,42,2,800.88,0
CUST_02385,Premium,Google Search,10,2,2456.14,0
CUST_02386,Premium,Email Marketing,12,2,2609.57,0
CUST_02387,Basic,Facebook Ads,38,7,133.38,1
CUST_02388,Basic,Organic,43,6,127.22,1
CUST_02389,Standard,Organic,12,7,3587.21,0
CUST_02390,Standard,Facebook Ads,47,3,3549.79,0
CUST_02391,Premium,Email Marketing,44,4,669.21,0
CUST_02392,Premium,Email Marketing,9,5,353.76,0
CUST_02393,Basic,Facebook Ads,46,0,1955.02,0
CUST_02394,Basic,Email Marketing,48,6,335.57,1
CUST_02395,Basic,Facebook Ads,16,7,134.04,1
CUST_02396,Basic,Facebook Ads,40,7,137.74,1
CUST_02397,Premium,Email Marketing,32,1,3714.63,0
CUST_02398,Premium,Organic,3,7,549.25,1
CUST_02399,Standard,Facebook Ads,34,5,4220.18,0
CUST_02400,Standard,Organic,20,1,3429.97,0
CUST_02401,Premium,Organic,42,2,4373.77,0
CUST_02402,Basic,Organic,12,7,160.41,1
CUST_02403,Basic,Facebook Ads,12,0,2178.73,0
CUST_02404,Standard,Facebook Ads,45,2,1747.0,0
CUST_02405,Basic,Organic,40,2,3756.01,0
CUST_02406,Standard,Google Search,32,1,3825.67,0
CUST_02407,Premium,Google Search,31,4,3864.7,0
CUST_02408,Premium,Email Marketing,19,1,2505.13,0
CUST_02409,Standard,Google Search,25,4,2833.84,0
CUST_02410,Standard,Google Search,24,4,3161.21,0
CUST_02411,Standard,Facebook Ads,36,4,1221.16,0
CUST_02412,Premium,Organic,46,7,3762.91,0
CUST_02413,Standard,Email Marketing,48,7,1087.78,0
CUST_02414,Standard,Google Search,25,0,4296.47,0
CUST_02415,Premium,Facebook Ads,9,3,4060.78,0
CUST_02416,Basic,Google Search,20,0,2843.46,0
CUST_02417,Premium,Google Search,4,4,3441.37,0
CUST_02418,Standard,Organic,13,6,979.94,0
CUST_02419,Standard,Email Marketing,19,7,4210.45,0
CUST_02420,Standard,Facebook Ads,16,4,3000.6,0
CUST_02421,Standard,Facebook Ads,39,2,789.88,0
CUST_02422,Premium,Facebook Ads,8,2,4194.71,0
CUST_02423,Basic,Organic,19,3,4382.97,0
CUST_02424,Premium,Organic,13,7,1406.14,0
CUST_02425,Standard,Facebook Ads,43,3,718.97,0
CUST_02426,Basic,Facebook Ads,40,4,3358.99,0
CUST_02427,Basic,Email Marketing,10,1,3824.81,0
CUST_02428,Standard,Google Search,2,6,2125.51,0
CUST_02429,Basic,Facebook Ads,18,3,4114.53,0
CUST_02430,Basic,Facebook Ads,23,4,4032.68,0
CUST_02431,Premium,Google Search,22,4,2120.68,1
CUST_02432,Basic,Email Marketing,34,6,207.78,0
CUST_02433,Premium,Google Search,4,2,563.24,0
CUST_02434,Standard,Organic,23,5,4436.17,0
CUST_02435,Standard,Organic,2,0,4206.77,0
CUST_02436,Standard,Facebook Ads,15,0,1726.61,0
CUST_02437,Standard,Email Marketing,15,4,2618.8,0
CUST_02438,Standard,Email Marketing,44,2,1964.33,0
CUST_02439,Basic,Organic,38,7,167.66,0
CUST_02440,Premium,Email Marketing,35,3,610.48,0
CUST_02441,Standard,Facebook Ads,19,3,1903.45,0
CUST_02442,Premium,Organic,41,7,3531.33,1
CUST_02443,Basic,Organic,7,1,1535.23,0
CUST_02444,Premium,Email Marketing,14,1,2819.54,0
CUST_02445,Standard,Email Marketing,19,6,1344.15,0
CUST_02446,Standard,Google Search,27,3,455.85,0
CUST_02447,Standard,Email Marketing,5,4,4427.61,0
CUST_02448,Basic,Email Marketing,37,4,4229.5,0
CUST_02449,Standard,Google Search,45,0,1746.94,0
CUST_02450,Standard,Google Search,16,1,303.56,0
CUST_02451,Premium,Facebook Ads,7,7,4371.72,0
CUST_02452,Standard,Google Search,42,5,3234.82,0
CUST_02453,Standard,Organic,41,2,843.44,1
CUST_02454,Premium,Organic,22,0,2684.62,0
CUST_02455,Standard,Email Marketing,26,7,2590.75,0
CUST_02456,Standard,Google Search,18,6,1021.25,0
CUST_02457,Basic,Organic,44,5,162.47,1
CUST_02458,Standard,Organic,3,7,503.92,0
CUST_02459,Basic,Google Search,5,4,1483.32,0
CUST_02460,Premium,Google Search,9,1,4348.74,0
CUST_02461,Premium,Google Search,7,0,259.9,0
CUST_02462,Standard,Email Marketing,12,2,172.98,0
CUST_02463,Premium,Email Marketing,15,2,3463.02,0
CUST_02464,Premium,Facebook Ads,14,6,3515.16,0
CUST_02465,Standard,Organic,33,6,3237.24,0
CUST_02466,Premium,Google Search,28,2,3056.72,0
CUST_02467,Premium,Facebook Ads,32,5,3446.63,0
CUST_02468,Premium,Email Marketing,34,0,514.67,0
CUST_02469,Premium,Organic,3,4,2412.29,1
CUST_02470,Basic,Google Search,7,5,254.62,1
CUST_02471,Standard,Google Search,23,3,NaN,0
CUST_02472,Premium,Email Marketing,2,6,3187.75,0
CUST_02473,Premium,Google Search,18,3,2170.4,0
CUST_02474,Standard,Email Marketing,44,5,1978.03,0
CUST_02475,Standard,Organic,42,7,2304.81,0
CUST_02476,Premium,Facebook Ads,3,2,4153.87,0
CUST_02477,Standard,Google Search,18,4,559.8,1
CUST_02478,Premium,Google Search,8,1,1987.29,0
CUST_02479,Standard,Email Marketing,41,2,573.26,0
CUST_02480,Standard,Google Search,24,3,185.22,0
CUST_02481,Standard,Google Search,39,0,2174.51,0
CUST_02482,Standard,Email Marketing,28,1,2306.57,0
CUST_02483,Basic,Google Search,38,3,759.23,0
CUST_02484,Premium,Facebook Ads,17,7,3648.04,0
CUST_02485,Standard,Facebook Ads,14,5,499.51,0
CUST_02486,Premium,Facebook Ads,30,1,2141.66,0
CUST_02487,Premium,Organic,23,5,2943.16,0
CUST_02488,Basic,Google Search,26,2,1019.57,0
CUST_02489,Standard,Facebook Ads,3,5,4447.31,0
CUST_02490,Premium,Organic,8,6,854.05,0
CUST_02491,Basic,Facebook Ads,28,5,93.04,1
CUST_02492,Basic,Facebook Ads,1,4,4483.94,0
CUST_02493,Basic,Organic,29,1,1366.15,0
CUST_02494,Basic,Facebook Ads,5,4,1864.64,0
CUST_02495,Standard,Email Marketing,3,5,2009.14,0
CUST_02496,Premium,Organic,21,5,726.06,0
CUST_02497,Standard,Email Marketing,47,5,870.95,0
CUST_02498,Standard,Facebook Ads,37,7,4372.98,0
CUST_02499,Basic,Facebook Ads,23,0,3893.89,0
CUST_02500,Standard,Organic,36,0,190.25,0
CUST_02501,Premium,Email Marketing,22,3,3159.26,0
CUST_02502,Basic,Organic,22,7,211.83,0
CUST_02503,Standard,Google Search,5,0,2357.44,0
CUST_02504,Basic,Facebook Ads,24,6,366.71,1
CUST_02505,Standard,Facebook Ads,13,4,4498.17,1
CUST_02506,Standard,Email Marketing,4,1,471.77,0
CUST_02507,Premium,Email Marketing,15,4,1004.62,0
CUST_02508,Premium,Google Search,22,7,922.78,0
CUST_02509,Premium,Facebook Ads,32,0,4081.27,0
CUST_02510,Premium,Facebook Ads,22,7,2728.24,0
CUST_02511,Premium,Facebook Ads,28,4,3617.32,0
CUST_02512,Basic,Facebook Ads,24,0,3029.04,0
CUST_02513,Standard,Google Search,21,1,1274.82,0
CUST_02514,Premium,Facebook Ads,45,3,722.33,0
CUST_02515,Standard,Google Search,44,5,2027.0,0
CUST_02516,Basic,Organic,8,7,324.99,1
CUST_02517,Premium,Facebook Ads,33,3,2181.75,0
CUST_02518,Standard,Facebook Ads,26,1,2098.66,0
CUST_02519,Premium,Email Marketing,40,5,1293.36,1
CUST_02520,Standard,Organic,34,6,3970.83,0
CUST_02521,Basic,Google Search,40,3,2880.67,0
CUST_02522,Basic,Email Marketing,36,3,1465.73,1
CUST_02523,Premium,Google Search,2,4,1039.24,0
CUST_02524,Basic,Facebook Ads,25,0,4253.71,0
CUST_02525,Standard,Organic,44,4,4324.37,0
CUST_02526,Premium,Organic,26,1,190.66,0
CUST_02527,Basic,Google Search,33,2,2006.79,0
CUST_02528,Standard,Facebook Ads,24,2,1272.95,0
CUST_02529,Standard,Email Marketing,15,2,1989.9,0
CUST_02530,Standard,Email Marketing,15,6,3588.6,0
CUST_02531,Premium,Organic,41,0,3157.17,0
CUST_02532,Premium,Facebook Ads,7,5,2994.85,0
CUST_02533,Standard,Organic,18,6,3769.39,0
CUST_02534,Standard,Organic,5,6,1063.37,0
CUST_02535,Premium,Organic,40,2,1935.71,0
CUST_02536,Basic,Facebook Ads,38,6,252.19,1
CUST_02537,Premium,Organic,8,5,855.95,0
CUST_02538,Standard,Facebook Ads,2,6,1266.66,0
CUST_02539,Standard,Facebook Ads,38,3,1206.89,0
CUST_02540,Basic,Google Search,34,5,363.84,1
CUST_02541,Premium,Facebook Ads,14,0,3655.79,0
CUST_02542,Basic,Facebook Ads,30,4,1775.06,0
CUST_02543,Basic,Facebook Ads,1,3,1192.37,0
CUST_02544,Basic,Facebook Ads,36,0,3922.05,0
CUST_02545,Standard,Google Search,4,2,3542.7,1
CUST_02546,Standard,Google Search,13,0,2587.19,0
CUST_02547,Standard,Email Marketing,35,3,2804.0,0
CUST_02548,Basic,Email Marketing,30,1,592.32,0
CUST_02549,Premium,Google Search,32,6,3382.02,0
CUST_02550,Premium,Google Search,23,0,2553.4,0
CUST_02551,Standard,Google Search,30,2,2080.68,0
CUST_02552,Basic,Google Search,4,0,674.46,0
CUST_02553,Standard,Facebook Ads,15,6,770.0,0
CUST_02554,Basic,Facebook Ads,10,0,1379.21,0
CUST_02555,Basic,Facebook Ads,46,6,172.76,0
CUST_02556,Standard,Facebook Ads,25,2,3783.88,0
CUST_02557,Standard,Facebook Ads,47,7,1140.71,0
CUST_02558,Premium,Facebook Ads,34,7,2212.53,0
CUST_02559,Premium,Email Marketing,24,7,3472.36,0
CUST_02560,Basic,Google Search,33,UNKNOWN,2694.16,1
CUST_02561,Premium,Organic,43,5,392.72,0
CUST_02562,Standard,Organic,16,2,1499.04,0
CUST_02563,Premium,Facebook Ads,20,0,2493.44,0
CUST_02564,Standard,Google Search,43,6,996.12,0
CUST_02565,Premium,Facebook Ads,4,2,2671.7,0
CUST_02566,Standard,Organic,46,6,1968.43,0
CUST_02567,Basic,Organic,7,1,3448.36,0
CUST_02568,Standard,Facebook Ads,7,6,458.2,0
CUST_02569,Premium,Organic,31,0,201.15,0
CUST_02570,Basic,Google Search,7,2,2439.84,0
CUST_02571,Basic,Email Marketing,22,0,4474.23,0
CUST_02572,Premium,Google Search,2,7,4466.2,0
CUST_02573,Premium,Google Search,43,7,3797.72,0
CUST_02574,Premium,Organic,2,5,2057.54,0
CUST_02575,Premium,Email Marketing,29,5,179.85,0
CUST_02576,Basic,Facebook Ads,43,0,4155.13,0
CUST_02577,Basic,Facebook Ads,18,2,3463.47,0
CUST_02578,Premium,Email Marketing,12,6,2537.23,0
CUST_02579,Premium,Organic,14,0,3860.57,1
CUST_02580,Basic,Email Marketing,35,0,4367.89,0
CUST_02581,Premium,Facebook Ads,33,1,1966.01,0
CUST_02582,Standard,Email Marketing,12,0,1924.2,0
CUST_02583,Premium,Facebook Ads,13,0,2475.37,0
CUST_02584,Standard,Google Search,28,3,447.87,0
CUST_02585,Standard,Organic,22,5,1331.54,0
CUST_02586,Basic,Facebook Ads,36,3,1981.7,0
CUST_02587,Standard,Organic,30,6,3607.79,0
CUST_02588,Standard,Google Search,8,6,2189.95,0
CUST_02589,Basic,Organic,41,4,1200.22,0
CUST_02590,Basic,Email Marketing,41,3,4014.82,0
CUST_02591,Premium,Google Search,25,6,873.6,0
CUST_02592,Premium,Email Marketing,22,3,2021.17,0
CUST_02593,Standard,Organic,23,2,823.9,1
CUST_02594,Basic,Email Marketing,41,0,1423.79,0
CUST_02595,Premium,Facebook Ads,19,7,NaN,0
CUST_02596,Premium,Google Search,42,4,2244.43,0
CUST_02597,Premium,Facebook Ads,3,1,1543.02,0
CUST_02598,Basic,Google Search,44,1,1038.23,1
CUST_02599,Basic,Facebook Ads,28,5,65.42,1
CUST_02600,Premium,Email Marketing,2,3,4491.54,0
CUST_02601,Standard,Facebook Ads,13,3,3416.3,1
CUST_02602,Standard,Google Search,29,5,1040.45,0
CUST_02603,Standard,Google Search,32,7,2618.59,0
CUST_02604,Standard,Organic,26,2,521.52,0
CUST_02605,Premium,Facebook Ads,21,5,1799.18,0
CUST_02606,Premium,Organic,27,2,4181.43,0
CUST_02607,Premium,Email Marketing,32,0,1068.59,0
CUST_02608,Premium,Facebook Ads,24,0,3995.21,0
CUST_02609,Premium,Facebook Ads,24,3,1097.68,1
CUST_02610,Standard,Google Search,47,4,3821.07,0
CUST_02611,Standard,Facebook Ads,13,3,2630.52,0
CUST_02612,Premium,Facebook Ads,47,7,3190.99,0
CUST_02613,Premium,Facebook Ads,41,3,3748.05,0
CUST_02614,Premium,Facebook Ads,34,2,2370.29,1
CUST_02615,Premium,Google Search,3,3,3201.27,0
CUST_02616,Basic,Email Marketing,47,0,563.85,0
CUST_02617,Standard,Facebook Ads,13,2,1995.34,0
CUST_02618,Premium,Facebook Ads,36,6,2407.86,0
CUST_02619,Basic,Google Search,43,5,342.24,1
CUST_02620,Standard,Facebook Ads,40,6,1574.21,0
CUST_02621,Premium,Email Marketing,15,2,2920.56,0
CUST_02622,Premium,Organic,6,1,3927.5,0
CUST_02623,Premium,Email Marketing,3,6,4303.19,0
CUST_02624,Basic,Facebook Ads,37,3,2281.32,0
CUST_02625,Basic,Organic,4,3,988.25,1
CUST_02626,Premium,Email Marketing,39,2,2143.67,0
CUST_02627,Premium,Google Search,43,2,4427.53,0
CUST_02628,Basic,Google Search,24,2,2220.74,0
CUST_02629,Premium,Organic,19,2,1233.71,0
CUST_02630,Basic,Organic,45,1,NaN,0
CUST_02631,Basic,Facebook Ads,11,3,1266.51,0
CUST_02632,Premium,Email Marketing,22,3,3751.68,0
CUST_02633,Premium,Email Marketing,25,0,305.07,0
CUST_02634,Basic,Email Marketing,20,2,4028.8,0
CUST_02635,Premium,Organic,3,3,223.47,0
CUST_02636,Premium,Google Search,31,7,1243.25,0
CUST_02637,Standard,Facebook Ads,4,3,3979.24,0
CUST_02638,Premium,Organic,22,0,4419.95,0
CUST_02639,Standard,Organic,27,1,1350.72,0
CUST_02640,Basic,Facebook Ads,17,4,3709.22,0
CUST_02641,Standard,Organic,28,7,354.5,0
CUST_02642,Basic,Email Marketing,26,4,4443.87,0
CUST_02643,Standard,Facebook Ads,10,1,3427.73,0
CUST_02644,Premium,Organic,22,3,1352.98,0
CUST_02645,Standard,Facebook Ads,1,1,260.2,0
CUST_02646,Basic,Organic,11,2,424.51,0
CUST_02647,Premium,Email Marketing,20,7,3927.97,0
CUST_02648,Premium,Organic,17,0,4035.43,0
CUST_02649,Standard,Facebook Ads,30,3,671.47,0
CUST_02650,Standard,Google Search,30,7,4119.86,0
CUST_02651,Basic,Email Marketing,6,3,1786.51,0
CUST_02652,Premium,Organic,10,4,549.87,1
CUST_02653,Standard,Google Search,17,5,644.73,0
CUST_02654,Basic,Google Search,17,3,1850.99,0
CUST_02655,Basic,Google Search,12,7,148.91,1
CUST_02656,Basic,Facebook Ads,13,2,2165.77,0
CUST_02657,Premium,Google Search,7,6,4340.33,0
CUST_02658,Premium,Google Search,13,2,2571.37,0
CUST_02659,Basic,Organic,17,7,200.9,1
CUST_02660,Standard,Google Search,44,6,525.44,0
CUST_02661,Premium,Email Marketing,19,6,3736.51,0
CUST_02662,Basic,Organic,9,2,3411.05,0
CUST_02663,Standard,Google Search,45,3,3691.1,0
CUST_02664,Premium,Organic,31,3,3655.47,0
CUST_02665,Standard,Facebook Ads,47,5,2146.6,0
CUST_02666,Standard,Google Search,43,6,576.75,0
CUST_02667,Basic,Organic,31,2,2693.1,0
CUST_02668,Standard,Email Marketing,5,3,3917.24,0
CUST_02669,Basic,Organic,14,3,164.19,0
CUST_02670,Standard,Google Search,30,7,2699.24,0
CUST_02671,Premium,Organic,9,6,555.24,0
CUST_02672,Premium,Email Marketing,45,6,2337.58,0
CUST_02673,Basic,Google Search,38,4,3998.76,0
CUST_02674,Standard,Google Search,7,6,2061.92,0
CUST_02675,Premium,Email Marketing,39,3,1130.56,0
CUST_02676,Premium,Organic,18,0,2239.19,0
CUST_02677,Basic,Google Search,47,3,4254.64,0
CUST_02678,Premium,Email Marketing,24,2,1472.01,0
CUST_02679,Premium,Organic,8,2,2521.96,0
CUST_02680,Premium,Facebook Ads,11,1,1370.68,0
CUST_02681,Premium,Email Marketing,27,2,613.86,0
CUST_02682,Premium,Facebook Ads,4,5,745.43,0
CUST_02683,Premium,Google Search,12,0,3170.93,0
CUST_02684,Standard,Email Marketing,20,1,2703.17,0
CUST_02685,Standard,Google Search,8,5,2179.11,1
CUST_02686,Basic,Organic,12,7,159.93,0
CUST_02687,Basic,Organic,17,2,3109.3,0
CUST_02688,Basic,Email Marketing,15,0,1770.98,0
CUST_02689,Basic,Google Search,17,2,3737.69,0
CUST_02690,Premium,Google Search,30,1,2450.36,0
CUST_02691,Standard,Google Search,17,2,381.47,0
CUST_02692,Basic,Google Search,6,2,3759.56,1
CUST_02693,Standard,Email Marketing,4,7,1093.34,0
CUST_02694,Premium,Email Marketing,43,2,1245.49,0
CUST_02695,Premium,Facebook Ads,36,5,737.9,0
CUST_02696,Standard,Email Marketing,21,6,2913.92,0
CUST_02697,Premium,Google Search,28,6,1694.13,0
CUST_02698,Basic,Organic,47,0,466.75,0
CUST_02699,Standard,Facebook Ads,29,5,3298.0,0
CUST_02700,Premium,Email Marketing,7,2,308.22,0
CUST_02701,Premium,Organic,44,5,1591.83,0
CUST_02702,Basic,Email Marketing,3,5,130.77,0
CUST_02703,Premium,Facebook Ads,41,4,3772.76,0
CUST_02704,Basic,Google Search,25,1,3881.9,0
CUST_02705,Basic,Email Marketing,43,1,4493.16,0
CUST_02706,Standard,Email Marketing,5,0,1525.93,0
CUST_02707,Premium,Google Search,40,4,3058.86,0
CUST_02708,Basic,Email Marketing,6,4,2448.85,0
CUST_02709,Premium,Email Marketing,28,6,4136.98,0
CUST_02710,Premium,Google Search,45,6,1895.78,0
CUST_02711,Premium,Email Marketing,26,3,1450.76,0
CUST_02712,Standard,Google Search,21,2,4284.38,0
CUST_02713,Premium,Google Search,44,2,1406.23,0
CUST_02714,Standard,Organic,7,0,3777.84,0
CUST_02715,Premium,Google Search,35,2,1155.77,0
CUST_02716,Standard,Facebook Ads,8,7,3842.86,0
CUST_02717,Premium,Organic,21,6,1309.75,0
CUST_02718,Standard,Facebook Ads,36,5,3964.53,0
CUST_02719,Premium,Google Search,24,4,1950.29,0
CUST_02720,Premium,Facebook Ads,7,4,2432.65,1
CUST_02721,Standard,Organic,23,2,4130.41,0
CUST_02722,Premium,Email Marketing,25,4,2813.99,0
CUST_02723,Premium,Email Marketing,6,1,1718.36,0
CUST_02724,Basic,Facebook Ads,42,0,1920.82,0
CUST_02725,Basic,Facebook Ads,20,1,4037.47,0
CUST_02726,Basic,Google Search,45,UNKNOWN,2541.67,0
CUST_02727,Standard,Google Search,29,6,1316.97,0
CUST_02728,Premium,Facebook Ads,16,6,1802.06,0
CUST_02729,Standard,Facebook Ads,47,7,3782.57,0
CUST_02730,Basic,Facebook Ads,47,7,125.0,0
CUST_02731,Premium,Facebook Ads,16,7,NaN,0
CUST_02732,Basic,Google Search,34,UNKNOWN,3666.44,0
CUST_02733,Premium,Email Marketing,44,3,4057.38,0
CUST_02734,Basic,Organic,25,4,1256.76,0
CUST_02735,Premium,Email Marketing,32,1,4039.09,0
CUST_02736,Standard,Google Search,28,6,408.93,0
CUST_02737,Basic,Email Marketing,41,3,3429.07,0
CUST_02738,Premium,Google Search,23,3,3843.86,0
CUST_02739,Standard,Facebook Ads,27,1,1522.9,0
CUST_02740,Basic,Google Search,37,0,2263.27,0
CUST_02741,Premium,Email Marketing,27,7,2477.61,0
CUST_02742,Premium,Email Marketing,43,1,3369.15,0
CUST_02743,Premium,Organic,42,7,322.69,1
CUST_02744,Premium,Organic,12,2,441.38,0
CUST_02745,Standard,Facebook Ads,37,2,764.33,1
CUST_02746,Premium,Facebook Ads,42,6,195.47,0
CUST_02747,Standard,Google Search,18,7,4277.79,1
CUST_02748,Premium,Email Marketing,25,6,3087.67,0
CUST_02749,Standard,Email Marketing,43,6,1861.8,0
CUST_02750,Standard,Facebook Ads,42,7,2198.01,0
CUST_02751,Basic,Facebook Ads,40,1,817.6,0
CUST_02752,Premium,Organic,45,0,3123.64,0
CUST_02753,Basic,Organic,42,3,515.24,0
CUST_02754,Standard,Email Marketing,7,6,1351.58,0
CUST_02755,Basic,Facebook Ads,33,1,2976.82,0
CUST_02756,Premium,Facebook Ads,16,6,1945.43,0
CUST_02757,Premium,Organic,12,5,1717.89,0
CUST_02758,Basic,Google Search,41,0,3122.2,0
CUST_02759,Standard,Email Marketing,40,2,3090.08,0
CUST_02760,Standard,Organic,41,2,3466.68,0
CUST_02761,Standard,Email Marketing,20,5,3834.71,1
CUST_02762,Basic,Facebook Ads,24,5,205.43,1
CUST_02763,Standard,Organic,3,3,3612.19,0
CUST_02764,Basic,Organic,1,5,270.0,1
CUST_02765,Standard,Google Search,46,0,2962.51,0
CUST_02766,Premium,Email Marketing,4,3,1686.54,0
CUST_02767,Standard,Email Marketing,17,2,2969.41,0
CUST_02768,Premium,Organic,27,1,2168.88,0
CUST_02769,Standard,Facebook Ads,8,3,1739.12,0
CUST_02770,Premium,Facebook Ads,4,7,1882.19,0
CUST_02771,Standard,Email Marketing,48,5,2319.7,1
CUST_02772,Basic,Organic,32,0,3509.3,0
CUST_02773,Premium,Organic,20,2,2182.35,1
CUST_02774,Standard,Email Marketing,8,4,2842.79,0
CUST_02775,Standard,Facebook Ads,24,4,3263.67,0
CUST_02776,Basic,Facebook Ads,42,1,1237.34,0
CUST_02777,Standard,Email Marketing,7,4,3576.49,0
CUST_02778,Premium,Google Search,15,0,2337.95,0
CUST_02779,Standard,Facebook Ads,47,4,1906.29,0
CUST_02780,Premium,Google Search,47,5,3109.66,0
CUST_02781,Basic,Facebook Ads,10,0,2782.46,0
CUST_02782,Standard,Google Search,30,4,1123.87,0
CUST_02783,Premium,Organic,11,7,806.58,0
CUST_02784,Standard,Facebook Ads,44,0,4381.49,0
CUST_02785,Basic,Google Search,40,0,2826.77,0
CUST_02786,Standard,Facebook Ads,16,6,2555.25,0
CUST_02787,Standard,Google Search,16,7,3271.54,0
CUST_02788,Premium,Organic,16,6,3455.64,0
CUST_02789,Premium,Google Search,15,7,931.73,0
CUST_02790,Basic,Email Marketing,10,2,3105.06,0
CUST_02791,Premium,Facebook Ads,3,7,3050.68,0
CUST_02792,Premium,Email Marketing,38,1,712.68,0
CUST_02793,Premium,Organic,25,7,4114.89,0
CUST_02794,Standard,Google Search,30,1,2034.54,0
CUST_02795,Basic,Facebook Ads,12,3,615.86,0
CUST_02796,Premium,Organic,31,3,1720.97,0
CUST_02797,Basic,Email Marketing,6,6,348.37,0
CUST_02798,Premium,Facebook Ads,27,4,471.19,0
CUST_02799,Basic,Google Search,15,6,249.58,1
CUST_02800,Basic,Organic,5,3,673.54,0
CUST_02801,Basic,Organic,23,1,301.39,0
CUST_02802,Standard,Facebook Ads,13,5,2428.15,0
CUST_02803,Basic,Organic,45,3,3314.78,0
CUST_02804,Standard,Email Marketing,37,1,2744.47,1
CUST_02805,Standard,Email Marketing,30,2,785.1,0
CUST_02806,Basic,Facebook Ads,22,0,1032.04,0
CUST_02807,Standard,Email Marketing,19,6,2384.39,0
CUST_02808,Basic,Email Marketing,42,7,146.06,1
CUST_02809,Standard,Facebook Ads,48,5,4096.3,0
CUST_02810,Standard,Organic,1,2,3234.22,0
CUST_02811,Basic,Google Search,38,2,3520.53,0
CUST_02812,Standard,Organic,24,3,2276.05,0
CUST_02813,Basic,Organic,5,2,3235.04,0
CUST_02814,Basic,Email Marketing,48,3,494.08,0
CUST_02815,Premium,Google Search,4,1,3251.19,0
CUST_02816,Premium,Facebook Ads,21,4,2806.52,0
CUST_02817,Standard,Email Marketing,48,0,1124.67,0
CUST_02818,Standard,Organic,22,4,1860.46,0
CUST_02819,Standard,Google Search,45,2,389.97,0
CUST_02820,Basic,Organic,22,5,175.29,1
CUST_02821,Standard,Email Marketing,20,3,995.59,0
CUST_02822,Standard,Organic,48,6,1972.49,1
CUST_02823,Premium,Google Search,8,3,805.68,0
CUST_02824,Standard,Email Marketing,23,2,447.04,0
CUST_02825,Premium,Facebook Ads,7,2,740.97,0
CUST_02826,Basic,Facebook Ads,23,4,2599.52,0
CUST_02827,Premium,Google Search,23,0,4225.92,0
CUST_02828,Standard,Google Search,30,1,3839.08,0
CUST_02829,Premium,Organic,38,7,1174.92,0
CUST_02830,Premium,Facebook Ads,47,2,857.53,0
CUST_02831,Standard,Organic,29,5,3555.71,0
CUST_02832,Basic,Facebook Ads,39,2,3780.47,0
CUST_02833,Standard,Google Search,5,2,3507.72,0
CUST_02834,Basic,Organic,18,4,790.96,0
CUST_02835,Standard,Facebook Ads,9,7,4450.41,0
CUST_02836,Premium,Facebook Ads,5,3,2790.0,0
CUST_02837,Basic,Email Marketing,43,1,2991.23,0
CUST_02838,Standard,Email Marketing,9,4,NaN,1
CUST_02839,Premium,Google Search,40,2,1545.86,0
CUST_02840,Basic,Email Marketing,40,3,2420.15,0
CUST_02841,Standard,Google Search,46,3,2077.9,0
CUST_02842,Basic,Organic,20,4,3231.11,1
CUST_02843,Standard,Email Marketing,14,4,587.07,0
CUST_02844,Basic,Organic,34,1,2663.18,0
CUST_02845,Standard,Organic,18,7,3168.18,0
CUST_02846,Basic,Facebook Ads,21,4,1814.91,0
CUST_02847,Basic,Google Search,18,5,188.56,1
CUST_02848,Standard,Facebook Ads,4,5,1012.62,0
CUST_02849,Basic,Facebook Ads,1,5,217.31,1
CUST_02850,Basic,Email Marketing,26,1,1155.24,0
CUST_02851,Standard,Facebook Ads,32,3,2568.84,0
CUST_02852,Basic,Facebook Ads,19,0,773.43,0
CUST_02853,Standard,Email Marketing,10,6,3380.98,0
CUST_02854,Standard,Email Marketing,44,6,1694.09,0
CUST_02855,Premium,Organic,16,6,4456.21,0
CUST_02856,Premium,Email Marketing,8,5,1587.06,0
CUST_02857,Standard,Facebook Ads,28,0,4469.52,0
CUST_02858,Basic,Facebook Ads,10,3,4033.02,0
CUST_02859,Premium,Facebook Ads,18,5,4095.1,0
CUST_02860,Basic,Facebook Ads,46,4,1101.05,0
CUST_02861,Standard,Google Search,9,4,2104.36,0
CUST_02862,Basic,Facebook Ads,3,0,3520.31,0
CUST_02863,Premium,Email Marketing,40,3,2255.18,0
CUST_02864,Basic,Email Marketing,31,1,567.48,0
CUST_02865,Premium,Email Marketing,45,2,1677.21,0
CUST_02866,Premium,Facebook Ads,17,5,3847.74,0
CUST_02867,Basic,Facebook Ads,17,7,156.84,1
CUST_02868,Standard,Facebook Ads,44,0,2052.29,1
CUST_02869,Standard,Organic,12,4,659.53,0
CUST_02870,Premium,Facebook Ads,43,2,791.33,0
CUST_02871,Premium,Organic,1,7,2676.95,0
CUST_02872,Basic,Facebook Ads,5,1,3849.5,0
CUST_02873,Basic,Facebook Ads,23,0,2435.4,0
CUST_02874,Standard,Organic,25,6,2496.31,0
CUST_02875,Standard,Google Search,12,0,1791.3,0
CUST_02876,Basic,Email Marketing,33,0,3938.78,0
CUST_02877,Basic,Organic,46,6,193.5,1
CUST_02878,Basic,Facebook Ads,23,0,4488.46,0
CUST_02879,Basic,Google Search,45,3,261.34,0
CUST_02880,Basic,Facebook Ads,19,1,3797.84,0
CUST_02881,Premium,Email Marketing,33,2,2741.53,0
CUST_02882,Standard,Organic,47,1,1309.22,1
CUST_02883,Basic,Organic,11,7,245.47,0
CUST_02884,Standard,Google Search,23,6,3951.38,0
CUST_02885,Basic,Facebook Ads,45,1,4035.88,0
CUST_02886,Standard,Google Search,13,0,3695.24,0
CUST_02887,Basic,Organic,33,3,4443.9,0
CUST_02888,Basic,Email Marketing,3,0,2789.07,1
CUST_02889,Basic,Email Marketing,22,6,76.93,0
CUST_02890,Standard,Organic,18,7,2887.22,0
CUST_02891,Basic,Email Marketing,33,7,296.87,1
CUST_02892,Basic,Email Marketing,28,1,720.51,0
CUST_02893,Premium,Organic,42,4,2828.52,1
CUST_02894,Standard,Facebook Ads,26,2,4172.45,0
CUST_02895,Basic,Google Search,21,7,135.17,1
CUST_02896,Premium,Google Search,16,0,182.44,0
CUST_02897,Standard,Facebook Ads,1,0,3303.49,1
CUST_02898,Standard,Email Marketing,1,1,2275.23,0
CUST_02899,Premium,Organic,6,1,3611.89,0
CUST_02900,Basic,Google Search,18,4,1887.06,0
CUST_02901,Standard,Google Search,26,0,859.34,0
CUST_02902,Standard,Facebook Ads,41,2,3083.28,0
CUST_02903,Standard,Facebook Ads,32,2,2724.08,0
CUST_02904,Standard,Email Marketing,23,4,4198.37,0
CUST_02905,Standard,Email Marketing,8,3,689.9,0
CUST_02906,Premium,Organic,29,5,2035.71,0
CUST_02907,Premium,Email Marketing,33,1,1714.43,0
CUST_02908,Standard,Google Search,12,4,2783.56,0
CUST_02909,Standard,Organic,23,5,492.32,0
CUST_02910,Premium,Organic,18,5,4462.96,0
CUST_02911,Basic,Facebook Ads,6,4,3814.49,1
CUST_02912,Premium,Email Marketing,44,4,1266.77,0
CUST_02913,Basic,Email Marketing,34,4,1073.07,0
CUST_02914,Premium,Google Search,17,7,849.53,0
CUST_02915,Basic,Organic,19,2,2896.79,0
CUST_02916,Standard,Google Search,24,1,4455.65,0
CUST_02917,Standard,Email Marketing,33,7,1898.08,0
CUST_02918,Premium,Email Marketing,6,7,692.89,0
CUST_02919,Premium,Google Search,10,1,4428.74,0
CUST_02920,Premium,Facebook Ads,40,6,4360.41,0
CUST_02921,Standard,Organic,48,5,2341.25,0
CUST_02922,Basic,Google Search,30,3,462.21,0
CUST_02923,Basic,Organic,45,1,2995.77,0
CUST_02924,Basic,Google Search,31,2,2133.72,0
CUST_02925,Basic,Organic,47,3,887.85,0
CUST_02926,Standard,Organic,37,5,3271.17,0
CUST_02927,Premium,Google Search,32,5,2784.15,0
CUST_02928,Basic,Email Marketing,8,5,126.22,1
CUST_02929,Premium,Google Search,37,5,638.96,1
CUST_02930,Basic,Google Search,35,6,301.8,1
CUST_02931,Premium,Facebook Ads,22,UNKNOWN,1407.01,0
CUST_02932,Basic,Organic,27,4,2557.69,0
CUST_02933,Standard,Organic,30,5,2076.37,0
CUST_02934,Premium,Organic,25,5,2317.93,0
CUST_02935,Basic,Email Marketing,33,3,1956.07,0
CUST_02936,Basic,Organic,13,1,3553.11,0
CUST_02937,Basic,Email Marketing,6,0,2625.62,0
CUST_02938,Premium,Facebook Ads,6,2,3040.01,0
CUST_02939,Basic,Facebook Ads,9,4,2941.95,0
CUST_02940,Standard,Organic,3,3,1758.91,0
CUST_02941,Premium,Email Marketing,17,3,4223.04,0
CUST_02942,Standard,Facebook Ads,15,7,3538.36,0
CUST_02943,Standard,Email Marketing,43,7,2843.57,0
CUST_02944,Standard,Facebook Ads,41,5,391.57,0
CUST_02945,Standard,Organic,22,6,1356.96,0
CUST_02946,Premium,Facebook Ads,12,4,1768.16,0
CUST_02947,Basic,Google Search,23,2,459.98,0
CUST_02948,Basic,Email Marketing,42,0,395.66,0
CUST_02949,Standard,Organic,38,5,803.74,1
CUST_02950,Basic,Email Marketing,44,6,NaN,1
CUST_02951,Premium,Google Search,10,6,227.96,0
CUST_02952,Standard,Google Search,33,4,636.45,0
CUST_02953,Standard,Facebook Ads,18,0,2996.2,0
CUST_02954,Basic,Google Search,41,5,NaN,1
CUST_02955,Basic,Email Marketing,3,5,301.64,1
CUST_02956,Standard,Organic,48,0,3481.22,0
CUST_02957,Standard,Google Search,30,7,3228.62,0
CUST_02958,Basic,Google Search,29,3,4442.36,0
CUST_02959,Premium,Google Search,34,6,3852.84,0
CUST_02960,Premium,Email Marketing,48,7,4448.36,0
CUST_02961,Basic,Organic,10,7,255.72,1
CUST_02962,Premium,Facebook Ads,25,6,3480.44,0
CUST_02963,Basic,Facebook Ads,30,7,274.19,0
CUST_02964,Premium,Google Search,9,4,541.5,0
CUST_02965,Premium,Google Search,14,2,577.7,0
CUST_02966,Basic,Organic,44,UNKNOWN,4183.45,0
CUST_02967,Premium,Facebook Ads,29,3,370.47,1
CUST_02968,Basic,Organic,13,2,664.06,0
CUST_02969,Premium,Email Marketing,26,6,2144.57,0
CUST_02970,Premium,Google Search,6,4,1422.55,0
CUST_02971,Standard,Facebook Ads,40,6,2514.39,0
CUST_02972,Basic,Organic,47,1,3840.38,0
CUST_02973,Premium,Facebook Ads,23,4,1678.63,0
CUST_02974,Basic,Google Search,48,2,996.37,0
CUST_02975,Basic,Google Search,38,2,3194.28,0
CUST_02976,Basic,Organic,39,7,79.55,0
CUST_02977,Standard,Email Marketing,22,0,625.59,0
CUST_02978,Standard,Google Search,26,4,3018.65,0
CUST_02979,Basic,Facebook Ads,12,6,88.66,1
CUST_02980,Basic,Organic,11,6,385.75,1
CUST_02981,Standard,Email Marketing,2,6,4005.84,0
CUST_02982,Premium,Google Search,45,4,3924.1,0
CUST_02983,Premium,Facebook Ads,14,2,855.32,0
CUST_02984,Premium,Facebook Ads,8,6,3942.35,0
CUST_02985,Standard,Facebook Ads,18,7,3627.91,0
CUST_02986,Standard,Email Marketing,7,2,4439.56,0
CUST_02987,Standard,Organic,33,4,1660.53,0
CUST_02988,Basic,Google Search,7,6,392.68,1
CUST_02989,Standard,Organic,10,2,2432.32,0
CUST_02990,Basic,Email Marketing,45,2,246.02,0
CUST_02991,Standard,Google Search,44,UNKNOWN,2230.78,0
CUST_02992,Premium,Google Search,40,1,4304.88,0
CUST_02993,Basic,Organic,21,5,327.47,1
CUST_02994,Basic,Facebook Ads,45,3,660.8,0
CUST_02995,Basic,Facebook Ads,17,0,3055.94,1
CUST_02996,Standard,Organic,11,2,3757.57,0
CUST_02997,Basic,Facebook Ads,40,2,2452.25,0
CUST_02998,Premium,Facebook Ads,6,1,1659.81,0
CUST_02999,Basic,Organic,14,1,1333.28,0
CUST_03000,Basic,Organic,24,6,240.93,1
CUST_03001,Premium,Email Marketing,36,5,3453.01,0
CUST_03002,Premium,Email Marketing,15,3,1680.61,0
CUST_03003,Standard,Email Marketing,2,4,2122.78,0
CUST_03004,Standard,Facebook Ads,40,7,1136.06,0
CUST_03005,Standard,Google Search,25,2,3794.6,0
CUST_03006,Premium,Google Search,9,3,2509.83,0
CUST_03007,Premium,Facebook Ads,41,1,1331.55,0
CUST_03008,Standard,Organic,13,5,2213.62,1
CUST_03009,Standard,Email Marketing,44,6,3623.9,0
CUST_03010,Premium,Google Search,9,3,984.27,0
CUST_03011,Premium,Email Marketing,6,3,2617.91,0
CUST_03012,Premium,Email Marketing,28,2,2740.79,1
CUST_03013,Standard,Email Marketing,3,4,641.29,0
CUST_03014,Basic,Facebook Ads,35,5,207.64,1
CUST_03015,Standard,Organic,21,4,1665.2,0
CUST_03016,Standard,Facebook Ads,8,5,NaN,0
CUST_03017,Basic,Email Marketing,22,2,4398.69,1
CUST_03018,Standard,Organic,5,3,2808.38,0
CUST_03019,Basic,Organic,28,2,1947.8,0
CUST_03020,Basic,Facebook Ads,47,7,111.62,1
CUST_03021,Premium,Google Search,7,2,3011.56,0
CUST_03022,Premium,Organic,2,1,3774.12,0
CUST_03023,Premium,Email Marketing,40,5,4026.05,0
CUST_03024,Basic,Organic,27,7,171.59,1
CUST_03025,Premium,Organic,12,7,1315.98,0
CUST_03026,Premium,Email Marketing,31,2,1687.75,0
CUST_03027,Standard,Google Search,12,5,3635.21,0
CUST_03028,Basic,Facebook Ads,31,0,883.76,0
CUST_03029,Basic,Facebook Ads,40,4,4164.82,1
CUST_03030,Basic,Google Search,22,1,1115.74,0
CUST_03031,Basic,Organic,35,0,1835.85,0
CUST_03032,Premium,Organic,14,7,1037.73,0
CUST_03033,Basic,Email Marketing,17,1,189.47,0
CUST_03034,Standard,Email Marketing,2,0,1730.28,1
CUST_03035,Premium,Organic,17,2,3924.22,0
CUST_03036,Premium,Google Search,28,1,1171.4,0
CUST_03037,Basic,Organic,39,4,891.86,0
CUST_03038,Standard,Email Marketing,36,7,376.0,0
CUST_03039,Basic,Facebook Ads,48,3,2379.62,0
CUST_03040,Standard,Google Search,30,5,3799.01,0
CUST_03041,Basic,Google Search,45,0,479.24,0
CUST_03042,Premium,Organic,25,1,4181.68,0
CUST_03043,Basic,Email Marketing,6,1,1005.23,0
CUST_03044,Premium,Organic,18,1,770.23,0
CUST_03045,Premium,Facebook Ads,28,0,2139.75,0
CUST_03046,Basic,Organic,45,1,2004.27,0
CUST_03047,Standard,Google Search,4,2,1109.57,0
CUST_03048,Premium,Email Marketing,22,7,3639.26,0
CUST_03049,Basic,Email Marketing,41,7,218.27,1
CUST_03050,Standard,Organic,40,4,618.92,0
CUST_03051,Basic,Google Search,6,4,644.31,0
CUST_03052,Premium,Email Marketing,19,5,2383.77,0
CUST_03053,Basic,Email Marketing,16,5,273.18,1
CUST_03054,Basic,Organic,5,0,2497.95,0
CUST_03055,Standard,Email Marketing,33,4,1072.53,0
CUST_03056,Premium,Facebook Ads,44,1,NaN,0
CUST_03057,Standard,Email Marketing,14,5,2741.64,0
CUST_03058,Premium,Organic,39,1,1438.53,0
CUST_03059,Standard,Email Marketing,11,2,784.3,0
CUST_03060,Premium,Organic,39,4,569.83,0
CUST_03061,Standard,Facebook Ads,31,7,2969.9,0
CUST_03062,Premium,Google Search,3,6,3139.39,0
CUST_03063,Basic,Email Marketing,29,7,195.48,1
CUST_03064,Standard,Google Search,42,7,2255.49,0
CUST_03065,Standard,Facebook Ads,6,7,780.48,0
CUST_03066,Basic,Organic,20,3,721.07,0
CUST_03067,Basic,Facebook Ads,14,1,3989.57,0
CUST_03068,Standard,Google Search,5,0,2393.16,0
CUST_03069,Premium,Email Marketing,46,4,2063.43,0
CUST_03070,Standard,Email Marketing,43,4,2236.27,0
CUST_03071,Premium,Facebook Ads,38,3,179.17,0
CUST_03072,Basic,Google Search,17,7,99.64,1
CUST_03073,Premium,Email Marketing,11,UNKNOWN,4094.8,0
CUST_03074,Basic,Google Search,31,5,371.77,1
CUST_03075,Premium,Facebook Ads,41,7,4116.82,0
CUST_03076,Basic,Organic,33,0,4197.8,0
CUST_03077,Standard,Email Marketing,21,2,4320.19,0
CUST_03078,Premium,Email Marketing,4,2,1446.36,0
CUST_03079,Standard,Organic,21,3,912.43,0
CUST_03080,Premium,Google Search,41,3,4337.6,0
CUST_03081,Premium,Organic,45,5,3637.97,0
CUST_03082,Basic,Google Search,17,4,312.22,0
CUST_03083,Standard,Google Search,32,2,2819.99,0
CUST_03084,Standard,Google Search,37,2,3192.09,0
CUST_03085,Premium,Organic,12,0,157.13,0
CUST_03086,Basic,Organic,37,7,136.11,1
CUST_03087,Premium,Facebook Ads,10,4,2603.48,0
CUST_03088,Basic,Google Search,35,0,1023.97,0
CUST_03089,Premium,Organic,20,2,3650.88,0
CUST_03090,Standard,Facebook Ads,18,1,1043.0,0
CUST_03091,Basic,Organic,37,6,343.01,0
CUST_03092,Premium,Facebook Ads,9,1,1536.88,0
CUST_03093,Standard,Google Search,5,7,4088.1,0
CUST_03094,Basic,Email Marketing,35,7,91.11,0
CUST_03095,Standard,Facebook Ads,20,3,1387.4,0
CUST_03096,Standard,Facebook Ads,30,1,394.23,0
CUST_03097,Basic,Google Search,9,0,1037.76,0
CUST_03098,Standard,Email Marketing,22,4,1880.89,0
CUST_03099,Standard,Facebook Ads,15,1,1704.29,0
CUST_03100,Basic,Organic,33,2,3597.29,0
CUST_03101,Basic,Organic,37,1,4485.41,0
CUST_03102,Standard,Organic,32,7,2635.03,0
CUST_03103,Premium,Email Marketing,4,3,1379.25,0
CUST_03104,Premium,Organic,29,0,3059.78,0
CUST_03105,Standard,Email Marketing,19,3,1619.22,0
CUST_03106,Basic,Google Search,28,1,2114.43,0
CUST_03107,Standard,Google Search,12,5,2575.42,0
CUST_03108,Standard,Facebook Ads,25,6,1877.19,0
CUST_03109,Premium,Email Marketing,4,0,851.14,0
CUST_03110,Standard,Google Search,18,0,2401.92,0
CUST_03111,Premium,Google Search,20,7,201.53,0
CUST_03112,Basic,Google Search,34,UNKNOWN,1039.04,1
CUST_03113,Premium,Email Marketing,12,0,1177.45,0
CUST_03114,Standard,Email Marketing,23,2,4145.56,0
CUST_03115,Standard,Facebook Ads,17,1,2398.95,0
CUST_03116,Standard,Google Search,32,3,209.31,1
CUST_03117,Standard,Organic,30,7,2886.11,0
CUST_03118,Basic,Organic,3,7,368.83,1
CUST_03119,Basic,Google Search,16,4,1110.1,0
CUST_03120,Basic,Email Marketing,2,4,242.01,1
CUST_03121,Standard,Facebook Ads,7,1,992.43,0
CUST_03122,Basic,Facebook Ads,31,7,241.92,0
CUST_03123,Basic,Organic,2,1,1762.6,0
CUST_03124,Standard,Google Search,20,2,3648.65,0
CUST_03125,Basic,Facebook Ads,15,3,2984.68,0
CUST_03126,Premium,Google Search,12,0,389.21,0
CUST_03127,Premium,Email Marketing,31,7,2374.53,0
CUST_03128,Standard,Email Marketing,6,2,4356.46,0
CUST_03129,Premium,Organic,11,0,1884.39,0
CUST_03130,Basic,Organic,28,3,2416.31,0
CUST_03131,Standard,Facebook Ads,46,6,1732.24,0
CUST_03132,Premium,Email Marketing,16,6,1640.71,0
CUST_03133,Premium,Organic,31,5,3124.23,0
CUST_03134,Basic,Facebook Ads,19,6,353.83,1
CUST_03135,Premium,Google Search,38,0,4097.29,0
CUST_03136,Standard,Google Search,33,5,4368.56,0
CUST_03137,Premium,Google Search,26,1,2884.32,0
CUST_03138,Standard,Email Marketing,28,6,1361.02,0
CUST_03139,Standard,Google Search,38,3,1479.73,0
CUST_03140,Basic,Email Marketing,30,4,NaN,0
CUST_03141,Basic,Organic,5,1,2739.62,0
CUST_03142,Basic,Facebook Ads,25,5,203.54,1
CUST_03143,Standard,Organic,31,3,2307.89,0
CUST_03144,Standard,Facebook Ads,48,7,2663.62,1
CUST_03145,Basic,Facebook Ads,6,3,3213.0,0
CUST_03146,Standard,Facebook Ads,42,5,3434.37,0
CUST_03147,Premium,Email Marketing,35,3,992.61,0
CUST_03148,Basic,Organic,36,1,2180.05,0
CUST_03149,Standard,Facebook Ads,13,1,1952.32,0
CUST_03150,Premium,Email Marketing,41,0,562.29,0
CUST_03151,Basic,Email Marketing,19,6,151.79,1
CUST_03152,Premium,Google Search,32,2,2309.01,0
CUST_03153,Standard,Google Search,14,6,985.29,0
CUST_03154,Standard,Google Search,42,4,2836.56,1
CUST_03155,Standard,Email Marketing,15,3,2812.16,0
CUST_03156,Standard,Email Marketing,39,0,4112.81,0
CUST_03157,Standard,Email Marketing,39,5,2427.8,0
CUST_03158,Basic,Organic,42,4,1265.35,0
CUST_03159,Premium,Organic,40,3,747.29,0
CUST_03160,Basic,Email Marketing,26,6,166.15,1
CUST_03161,Standard,Email Marketing,27,2,924.33,0
CUST_03162,Standard,Facebook Ads,30,6,303.52,0
CUST_03163,Standard,Email Marketing,18,2,2265.5,0
CUST_03164,Standard,Google Search,45,5,900.55,0
CUST_03165,Premium,Facebook Ads,40,7,2561.25,1
CUST_03166,Premium,Facebook Ads,28,3,1535.57,0
CUST_03167,Premium,Facebook Ads,28,5,589.36,0
CUST_03168,Premium,Google Search,46,7,3651.27,0
CUST_03169,Basic,Organic,11,0,1565.55,0
CUST_03170,Premium,Organic,23,1,4272.72,0
CUST_03171,Standard,Facebook Ads,31,5,653.68,0
CUST_03172,Premium,Email Marketing,41,3,1069.91,0
CUST_03173,Basic,Facebook Ads,47,5,230.31,1
CUST_03174,Standard,Google Search,45,3,1334.41,0
CUST_03175,Basic,Facebook Ads,34,3,624.73,0
CUST_03176,Standard,Facebook Ads,14,5,281.2,0
CUST_03177,Premium,Facebook Ads,36,6,2342.88,0
CUST_03178,Basic,Facebook Ads,12,6,339.53,1
CUST_03179,Standard,Facebook Ads,37,3,2979.83,0
CUST_03180,Standard,Email Marketing,43,7,1010.35,0
CUST_03181,Standard,Google Search,35,7,1802.75,0
CUST_03182,Basic,Facebook Ads,45,4,4092.68,0
CUST_03183,Standard,Email Marketing,45,4,4163.14,0
CUST_03184,Basic,Organic,44,7,279.3,1
CUST_03185,Premium,Email Marketing,3,6,4443.89,0
CUST_03186,Premium,Google Search,31,6,846.39,0
CUST_03187,Standard,Google Search,44,1,365.17,0
CUST_03188,Basic,Organic,48,6,384.15,1
CUST_03189,Premium,Facebook Ads,47,5,1895.2,0
CUST_03190,Premium,Facebook Ads,42,2,1467.82,1
CUST_03191,Basic,Facebook Ads,45,UNKNOWN,4052.94,1
CUST_03192,Standard,Google Search,35,3,1785.74,0
CUST_03193,Premium,Organic,41,1,2191.27,0
CUST_03194,Standard,Email Marketing,20,5,4468.14,0
CUST_03195,Standard,Facebook Ads,43,7,2486.67,0
CUST_03196,Premium,Facebook Ads,11,2,212.63,0
CUST_03197,Premium,Google Search,35,5,1371.95,0
CUST_03198,Premium,Organic,19,5,3295.71,0
CUST_03199,Premium,Facebook Ads,7,6,3708.63,0
CUST_03200,Premium,Facebook Ads,7,0,1913.2,0
CUST_03201,Basic,Email Marketing,25,6,59.8,1
CUST_03202,Standard,Google Search,2,6,1298.94,0
CUST_03203,Premium,Organic,12,7,1798.6,0
CUST_03204,Standard,Facebook Ads,41,0,2814.78,0
CUST_03205,Basic,Google Search,35,1,904.58,0
CUST_03206,Basic,Facebook Ads,42,1,4448.58,0
CUST_03207,Premium,Facebook Ads,6,6,367.29,0
CUST_03208,Standard,Email Marketing,10,0,3869.05,0
CUST_03209,Standard,Google Search,36,7,1879.96,1
CUST_03210,Premium,Email Marketing,32,5,1707.74,1
CUST_03211,Standard,Organic,25,1,1046.81,0
CUST_03212,Standard,Facebook Ads,19,7,2211.9,0
CUST_03213,Premium,Facebook Ads,48,0,4208.93,0
CUST_03214,Basic,Facebook Ads,43,6,266.05,1
CUST_03215,Premium,Email Marketing,29,1,3040.79,0
CUST_03216,Basic,Organic,19,6,371.0,1
CUST_03217,Basic,Organic,8,5,262.43,1
CUST_03218,Premium,Organic,18,7,4096.02,0
CUST_03219,Premium,Organic,35,5,719.97,0
CUST_03220,Premium,Google Search,48,3,733.22,0
CUST_03221,Standard,Facebook Ads,31,5,4146.63,0
CUST_03222,Premium,Email Marketing,11,3,2436.75,0
CUST_03223,Premium,Organic,17,6,3788.06,0
CUST_03224,Premium,Google Search,38,2,2499.58,0
CUST_03225,Basic,Facebook Ads,7,6,192.14,0
CUST_03226,Premium,Google Search,23,6,467.34,0
CUST_03227,Premium,Email Marketing,27,5,4353.66,0
CUST_03228,Standard,Google Search,48,0,1408.17,0
CUST_03229,Standard,Google Search,27,3,730.19,0
CUST_03230,Premium,Email Marketing,9,6,4178.06,0
CUST_03231,Standard,Google Search,34,6,1198.63,0
CUST_03232,Basic,Email Marketing,22,1,2713.76,0
CUST_03233,Premium,Organic,42,7,1825.87,0
CUST_03234,Premium,Organic,20,5,3447.03,0
CUST_03235,Standard,Email Marketing,16,0,3307.26,0
CUST_03236,Standard,Google Search,21,5,3770.08,0
CUST_03237,Premium,Google Search,5,1,302.69,0
CUST_03238,Basic,Facebook Ads,6,4,1343.8,0
CUST_03239,Basic,Email Marketing,11,0,3745.46,0
CUST_03240,Basic,Organic,2,3,4086.1,0
CUST_03241,Standard,Organic,3,6,4412.69,0
CUST_03242,Basic,Google Search,43,1,3677.66,0
CUST_03243,Premium,Google Search,33,3,1385.13,0
CUST_03244,Standard,Google Search,21,1,3064.25,0
CUST_03245,Basic,Google Search,47,3,4348.49,0
CUST_03246,Premium,Facebook Ads,44,6,4009.6,0
CUST_03247,Basic,Email Marketing,16,5,91.42,1
CUST_03248,Standard,Email Marketing,35,2,4322.08,0
CUST_03249,Premium,Email Marketing,5,2,2246.38,1
CUST_03250,Standard,Organic,17,6,1022.29,0
CUST_03251,Standard,Organic,1,0,3025.81,0
CUST_03252,Standard,Organic,7,3,2136.89,0
CUST_03253,Standard,Email Marketing,24,6,3661.34,0
CUST_03254,Standard,Facebook Ads,11,4,1010.61,0
CUST_03255,Basic,Organic,17,6,140.62,1
CUST_03256,Standard,Google Search,25,7,4396.89,1
CUST_03257,Basic,Organic,11,2,2577.7,0
CUST_03258,Standard,Facebook Ads,22,1,1868.76,1
CUST_03259,Standard,Facebook Ads,17,5,579.34,0
CUST_03260,Premium,Facebook Ads,13,7,2118.57,0
CUST_03261,Standard,Google Search,20,7,1417.17,0
CUST_03262,Standard,Email Marketing,27,7,542.93,0
CUST_03263,Standard,Email Marketing,13,0,1367.92,0
CUST_03264,Premium,Facebook Ads,22,5,3863.4,0
CUST_03265,Premium,Organic,6,6,2197.34,0
CUST_03266,Basic,Email Marketing,18,0,1194.47,0
CUST_03267,Standard,Facebook Ads,47,7,3138.32,0
CUST_03268,Basic,Facebook Ads,12,7,227.38,1
CUST_03269,Standard,Google Search,25,4,2828.27,0
CUST_03270,Premium,Email Marketing,31,3,1548.63,0
CUST_03271,Basic,Organic,46,6,172.45,1
CUST_03272,Premium,Facebook Ads,14,4,2165.12,0
CUST_03273,Premium,Email Marketing,15,2,1446.7,0
CUST_03274,Premium,Organic,17,5,2015.71,0
CUST_03275,Standard,Google Search,46,6,3873.08,0
CUST_03276,Premium,Facebook Ads,34,6,2781.93,0
CUST_03277,Basic,Organic,5,5,127.42,1
CUST_03278,Standard,Facebook Ads,24,7,1566.5,0
CUST_03279,Basic,Organic,43,7,157.18,1
CUST_03280,Basic,Facebook Ads,43,3,2331.07,0
CUST_03281,Premium,Google Search,31,5,1703.62,0
CUST_03282,Premium,Email Marketing,48,5,1740.47,0
CUST_03283,Basic,Email Marketing,47,2,2710.78,0
CUST_03284,Basic,Google Search,44,3,3554.54,0
CUST_03285,Premium,Email Marketing,32,7,2142.76,0
CUST_03286,Basic,Organic,46,1,383.5,0
CUST_03287,Standard,Google Search,44,4,3199.28,1
CUST_03288,Basic,Google Search,30,6,166.59,1
CUST_03289,Basic,Facebook Ads,32,2,2064.54,0
CUST_03290,Premium,Google Search,2,0,643.14,1
CUST_03291,Basic,Google Search,9,4,4390.65,0
CUST_03292,Basic,Google Search,5,0,454.62,0
CUST_03293,Basic,Google Search,13,6,94.18,1
CUST_03294,Premium,Email Marketing,22,7,2193.93,0
CUST_03295,Basic,Organic,6,0,3920.75,0
CUST_03296,Standard,Organic,47,5,2954.93,0
CUST_03297,Basic,Email Marketing,31,7,101.56,1
CUST_03298,Standard,Facebook Ads,41,5,1896.28,0
CUST_03299,Standard,Google Search,44,7,2258.04,0
CUST_03300,Standard,Organic,3,2,4202.28,0
CUST_03301,Standard,Email Marketing,46,5,562.6,0
CUST_03302,Premium,Google Search,8,3,2876.38,0
CUST_03303,Premium,Organic,15,6,2315.25,0
CUST_03304,Basic,Google Search,30,6,115.82,1
CUST_03305,Premium,Facebook Ads,22,5,3978.84,0
CUST_03306,Basic,Organic,28,4,987.14,0
CUST_03307,Premium,Email Marketing,23,5,2169.5,0
CUST_03308,Standard,Google Search,26,6,299.71,0
CUST_03309,Premium,Facebook Ads,30,6,1432.16,0
CUST_03310,Basic,Email Marketing,9,0,1155.94,0
CUST_03311,Premium,Email Marketing,4,0,2228.79,0
CUST_03312,Basic,Email Marketing,29,1,3719.61,1
CUST_03313,Standard,Email Marketing,28,0,2736.07,1
CUST_03314,Standard,Google Search,15,0,1413.89,0
CUST_03315,Premium,Facebook Ads,45,1,3663.71,0
CUST_03316,Standard,Email Marketing,21,7,2512.79,0
CUST_03317,Standard,Google Search,4,2,1833.9,0
CUST_03318,Standard,Email Marketing,42,0,3786.49,0
CUST_03319,Basic,Google Search,5,3,2740.53,0
CUST_03320,Basic,Facebook Ads,18,7,386.75,1
CUST_03321,Standard,Facebook Ads,41,UNKNOWN,3349.64,0
CUST_03322,Standard,Organic,26,6,4372.34,0
CUST_03323,Standard,Email Marketing,32,0,3792.83,0
CUST_03324,Basic,Google Search,2,4,4153.44,0
CUST_03325,Premium,Google Search,27,5,2475.65,0
CUST_03326,Premium,Google Search,21,7,2401.55,0
CUST_03327,Premium,Organic,9,0,921.34,0
CUST_03328,Premium,Email Marketing,25,6,3444.98,0
CUST_03329,Premium,Facebook Ads,32,7,1098.52,0
CUST_03330,Basic,Email Marketing,39,1,2074.73,1
CUST_03331,Basic,Facebook Ads,15,3,2353.83,0
CUST_03332,Standard,Email Marketing,6,6,3897.33,0
CUST_03333,Basic,Google Search,11,6,249.22,1
CUST_03334,Standard,Facebook Ads,33,3,891.74,0
CUST_03335,Standard,Email Marketing,18,4,2581.65,0
CUST_03336,Basic,Google Search,10,5,127.69,1
CUST_03337,Premium,Google Search,18,2,2283.97,1
CUST_03338,Premium,Facebook Ads,36,5,3901.58,0
CUST_03339,Standard,Facebook Ads,30,3,3553.69,1
CUST_03340,Premium,Facebook Ads,29,7,1970.98,0
CUST_03341,Premium,Email Marketing,47,5,3211.64,0
CUST_03342,Premium,Google Search,6,3,2079.61,0
CUST_03343,Standard,Google Search,26,3,862.6,0
CUST_03344,Premium,Organic,31,7,1486.17,0
CUST_03345,Premium,Email Marketing,17,4,458.41,0
CUST_03346,Basic,Facebook Ads,12,1,1343.02,0
CUST_03347,Premium,Email Marketing,5,3,2906.66,0
CUST_03348,Standard,Google Search,47,3,447.16,0
CUST_03349,Basic,Organic,1,0,2512.31,0
CUST_03350,Basic,Organic,25,3,2190.88,0
CUST_03351,Standard,Google Search,11,0,1386.63,0
CUST_03352,Basic,Facebook Ads,27,1,1573.09,0
CUST_03353,Premium,Facebook Ads,4,1,1390.99,0
CUST_03354,Basic,Email Marketing,34,7,262.3,1
CUST_03355,Basic,Facebook Ads,19,1,1084.44,0
CUST_03356,Standard,Google Search,47,3,2014.95,0
CUST_03357,Basic,Organic,28,6,271.71,1
CUST_03358,Standard,Google Search,46,7,NaN,0
CUST_03359,Premium,Google Search,42,1,4143.11,0
CUST_03360,Standard,Organic,37,1,1219.74,0
CUST_03361,Standard,Google Search,44,5,233.93,0
CUST_03362,Standard,Email Marketing,37,6,742.51,0
CUST_03363,Basic,Facebook Ads,21,6,245.56,1
CUST_03364,Basic,Google Search,33,7,263.91,1
CUST_03365,Basic,Organic,42,0,2160.09,0
CUST_03366,Premium,Organic,40,2,2310.16,0
CUST_03367,Premium,Organic,1,7,3841.11,0
CUST_03368,Premium,Facebook Ads,11,7,3753.94,1
CUST_03369,Standard,Facebook Ads,48,4,510.47,0
CUST_03370,Standard,Facebook Ads,20,4,1099.85,0
CUST_03371,Premium,Google Search,35,4,1085.57,0
CUST_03372,Standard,Facebook Ads,46,4,2724.01,0
CUST_03373,Standard,Organic,6,0,854.1,0
CUST_03374,Premium,Organic,26,4,223.67,0
CUST_03375,Premium,Organic,7,7,2133.94,0
CUST_03376,Premium,Organic,45,2,3160.07,0
CUST_03377,Premium,Google Search,38,3,2857.91,0
CUST_03378,Basic,Google Search,30,4,4460.91,0
CUST_03379,Standard,Google Search,17,5,162.31,0
CUST_03380,Premium,Facebook Ads,43,2,3316.84,0
CUST_03381,Standard,Email Marketing,46,0,3689.17,0
CUST_03382,Premium,Organic,26,0,3587.15,0
CUST_03383,Basic,Facebook Ads,28,2,527.22,0
CUST_03384,Standard,Google Search,41,5,3222.77,0
CUST_03385,Basic,Organic,21,3,3358.73,0
CUST_03386,Premium,Google Search,44,3,3619.28,0
CUST_03387,Basic,Google Search,45,1,3008.42,0
CUST_03388,Premium,Organic,26,3,1272.69,0
CUST_03389,Premium,Organic,21,7,4443.44,0
CUST_03390,Premium,Organic,25,7,1107.21,0
CUST_03391,Premium,Organic,3,3,4078.91,0
CUST_03392,Standard,Organic,15,7,1866.23,1
CUST_03393,Premium,Facebook Ads,4,2,595.97,0
CUST_03394,Standard,Facebook Ads,4,3,2532.26,0
CUST_03395,Basic,Email Marketing,21,0,2668.13,0
CUST_03396,Premium,Google Search,44,1,4191.6,1
CUST_03397,Standard,Organic,31,0,3390.47,0
CUST_03398,Premium,Facebook Ads,48,6,1470.15,0
CUST_03399,Premium,Organic,29,0,2191.43,0
CUST_03400,Standard,Google Search,16,3,2478.94,1
CUST_03401,Basic,Google Search,18,1,392.84,0
CUST_03402,Basic,Google Search,20,1,986.81,0
CUST_03403,Premium,Email Marketing,16,7,958.76,0
CUST_03404,Basic,Organic,21,5,383.92,1
CUST_03405,Premium,Google Search,37,5,2046.07,0
CUST_03406,Premium,Organic,14,4,4215.3,0
CUST_03407,Basic,Facebook Ads,8,0,2126.92,1
CUST_03408,Standard,Facebook Ads,33,1,2958.4,0
CUST_03409,Standard,Organic,42,3,1190.25,0
CUST_03410,Basic,Organic,45,2,2543.72,0
CUST_03411,Basic,Organic,9,1,375.67,0
CUST_03412,Standard,Google Search,22,5,819.28,1
CUST_03413,Premium,Organic,41,2,1712.12,0
CUST_03414,Premium,Google Search,16,5,3789.63,1
CUST_03415,Premium,Google Search,11,3,229.32,0
CUST_03416,Standard,Facebook Ads,2,7,3325.88,0
CUST_03417,Premium,Organic,6,5,3606.95,0
CUST_03418,Standard,Organic,43,0,2217.69,0
CUST_03419,Standard,Organic,32,5,398.9,1
CUST_03420,Standard,Email Marketing,43,5,4069.02,0
CUST_03421,Standard,Facebook Ads,5,0,786.9,0
CUST_03422,Basic,Google Search,48,3,3095.54,0
CUST_03423,Premium,Facebook Ads,10,0,4096.7,0
CUST_03424,Standard,Google Search,42,7,1746.79,1
CUST_03425,Basic,Facebook Ads,42,4,3687.7,0
CUST_03426,Premium,Google Search,42,4,3319.86,0
CUST_03427,Premium,Organic,1,6,751.59,0
CUST_03428,Standard,Email Marketing,2,4,1902.06,0
CUST_03429,Basic,Google Search,29,5,363.91,1
CUST_03430,Basic,Email Marketing,35,7,198.91,1
CUST_03431,Standard,Email Marketing,45,7,1631.15,0
CUST_03432,Premium,Google Search,33,5,3090.18,0
CUST_03433,Basic,Email Marketing,36,5,258.3,1
CUST_03434,Premium,Organic,40,3,3104.95,0
CUST_03435,Basic,Email Marketing,1,4,4044.89,0
CUST_03436,Standard,Email Marketing,28,3,651.5,0
CUST_03437,Standard,Organic,10,4,541.69,0
CUST_03438,Premium,Email Marketing,18,3,457.6,0
CUST_03439,Standard,Organic,29,0,1649.69,0
CUST_03440,Standard,Organic,38,3,2713.8,0
CUST_03441,Basic,Email Marketing,39,2,4076.32,0
CUST_03442,Premium,Email Marketing,7,5,1911.78,0
CUST_03443,Premium,Google Search,39,7,3135.06,0
CUST_03444,Standard,Email Marketing,3,5,1087.67,0
CUST_03445,Standard,Google Search,18,2,423.43,0
CUST_03446,Standard,Email Marketing,4,6,4388.12,0
CUST_03447,Premium,Facebook Ads,47,7,779.92,0
CUST_03448,Standard,Facebook Ads,30,0,209.16,0
CUST_03449,Basic,Organic,29,5,52.73,0
CUST_03450,Standard,Organic,8,3,2496.98,0
CUST_03451,Basic,Organic,43,5,259.55,1
CUST_03452,Basic,Google Search,6,7,100.16,1
CUST_03453,Standard,Organic,40,6,1828.83,0
CUST_03454,Standard,Email Marketing,10,2,4155.09,0
CUST_03455,Premium,Organic,12,6,952.23,0
CUST_03456,Premium,Organic,1,5,2767.89,0
CUST_03457,Standard,Organic,45,7,1523.62,0
CUST_03458,Basic,Facebook Ads,27,2,4076.1,0
CUST_03459,Standard,Google Search,34,4,4193.28,1
CUST_03460,Basic,Organic,44,6,260.84,1
CUST_03461,Standard,Google Search,25,4,1559.4,0
CUST_03462,Premium,Google Search,5,1,2611.83,0
CUST_03463,Basic,Facebook Ads,15,2,2336.43,0
CUST_03464,Basic,Email Marketing,39,5,358.39,1
CUST_03465,Standard,Facebook Ads,6,3,3625.97,0
CUST_03466,Basic,Facebook Ads,43,1,4074.62,0
CUST_03467,Premium,Email Marketing,15,3,580.22,0
CUST_03468,Standard,Google Search,35,4,1140.71,0
CUST_03469,Premium,Facebook Ads,34,2,3068.5,0
CUST_03470,Premium,Organic,28,7,3719.24,0
CUST_03471,Premium,Organic,1,1,3177.05,1
CUST_03472,Basic,Email Marketing,8,3,3129.79,0
CUST_03473,Premium,Organic,16,6,540.17,0
CUST_03474,Standard,Google Search,23,1,1916.07,0
CUST_03475,Basic,Organic,30,2,2277.51,0
CUST_03476,Premium,Facebook Ads,48,1,4155.84,0
CUST_03477,Premium,Email Marketing,38,6,1380.99,0
CUST_03478,Basic,Facebook Ads,48,2,2699.5,0
CUST_03479,Standard,Facebook Ads,19,0,3707.09,0
CUST_03480,Premium,Facebook Ads,1,7,1318.34,0
CUST_03481,Basic,Facebook Ads,25,4,3579.51,1
CUST_03482,Basic,Facebook Ads,32,2,3036.78,0
CUST_03483,Premium,Google Search,32,1,1693.58,0
CUST_03484,Premium,Organic,23,6,772.45,0
CUST_03485,Premium,Facebook Ads,37,0,4498.51,0
CUST_03486,Basic,Organic,42,5,222.46,1
CUST_03487,Premium,Facebook Ads,34,4,1793.79,0
CUST_03488,Basic,Google Search,10,3,3297.09,0
CUST_03489,Premium,Facebook Ads,36,6,1157.49,0
CUST_03490,Basic,Organic,40,5,360.39,1
CUST_03491,Standard,Email Marketing,9,5,2505.86,0
CUST_03492,Standard,Google Search,10,4,1886.62,0
CUST_03493,Premium,Email Marketing,10,7,2674.83,0
CUST_03494,Basic,Organic,16,4,830.06,1
CUST_03495,Basic,Email Marketing,3,4,1566.95,0
CUST_03496,Premium,Google Search,39,6,1503.6,0
CUST_03497,Standard,Facebook Ads,19,1,4060.74,0
CUST_03498,Basic,Organic,9,5,261.31,1
CUST_03499,Standard,Organic,14,2,986.12,0
CUST_03500,Basic,Organic,15,5,246.16,1
CUST_03501,Basic,Organic,46,3,969.11,0
CUST_03502,Standard,Facebook Ads,44,1,354.02,0
CUST_03503,Basic,Facebook Ads,7,2,1681.73,0
CUST_03504,Standard,Organic,4,7,527.73,0
CUST_03505,Standard,Google Search,11,4,1904.23,0
CUST_03506,Standard,Google Search,23,2,2340.11,0
CUST_03507,Standard,Facebook Ads,9,6,3321.62,0
CUST_03508,Premium,Email Marketing,33,4,2790.34,0
CUST_03509,Standard,Google Search,19,7,1725.69,0
CUST_03510,Premium,Facebook Ads,6,3,2125.28,0
CUST_03511,Basic,Email Marketing,34,4,1359.48,0
CUST_03512,Premium,Google Search,17,0,1335.07,0
CUST_03513,Standard,Google Search,14,5,2776.69,0
CUST_03514,Standard,Google Search,39,1,3940.55,0
CUST_03515,Basic,Organic,29,7,364.91,1
CUST_03516,Premium,Google Search,40,0,3863.8,0
CUST_03517,Standard,Organic,3,7,512.56,0
CUST_03518,Basic,Email Marketing,45,0,3003.78,0
CUST_03519,Premium,Google Search,1,1,1840.55,0
CUST_03520,Premium,Email Marketing,2,4,1756.14,1
CUST_03521,Standard,Facebook Ads,19,5,2637.77,0
CUST_03522,Premium,Google Search,27,4,2036.26,0
CUST_03523,Basic,Organic,6,1,3359.65,0
CUST_03524,Basic,Facebook Ads,20,3,3495.12,0
CUST_03525,Premium,Organic,10,6,2642.1,0
CUST_03526,Premium,Facebook Ads,26,1,336.99,1
CUST_03527,Premium,Facebook Ads,33,4,4201.83,0
CUST_03528,Basic,Google Search,32,3,4125.37,0
CUST_03529,Basic,Facebook Ads,9,7,342.22,1
CUST_03530,Premium,Facebook Ads,22,6,918.11,0
CUST_03531,Basic,Email Marketing,25,0,2722.02,0
CUST_03532,Premium,Organic,39,2,499.94,0
CUST_03533,Basic,Facebook Ads,43,6,206.9,0
CUST_03534,Standard,Google Search,45,2,4091.2,1
CUST_03535,Premium,Organic,13,4,2412.31,0
CUST_03536,Basic,Google Search,48,3,1441.7,0
CUST_03537,Basic,Email Marketing,41,6,176.99,1
CUST_03538,Standard,Google Search,40,3,1135.14,0
CUST_03539,Premium,Facebook Ads,29,6,3978.58,0
CUST_03540,Premium,Google Search,42,5,4180.73,0
CUST_03541,Basic,Email Marketing,20,5,361.32,1
CUST_03542,Basic,Facebook Ads,33,UNKNOWN,263.01,1
CUST_03543,Standard,Email Marketing,48,4,4241.53,0
CUST_03544,Premium,Facebook Ads,17,3,1493.41,0
CUST_03545,Basic,Google Search,9,1,3463.95,0
CUST_03546,Premium,Organic,47,7,4441.68,0
CUST_03547,Standard,Google Search,18,6,3933.43,0
CUST_03548,Premium,Facebook Ads,44,UNKNOWN,3887.91,0
CUST_03549,Standard,Organic,40,1,1871.3,0
CUST_03550,Basic,Google Search,28,3,1467.5,0
CUST_03551,Standard,Email Marketing,40,1,522.77,0
CUST_03552,Premium,Google Search,29,2,552.24,0
CUST_03553,Premium,Email Marketing,30,1,4372.28,0
CUST_03554,Premium,Google Search,10,7,2983.34,0
CUST_03555,Premium,Facebook Ads,45,7,1158.52,0
CUST_03556,Basic,Email Marketing,3,6,120.93,0
CUST_03557,Premium,Organic,4,0,2817.93,0
CUST_03558,Standard,Email Marketing,33,0,3575.4,0
CUST_03559,Standard,Organic,36,0,1902.94,0
CUST_03560,Basic,Google Search,7,5,146.58,1
CUST_03561,Premium,Organic,8,7,241.41,0
CUST_03562,Basic,Organic,17,4,4155.83,0
CUST_03563,Premium,Organic,34,3,4270.73,0
CUST_03564,Basic,Email Marketing,6,6,91.02,1
CUST_03565,Premium,Facebook Ads,44,0,952.45,0
CUST_03566,Premium,Organic,46,6,4308.31,0
CUST_03567,Basic,Facebook Ads,43,6,125.92,0
CUST_03568,Basic,Organic,19,6,356.8,1
CUST_03569,Basic,Google Search,24,4,2320.43,0
CUST_03570,Standard,Organic,36,3,1709.26,0
CUST_03571,Premium,Email Marketing,29,2,1123.51,0
CUST_03572,Basic,Facebook Ads,41,7,230.3,0
CUST_03573,Premium,Email Marketing,26,2,4264.85,0
CUST_03574,Standard,Organic,37,6,565.32,0
CUST_03575,Standard,Email Marketing,8,7,4094.23,0
CUST_03576,Standard,Email Marketing,36,4,2544.32,0
CUST_03577,Standard,Google Search,48,5,2254.93,1
CUST_03578,Basic,Organic,12,6,390.9,1
CUST_03579,Standard,Google Search,19,4,1647.79,0
CUST_03580,Premium,Google Search,24,6,3989.36,0
CUST_03581,Basic,Email Marketing,42,5,57.01,1
CUST_03582,Standard,Organic,35,5,2588.16,0
CUST_03583,Basic,Organic,15,3,948.97,0
CUST_03584,Premium,Organic,39,4,4066.03,0
CUST_03585,Premium,Facebook Ads,38,0,4282.33,0
CUST_03586,Premium,Organic,45,1,4083.12,0
CUST_03587,Standard,Organic,5,0,4039.62,0
CUST_03588,Standard,Facebook Ads,14,2,2784.65,0
CUST_03589,Basic,Facebook Ads,39,5,136.61,1
CUST_03590,Premium,Google Search,27,3,1861.28,0
CUST_03591,Standard,Email Marketing,40,7,4170.33,0
CUST_03592,Basic,Google Search,30,0,3879.92,0
CUST_03593,Premium,Google Search,2,0,2253.67,1
CUST_03594,Standard,Organic,31,7,1937.64,0
CUST_03595,Premium,Google Search,15,2,3903.04,0
CUST_03596,Standard,Facebook Ads,9,1,2906.99,0
CUST_03597,Premium,Facebook Ads,45,0,3046.57,0
CUST_03598,Premium,Facebook Ads,31,0,4456.43,0
CUST_03599,Standard,Email Marketing,40,7,2292.78,0
CUST_03600,Premium,Google Search,48,3,3356.71,0
CUST_03601,Basic,Google Search,4,6,264.18,1
CUST_03602,Basic,Email Marketing,28,7,137.01,1
CUST_03603,Basic,Email Marketing,7,5,144.18,1
CUST_03604,Basic,Email Marketing,39,6,353.83,0
CUST_03605,Standard,Google Search,37,1,769.3,0
CUST_03606,Standard,Email Marketing,16,2,1345.51,0
CUST_03607,Standard,Email Marketing,48,1,1979.48,1
CUST_03608,Standard,Google Search,15,3,2286.13,0
CUST_03609,Premium,Facebook Ads,42,5,2294.01,0
CUST_03610,Standard,Google Search,25,3,3344.8,0
CUST_03611,Basic,Email Marketing,20,4,2591.43,0
CUST_03612,Premium,Facebook Ads,16,6,2627.61,0
CUST_03613,Basic,Facebook Ads,14,7,204.83,0
CUST_03614,Standard,Facebook Ads,21,2,NaN,0
CUST_03615,Standard,Email Marketing,25,UNKNOWN,824.1,0
CUST_03616,Basic,Organic,43,6,305.36,1
CUST_03617,Premium,Google Search,18,7,4122.14,0
CUST_03618,Premium,Google Search,38,7,3862.11,0
CUST_03619,Premium,Google Search,7,1,2270.98,0
CUST_03620,Standard,Organic,31,0,1952.6,0
CUST_03621,Premium,Email Marketing,17,7,998.86,0
CUST_03622,Premium,Facebook Ads,37,2,2941.56,0
CUST_03623,Standard,Organic,40,0,1485.75,0
CUST_03624,Standard,Facebook Ads,33,5,3476.92,1
CUST_03625,Standard,Google Search,6,3,2921.18,0
CUST_03626,Standard,Google Search,23,0,1657.49,0
CUST_03627,Premium,Organic,7,6,3532.62,0
CUST_03628,Basic,Facebook Ads,44,3,4210.55,0
CUST_03629,Premium,Google Search,6,6,3550.61,0
CUST_03630,Premium,Google Search,36,3,2950.68,1
CUST_03631,Premium,Email Marketing,14,0,1157.46,0
CUST_03632,Standard,Facebook Ads,24,0,206.57,0
CUST_03633,Premium,Organic,24,2,3497.33,0
CUST_03634,Premium,Facebook Ads,5,6,4199.88,0
CUST_03635,Basic,Email Marketing,46,3,604.95,0
CUST_03636,Premium,Email Marketing,13,6,2142.82,0
CUST_03637,Basic,Google Search,47,5,278.41,1
CUST_03638,Standard,Facebook Ads,43,1,1742.51,0
CUST_03639,Premium,Organic,11,7,321.07,0
CUST_03640,Standard,Email Marketing,47,6,3155.85,0
CUST_03641,Standard,Facebook Ads,22,2,1626.65,0
CUST_03642,Standard,Email Marketing,19,7,2924.23,0
CUST_03643,Premium,Google Search,23,4,2852.88,0
CUST_03644,Standard,Google Search,36,0,4319.22,0
CUST_03645,Premium,Organic,35,4,1351.35,0
CUST_03646,Standard,Email Marketing,2,3,2262.13,1
CUST_03647,Basic,Email Marketing,22,4,1083.55,0
CUST_03648,Standard,Email Marketing,35,2,1582.42,0
CUST_03649,Basic,Google Search,25,2,3886.28,0
CUST_03650,Basic,Google Search,23,4,831.92,0
CUST_03651,Standard,Google Search,39,4,173.0,1
CUST_03652,Premium,Email Marketing,15,0,1389.81,0
CUST_03653,Standard,Google Search,42,6,3751.15,0
CUST_03654,Basic,Email Marketing,7,0,2843.24,0
CUST_03655,Basic,Facebook Ads,5,6,133.8,1
CUST_03656,Basic,Google Search,48,6,116.0,1
CUST_03657,Premium,Facebook Ads,1,4,2994.41,0
CUST_03658,Standard,Email Marketing,38,5,3204.57,0
CUST_03659,Premium,Email Marketing,23,7,978.22,0
CUST_03660,Premium,Google Search,12,7,2057.26,0
CUST_03661,Premium,Google Search,38,3,1558.07,0
CUST_03662,Basic,Email Marketing,30,2,2285.57,0
CUST_03663,Basic,Organic,24,6,166.96,0
CUST_03664,Premium,Organic,9,0,773.33,0
CUST_03665,Basic,Google Search,16,6,231.86,1
CUST_03666,Premium,Organic,38,2,662.29,0
CUST_03667,Standard,Organic,7,2,1278.04,1
CUST_03668,Premium,Google Search,21,6,2919.71,0
CUST_03669,Basic,Organic,25,5,108.29,1
CUST_03670,Basic,Organic,23,2,396.84,0
CUST_03671,Standard,Google Search,18,1,568.99,0
CUST_03672,Basic,Facebook Ads,37,1,2160.98,0
CUST_03673,Premium,Organic,2,0,2238.62,0
CUST_03674,Basic,Facebook Ads,4,3,1256.23,0
CUST_03675,Premium,Email Marketing,4,2,3464.47,0
CUST_03676,Standard,Google Search,30,7,1061.71,0
CUST_03677,Standard,Email Marketing,40,5,3633.69,0
CUST_03678,Premium,Facebook Ads,16,4,1764.39,1
CUST_03679,Standard,Facebook Ads,18,3,1114.17,0
CUST_03680,Standard,Facebook Ads,12,3,1359.2,0
CUST_03681,Premium,Email Marketing,33,3,1743.84,0
CUST_03682,Premium,Google Search,27,2,2064.06,0
CUST_03683,Premium,Google Search,21,0,763.42,1
CUST_03684,Premium,Organic,1,4,2567.95,0
CUST_03685,Premium,Email Marketing,23,3,1586.81,0
CUST_03686,Standard,Email Marketing,26,3,767.44,0
CUST_03687,Basic,Organic,21,3,1663.38,0
CUST_03688,Basic,Organic,13,4,3295.81,1
CUST_03689,Premium,Organic,8,6,503.64,0
CUST_03690,Standard,Organic,46,7,3638.25,0
CUST_03691,Basic,Facebook Ads,34,0,2580.09,0
CUST_03692,Standard,Email Marketing,48,6,4014.66,0
CUST_03693,Standard,Organic,8,3,3262.0,0
CUST_03694,Basic,Facebook Ads,18,4,1350.79,0
CUST_03695,Standard,Email Marketing,32,5,1078.55,0
CUST_03696,Premium,Organic,16,0,1407.78,0
CUST_03697,Basic,Email Marketing,29,7,294.34,1
CUST_03698,Premium,Organic,42,7,218.32,0
CUST_03699,Standard,Facebook Ads,19,6,1118.42,0
CUST_03700,Standard,Google Search,43,1,3132.31,0
CUST_03701,Standard,Email Marketing,25,3,591.84,0
CUST_03702,Basic,Google Search,38,5,274.64,1
CUST_03703,Standard,Email Marketing,41,5,2431.43,0
CUST_03704,Basic,Facebook Ads,20,3,3692.93,0
CUST_03705,Standard,Email Marketing,31,4,1635.44,0
CUST_03706,Premium,Email Marketing,21,0,1245.3,0
CUST_03707,Standard,Organic,46,3,3626.04,0
CUST_03708,Premium,Organic,42,2,4034.53,0
CUST_03709,Standard,Email Marketing,28,7,3859.32,0
CUST_03710,Standard,Organic,23,5,3446.94,0
CUST_03711,Basic,Organic,42,0,3645.72,0
CUST_03712,Basic,Google Search,20,2,1374.63,0
CUST_03713,Premium,Organic,23,2,445.69,0
CUST_03714,Premium,Google Search,17,1,532.37,0
CUST_03715,Standard,Google Search,12,4,3502.94,0
CUST_03716,Premium,Facebook Ads,12,2,2361.71,0
CUST_03717,Basic,Google Search,46,5,96.66,0
CUST_03718,Standard,Google Search,6,4,4146.31,0
CUST_03719,Standard,Facebook Ads,39,7,263.52,0
CUST_03720,Basic,Organic,28,4,1602.71,0
CUST_03721,Basic,Facebook Ads,9,6,381.97,1
CUST_03722,Standard,Organic,6,4,2507.39,0
CUST_03723,Standard,Email Marketing,16,4,4265.42,0
CUST_03724,Premium,Facebook Ads,48,2,3820.99,0
CUST_03725,Basic,Google Search,32,7,156.41,1
CUST_03726,Standard,Email Marketing,22,0,4178.56,0
CUST_03727,Basic,Google Search,9,7,89.26,0
CUST_03728,Premium,Email Marketing,4,2,1239.53,0
CUST_03729,Premium,Organic,45,2,1256.71,0
CUST_03730,Premium,Email Marketing,41,5,1771.59,1
CUST_03731,Standard,Facebook Ads,18,1,2061.16,0
CUST_03732,Standard,Google Search,11,3,2903.4,0
CUST_03733,Standard,Email Marketing,32,4,4157.93,0
CUST_03734,Premium,Facebook Ads,13,6,2249.02,0
CUST_03735,Premium,Email Marketing,19,1,2273.9,0
CUST_03736,Standard,Facebook Ads,15,7,4207.92,0
CUST_03737,Basic,Organic,39,2,855.35,0
CUST_03738,Standard,Organic,32,4,3735.97,0
CUST_03739,Standard,Facebook Ads,19,2,4341.92,0
CUST_03740,Premium,Facebook Ads,26,6,2989.56,0
CUST_03741,Premium,Google Search,8,0,2861.99,0
CUST_03742,Standard,Google Search,40,1,4407.6,0
CUST_03743,Basic,Facebook Ads,41,3,1114.71,0
CUST_03744,Basic,Email Marketing,30,0,4125.74,0
CUST_03745,Premium,Facebook Ads,28,2,1247.13,0
CUST_03746,Premium,Organic,27,6,1917.0,0
CUST_03747,Standard,Organic,5,1,3113.8,0
CUST_03748,Standard,Google Search,48,3,2738.13,0
CUST_03749,Standard,Facebook Ads,47,4,3668.8,1
CUST_03750,Basic,Email Marketing,27,3,2903.56,0
CUST_03751,Premium,Email Marketing,38,0,NaN,0
CUST_03752,Standard,Email Marketing,1,3,332.56,0
CUST_03753,Basic,Facebook Ads,43,7,86.87,0
CUST_03754,Basic,Facebook Ads,4,5,279.51,1
CUST_03755,Basic,Organic,45,3,879.96,0
CUST_03756,Basic,Facebook Ads,23,4,4300.81,0
CUST_03757,Premium,Organic,21,7,234.43,0
CUST_03758,Basic,Facebook Ads,27,4,3850.38,0
CUST_03759,Basic,Organic,25,5,198.14,1
CUST_03760,Standard,Email Marketing,26,7,521.93,0
CUST_03761,Basic,Google Search,37,2,1158.17,0
CUST_03762,Standard,Google Search,45,2,2318.99,0
CUST_03763,Premium,Email Marketing,23,2,3567.01,1
CUST_03764,Basic,Google Search,39,4,4338.32,0
CUST_03765,Premium,Email Marketing,45,6,1041.52,0
CUST_03766,Premium,Organic,43,3,4044.05,0
CUST_03767,Premium,Google Search,10,6,3557.79,0
CUST_03768,Premium,Organic,29,1,4270.78,0
CUST_03769,Premium,Organic,14,6,1087.33,1
CUST_03770,Basic,Email Marketing,43,6,211.76,1
CUST_03771,Premium,Email Marketing,38,5,2709.51,0
CUST_03772,Basic,Google Search,41,4,185.41,0
CUST_03773,Premium,Facebook Ads,42,1,4012.69,0
CUST_03774,Premium,Google Search,17,7,544.42,0
CUST_03775,Basic,Facebook Ads,36,2,470.93,0
CUST_03776,Premium,Email Marketing,3,3,2865.66,0
CUST_03777,Premium,Email Marketing,11,7,3505.12,0
CUST_03778,Premium,Email Marketing,22,5,1237.73,0
CUST_03779,Premium,Google Search,23,7,1036.55,0
CUST_03780,Basic,Email Marketing,48,6,335.1,1
CUST_03781,Premium,Facebook Ads,20,5,2049.86,0
CUST_03782,Basic,Google Search,10,2,3229.06,0
CUST_03783,Standard,Facebook Ads,6,1,3864.81,0
CUST_03784,Basic,Google Search,34,0,3186.82,0
CUST_03785,Standard,Google Search,16,4,262.1,0
CUST_03786,Basic,Organic,34,3,3692.55,0
CUST_03787,Standard,Google Search,46,1,4058.04,0
CUST_03788,Basic,Facebook Ads,13,6,180.08,1
CUST_03789,Premium,Facebook Ads,15,5,1037.68,0
CUST_03790,Basic,Organic,23,2,2765.46,0
CUST_03791,Premium,Organic,35,4,4262.82,0
CUST_03792,Premium,Facebook Ads,16,2,2799.95,1
CUST_03793,Premium,Facebook Ads,33,3,344.34,0
CUST_03794,Standard,Email Marketing,27,6,2136.99,0
CUST_03795,Premium,Google Search,44,0,2736.1,0
CUST_03796,Premium,Organic,26,4,857.88,0
CUST_03797,Standard,Google Search,31,2,2327.26,0
CUST_03798,Standard,Email Marketing,25,3,1988.87,0
CUST_03799,Basic,Google Search,37,7,259.5,1
CUST_03800,Standard,Email Marketing,34,4,2090.7,1
CUST_03801,Basic,Facebook Ads,21,3,3753.33,0
CUST_03802,Standard,Google Search,36,2,2064.32,0
CUST_03803,Standard,Google Search,46,1,311.35,0
CUST_03804,Premium,Email Marketing,3,3,332.62,0
CUST_03805,Premium,Email Marketing,43,6,1938.7,0
CUST_03806,Standard,Google Search,6,7,3498.72,0
CUST_03807,Premium,Facebook Ads,2,6,2464.96,0
CUST_03808,Premium,Google Search,13,0,327.78,1
CUST_03809,Basic,Google Search,13,7,225.06,0
CUST_03810,Standard,Email Marketing,27,3,2908.55,0
CUST_03811,Basic,Organic,39,1,546.79,0
CUST_03812,Standard,Google Search,33,5,4078.79,0
CUST_03813,Standard,Email Marketing,11,5,3737.47,0
CUST_03814,Standard,Email Marketing,8,5,4132.67,0
CUST_03815,Premium,Email Marketing,14,0,3172.75,0
CUST_03816,Standard,Organic,32,0,1304.03,0
CUST_03817,Standard,Organic,26,4,3461.03,0
CUST_03818,Standard,Organic,19,1,3890.43,0
CUST_03819,Premium,Organic,32,6,1189.03,0
CUST_03820,Basic,Google Search,34,6,299.89,1
CUST_03821,Standard,Facebook Ads,39,7,2001.58,0
CUST_03822,Standard,Google Search,7,4,2335.41,1
CUST_03823,Basic,Google Search,10,4,1395.59,0
CUST_03824,Premium,Organic,35,7,3829.29,0
CUST_03825,Premium,Google Search,32,1,2558.33,0
CUST_03826,Basic,Google Search,14,2,3273.18,0
CUST_03827,Basic,Google Search,38,2,3296.41,0
CUST_03828,Basic,Email Marketing,36,4,2425.2,0
CUST_03829,Basic,Organic,2,2,3159.71,0
CUST_03830,Basic,Organic,8,0,2612.79,0
CUST_03831,Basic,Organic,34,1,2244.44,0
CUST_03832,Premium,Google Search,16,1,2631.43,0
CUST_03833,Standard,Email Marketing,28,1,556.22,0
CUST_03834,Basic,Organic,9,7,133.49,1
CUST_03835,Basic,Google Search,21,2,709.18,0
CUST_03836,Standard,Email Marketing,18,4,2189.01,0
CUST_03837,Standard,Organic,46,3,4163.35,0
CUST_03838,Standard,Organic,19,3,3807.33,0
CUST_03839,Standard,Email Marketing,16,1,2579.6,0
CUST_03840,Standard,Facebook Ads,40,2,1165.07,0
CUST_03841,Standard,Organic,26,0,4150.79,0
CUST_03842,Premium,Organic,13,2,4394.85,1
CUST_03843,Basic,Organic,6,5,132.99,0
CUST_03844,Premium,Facebook Ads,29,4,4495.91,0
CUST_03845,Premium,Email Marketing,10,6,2159.1,0
CUST_03846,Premium,Google Search,14,2,4348.96,0
CUST_03847,Standard,Email Marketing,5,5,4157.56,0
CUST_03848,Premium,Facebook Ads,4,0,1581.41,0
CUST_03849,Basic,Facebook Ads,23,1,2603.16,0
CUST_03850,Standard,Google Search,15,6,828.94,1
CUST_03851,Premium,Email Marketing,38,7,2774.98,0
CUST_03852,Premium,Facebook Ads,47,6,2368.42,0
CUST_03853,Premium,Facebook Ads,15,4,3819.88,0
CUST_03854,Premium,Organic,41,2,4070.36,0
CUST_03855,Standard,Email Marketing,43,7,4249.36,0
CUST_03856,Premium,Email Marketing,6,3,3284.42,0
CUST_03857,Standard,Google Search,3,5,1007.49,0
CUST_03858,Basic,Facebook Ads,10,4,768.39,0
CUST_03859,Premium,Facebook Ads,30,7,1831.96,0
CUST_03860,Standard,Email Marketing,13,UNKNOWN,2838.4,0
CUST_03861,Standard,Email Marketing,39,2,1047.14,0
CUST_03862,Basic,Organic,7,4,2669.41,0
CUST_03863,Basic,Google Search,12,4,685.26,0
CUST_03864,Premium,Organic,39,5,2018.87,0
CUST_03865,Premium,Facebook Ads,43,5,2472.24,0
CUST_03866,Basic,Organic,42,0,1295.68,0
CUST_03867,Premium,Organic,17,5,2441.5,0
CUST_03868,Basic,Facebook Ads,30,0,4208.52,1
CUST_03869,Standard,Email Marketing,34,2,2311.78,0
CUST_03870,Standard,Organic,43,5,4418.76,0
CUST_03871,Premium,Organic,40,5,1767.61,0
CUST_03872,Basic,Google Search,40,6,320.85,1
CUST_03873,Standard,Email Marketing,25,7,153.35,0
CUST_03874,Standard,Organic,5,UNKNOWN,3998.04,0
CUST_03875,Premium,Google Search,29,4,3419.19,0
CUST_03876,Standard,Facebook Ads,27,3,364.91,0
CUST_03877,Premium,Google Search,14,2,2012.7,0
CUST_03878,Standard,Organic,20,6,2122.52,0
CUST_03879,Standard,Google Search,21,6,3096.41,0
CUST_03880,Premium,Organic,48,2,4361.67,0
CUST_03881,Premium,Email Marketing,12,3,3282.09,0
CUST_03882,Standard,Google Search,37,4,352.55,0
CUST_03883,Standard,Email Marketing,39,2,317.28,0
CUST_03884,Premium,Organic,44,4,4390.18,0
CUST_03885,Standard,Organic,13,1,2315.05,0
CUST_03886,Basic,Facebook Ads,20,UNKNOWN,1486.67,0
CUST_03887,Standard,Email Marketing,6,7,644.44,0
CUST_03888,Standard,Email Marketing,6,2,1251.17,0
CUST_03889,Basic,Organic,35,2,NaN,0
CUST_03890,Premium,Email Marketing,3,1,289.08,0
CUST_03891,Standard,Email Marketing,34,1,2185.55,1
CUST_03892,Standard,Email Marketing,32,4,2383.05,0
CUST_03893,Premium,Email Marketing,26,0,3523.99,0
CUST_03894,Basic,Google Search,30,3,1428.68,0
CUST_03895,Basic,Organic,6,2,1703.61,0
CUST_03896,Premium,Email Marketing,43,2,2361.43,0
CUST_03897,Premium,Facebook Ads,16,7,1647.96,0
CUST_03898,Basic,Organic,48,5,343.5,0
CUST_03899,Basic,Email Marketing,39,2,1080.68,0
CUST_03900,Basic,Google Search,2,2,548.55,0
CUST_03901,Basic,Facebook Ads,30,0,4146.24,0
CUST_03902,Premium,Google Search,48,5,511.44,0
CUST_03903,Basic,Facebook Ads,24,7,134.63,1
CUST_03904,Standard,Organic,10,2,4269.04,0
CUST_03905,Premium,Organic,6,1,1485.45,0
CUST_03906,Premium,Email Marketing,34,1,2035.38,0
CUST_03907,Premium,Google Search,15,1,2052.76,0
CUST_03908,Basic,Facebook Ads,16,3,589.81,0
CUST_03909,Basic,Organic,18,4,331.88,0
CUST_03910,Premium,Google Search,24,6,258.16,0
CUST_03911,Premium,Organic,8,3,4205.69,0
CUST_03912,Premium,Google Search,27,4,2869.61,0
CUST_03913,Standard,Email Marketing,37,4,2313.71,0
CUST_03914,Premium,Google Search,21,6,2172.74,0
CUST_03915,Premium,Facebook Ads,27,3,520.88,0
CUST_03916,Standard,Email Marketing,28,5,3091.53,0
CUST_03917,Standard,Facebook Ads,29,0,2005.29,1
CUST_03918,Premium,Organic,8,5,3241.36,0
CUST_03919,Premium,Facebook Ads,10,7,231.8,0
CUST_03920,Basic,Google Search,18,5,247.5,0
CUST_03921,Premium,Facebook Ads,9,1,3519.17,0
CUST_03922,Premium,Email Marketing,11,5,3061.12,0
CUST_03923,Standard,Email Marketing,48,0,1960.14,0
CUST_03924,Basic,Email Marketing,27,3,2782.85,0
CUST_03925,Standard,Email Marketing,33,3,4213.24,0
CUST_03926,Premium,Facebook Ads,14,0,1848.88,0
CUST_03927,Basic,Organic,6,0,1204.98,0
CUST_03928,Basic,Organic,39,6,217.58,1
CUST_03929,Standard,Facebook Ads,29,0,2355.09,0
CUST_03930,Premium,Email Marketing,48,2,159.25,0
CUST_03931,Premium,Facebook Ads,40,3,2542.42,0
CUST_03932,Premium,Facebook Ads,40,3,2145.22,0
CUST_03933,Standard,Facebook Ads,9,2,1192.39,0
CUST_03934,Standard,Organic,12,4,3281.7,0
CUST_03935,Premium,Email Marketing,38,1,3025.61,0
CUST_03936,Premium,Facebook Ads,46,7,2940.71,0
CUST_03937,Standard,Organic,8,0,1628.67,0
CUST_03938,Standard,Facebook Ads,40,5,1525.69,0
CUST_03939,Standard,Email Marketing,41,7,2366.69,0
CUST_03940,Premium,Google Search,14,3,1830.99,0
CUST_03941,Basic,Organic,1,2,475.46,0
CUST_03942,Premium,Google Search,23,1,4170.1,0
CUST_03943,Basic,Google Search,11,4,3455.0,0
CUST_03944,Basic,Google Search,47,6,212.76,1
CUST_03945,Premium,Organic,40,1,3589.5,0
CUST_03946,Premium,Facebook Ads,47,0,571.94,0
CUST_03947,Premium,Email Marketing,48,2,3489.95,0
CUST_03948,Premium,Google Search,25,0,248.13,0
CUST_03949,Premium,Google Search,19,5,3605.49,0
CUST_03950,Premium,Organic,31,4,3463.96,0
CUST_03951,Premium,Facebook Ads,15,1,1734.03,0
CUST_03952,Standard,Organic,47,7,3917.28,1
CUST_03953,Basic,Organic,32,3,782.6,0
CUST_03954,Premium,Organic,41,7,2407.9,0
CUST_03955,Standard,Facebook Ads,48,1,936.88,0
CUST_03956,Basic,Email Marketing,11,7,192.93,1
CUST_03957,Standard,Email Marketing,45,4,1536.27,1
CUST_03958,Standard,Organic,31,1,2391.1,0
CUST_03959,Premium,Google Search,33,1,4084.07,0
CUST_03960,Standard,Google Search,12,0,NaN,0
CUST_03961,Premium,Facebook Ads,41,UNKNOWN,4018.73,0
CUST_03962,Premium,Email Marketing,39,0,2636.13,0
CUST_03963,Basic,Facebook Ads,5,2,3741.25,0
CUST_03964,Standard,Organic,40,4,2058.99,0
CUST_03965,Standard,Facebook Ads,40,4,2894.67,0
CUST_03966,Basic,Organic,20,5,NaN,1
CUST_03967,Standard,Organic,18,1,2436.71,0
CUST_03968,Standard,Organic,30,7,3260.43,0
CUST_03969,Basic,Google Search,15,2,3034.31,0
CUST_03970,Basic,Google Search,18,6,119.56,1
CUST_03971,Standard,Email Marketing,47,2,3379.46,0
CUST_03972,Standard,Email Marketing,3,1,2728.84,0
CUST_03973,Standard,Email Marketing,23,6,658.75,0
CUST_03974,Basic,Google Search,45,0,NaN,0
CUST_03975,Basic,Facebook Ads,25,0,670.57,0
CUST_03976,Premium,Google Search,36,2,2503.49,0
CUST_03977,Standard,Email Marketing,30,6,2392.97,0
CUST_03978,Basic,Email Marketing,33,5,262.01,1
CUST_03979,Basic,Facebook Ads,43,7,110.85,0
CUST_03980,Standard,Organic,48,4,153.92,0
CUST_03981,Premium,Organic,16,4,2055.25,0
CUST_03982,Basic,Google Search,5,3,3909.24,0
CUST_03983,Premium,Google Search,19,6,1202.7,0
CUST_03984,Standard,Email Marketing,3,4,3128.98,0
CUST_03985,Standard,Organic,19,0,1940.75,0
CUST_03986,Basic,Google Search,12,7,229.51,1
CUST_03987,Basic,Google Search,1,4,612.42,0
CUST_03988,Standard,Email Marketing,42,6,1685.37,0
CUST_03989,Basic,Email Marketing,32,4,3473.66,1
CUST_03990,Premium,Google Search,24,5,3354.98,0
CUST_03991,Premium,Facebook Ads,1,7,3282.78,0
CUST_03992,Premium,Facebook Ads,29,2,2847.92,0
CUST_03993,Premium,Organic,6,4,679.04,0
CUST_03994,Basic,Facebook Ads,47,2,1678.41,0
CUST_03995,Standard,Organic,28,2,3332.21,1
CUST_03996,Basic,Email Marketing,33,1,4478.46,0
CUST_03997,Premium,Organic,23,6,4341.97,0
CUST_03998,Premium,Facebook Ads,20,2,2928.16,0
CUST_03999,Basic,Email Marketing,43,5,158.42,0
CUST_04000,Premium,Google Search,36,UNKNOWN,1047.94,0
CUST_04001,Premium,Facebook Ads,25,0,3480.15,0
CUST_04002,Basic,Organic,18,0,1815.42,0
CUST_04003,Standard,Email Marketing,10,2,3890.46,1
CUST_04004,Basic,Organic,7,3,1490.91,0
CUST_04005,Standard,Email Marketing,10,5,3072.82,0
CUST_04006,Basic,Email Marketing,7,UNKNOWN,294.72,0
CUST_04007,Standard,Email Marketing,7,5,384.79,0
CUST_04008,Standard,Facebook Ads,43,6,2606.04,0
CUST_04009,Standard,Email Marketing,26,3,3439.48,0
CUST_04010,Standard,Facebook Ads,34,1,3718.42,0
CUST_04011,Premium,Google Search,32,5,1836.54,0
CUST_04012,Standard,Facebook Ads,22,3,575.77,0
CUST_04013,Premium,Facebook Ads,45,7,3007.68,0
CUST_04014,Basic,Organic,9,7,62.21,1
CUST_04015,Premium,Google Search,29,3,2879.51,0
CUST_04016,Premium,Organic,32,0,1165.54,0
CUST_04017,Standard,Organic,43,UNKNOWN,3299.69,0
CUST_04018,Basic,Google Search,23,6,369.43,1
CUST_04019,Premium,Email Marketing,14,7,2145.55,0
CUST_04020,Premium,Email Marketing,41,1,449.75,0
CUST_04021,Premium,Facebook Ads,34,4,4158.38,0
CUST_04022,Premium,Google Search,34,0,2926.98,0
CUST_04023,Premium,Facebook Ads,9,6,815.9,0
CUST_04024,Basic,Email Marketing,48,7,59.28,1
CUST_04025,Basic,Organic,9,3,4039.56,1
CUST_04026,Premium,Google Search,30,2,355.57,1
CUST_04027,Premium,Facebook Ads,13,2,1261.73,0
CUST_04028,Basic,Google Search,26,5,133.93,1
CUST_04029,Standard,Organic,31,3,1844.09,0
CUST_04030,Standard,Facebook Ads,41,0,3812.29,0
CUST_04031,Premium,Email Marketing,43,5,2600.05,0
CUST_04032,Standard,Google Search,11,1,2411.66,0
CUST_04033,Standard,Email Marketing,11,4,1139.73,0
CUST_04034,Basic,Google Search,8,0,3524.99,0
CUST_04035,Basic,Google Search,1,7,242.23,1
CUST_04036,Basic,Google Search,7,7,205.73,1
CUST_04037,Premium,Google Search,33,5,1079.71,0
CUST_04038,Standard,Facebook Ads,44,6,4254.42,1
CUST_04039,Premium,Google Search,2,0,3846.7,0
CUST_04040,Premium,Facebook Ads,8,3,204.04,0
CUST_04041,Standard,Organic,7,UNKNOWN,1488.02,0
CUST_04042,Premium,Email Marketing,34,2,3158.65,0
CUST_04043,Basic,Organic,48,0,1211.7,0
CUST_04044,Basic,Google Search,10,4,3803.5,0
CUST_04045,Premium,Google Search,36,3,3530.07,0
CUST_04046,Premium,Organic,46,3,4068.03,0
CUST_04047,Basic,Email Marketing,8,3,3189.52,0
CUST_04048,Basic,Facebook Ads,2,7,69.03,1
CUST_04049,Premium,Organic,37,0,3836.29,0
CUST_04050,Standard,Facebook Ads,18,1,4408.64,0
CUST_04051,Standard,Facebook Ads,39,6,1665.74,0
CUST_04052,Basic,Email Marketing,14,6,196.54,1
CUST_04053,Premium,Google Search,13,4,653.62,0
CUST_04054,Premium,Facebook Ads,40,6,1071.33,0
CUST_04055,Premium,Google Search,26,0,3525.61,0
CUST_04056,Standard,Organic,19,1,1609.16,0
CUST_04057,Premium,Organic,9,5,2172.77,0
CUST_04058,Standard,Email Marketing,25,0,4458.82,0
CUST_04059,Premium,Facebook Ads,43,5,2641.62,0
CUST_04060,Premium,Organic,35,7,2174.62,0
CUST_04061,Standard,Google Search,25,0,2239.41,0
CUST_04062,Premium,Facebook Ads,24,3,4298.01,0
CUST_04063,Premium,Google Search,2,6,956.17,0
CUST_04064,Standard,Email Marketing,2,7,3860.8,0
CUST_04065,Basic,Google Search,7,0,4483.26,1
CUST_04066,Standard,Organic,4,3,2198.8,0
CUST_04067,Standard,Google Search,30,4,4456.13,0
CUST_04068,Basic,Facebook Ads,29,7,391.72,1
CUST_04069,Standard,Facebook Ads,41,7,3849.25,0
CUST_04070,Standard,Google Search,27,5,2145.87,0
CUST_04071,Premium,Google Search,13,1,3312.93,0
CUST_04072,Standard,Facebook Ads,23,4,1015.6,0
CUST_04073,Premium,Google Search,26,7,3763.13,0
CUST_04074,Standard,Facebook Ads,24,3,479.32,0
CUST_04075,Basic,Facebook Ads,11,7,358.88,1
CUST_04076,Basic,Facebook Ads,13,0,4383.5,0
CUST_04077,Basic,Google Search,26,7,352.59,1
CUST_04078,Basic,Google Search,45,6,215.34,0
CUST_04079,Basic,Facebook Ads,43,7,57.75,0
CUST_04080,Standard,Email Marketing,13,3,2166.64,0
CUST_04081,Standard,Google Search,9,3,2918.07,0
CUST_04082,Standard,Facebook Ads,48,1,1964.07,0
CUST_04083,Premium,Google Search,47,0,2076.11,0
CUST_04084,Basic,Google Search,41,7,93.22,1
CUST_04085,Basic,Email Marketing,17,1,516.03,1
CUST_04086,Standard,Email Marketing,9,1,1095.4,0
CUST_04087,Basic,Email Marketing,21,1,4072.72,0
CUST_04088,Premium,Google Search,31,3,430.48,0
CUST_04089,Premium,Facebook Ads,19,2,2846.97,0
CUST_04090,Premium,Facebook Ads,15,1,807.18,1
CUST_04091,Standard,Facebook Ads,25,3,622.45,0
CUST_04092,Basic,Google Search,7,2,1113.27,0
CUST_04093,Standard,Organic,29,1,3320.04,0
CUST_04094,Premium,Facebook Ads,18,4,453.95,0
CUST_04095,Basic,Google Search,18,6,282.44,1
CUST_04096,Standard,Google Search,36,0,886.37,0
CUST_04097,Basic,Facebook Ads,12,5,345.99,1
CUST_04098,Standard,Organic,31,1,390.48,0
CUST_04099,Standard,Google Search,32,6,1364.28,1
CUST_04100,Basic,Google Search,16,6,100.93,1
CUST_04101,Basic,Google Search,39,5,354.06,0
CUST_04102,Premium,Facebook Ads,34,6,2310.59,0
CUST_04103,Basic,Organic,33,3,4312.88,0
CUST_04104,Standard,Facebook Ads,48,5,4087.65,0
CUST_04105,Standard,Organic,27,7,2755.25,0
CUST_04106,Basic,Facebook Ads,36,6,78.4,1
CUST_04107,Basic,Organic,39,4,4212.24,0
CUST_04108,Standard,Google Search,15,0,4406.73,0
CUST_04109,Basic,Organic,42,7,118.81,1
CUST_04110,Basic,Google Search,4,6,132.63,1
CUST_04111,Premium,Organic,15,7,1174.95,0
CUST_04112,Premium,Email Marketing,10,5,4025.42,0
CUST_04113,Basic,Organic,19,4,3957.2,0
CUST_04114,Standard,Google Search,31,3,3960.51,0
CUST_04115,Basic,Google Search,19,5,68.12,1
CUST_04116,Basic,Email Marketing,10,2,1877.31,0
CUST_04117,Standard,Organic,43,6,4028.31,1
CUST_04118,Premium,Google Search,31,6,2446.71,0
CUST_04119,Standard,Organic,4,1,3668.23,1
CUST_04120,Premium,Organic,7,0,3201.55,0
CUST_04121,Standard,Google Search,14,5,3496.98,0
CUST_04122,Basic,Organic,48,5,296.26,1
CUST_04123,Standard,Google Search,25,1,351.68,0
CUST_04124,Basic,Organic,47,4,3564.52,0
CUST_04125,Basic,Facebook Ads,4,3,3841.5,1
CUST_04126,Premium,Facebook Ads,10,5,1961.35,0
CUST_04127,Standard,Organic,13,2,289.39,0
CUST_04128,Standard,Email Marketing,16,6,3487.45,0
CUST_04129,Premium,Organic,9,1,1359.08,0
CUST_04130,Premium,Organic,6,2,2174.15,0
CUST_04131,Standard,Organic,23,3,3551.59,0
CUST_04132,Standard,Facebook Ads,14,4,3600.91,1
CUST_04133,Basic,Facebook Ads,31,0,1435.38,0
CUST_04134,Standard,Email Marketing,39,3,3624.64,0
CUST_04135,Premium,Email Marketing,40,2,2124.44,0
CUST_04136,Basic,Organic,27,7,374.09,1
CUST_04137,Premium,Email Marketing,29,1,3409.48,0
CUST_04138,Premium,Facebook Ads,15,7,2746.81,0
CUST_04139,Standard,Organic,48,0,1421.25,0
CUST_04140,Standard,Organic,21,7,1275.32,0
CUST_04141,Basic,Organic,32,2,2903.08,0
CUST_04142,Basic,Google Search,46,2,3891.65,0
CUST_04143,Basic,Facebook Ads,27,0,3918.8,0
CUST_04144,Basic,Google Search,12,1,2564.45,0
CUST_04145,Basic,Facebook Ads,7,7,264.41,1
CUST_04146,Standard,Google Search,23,4,1535.53,0
CUST_04147,Standard,Google Search,9,4,1048.6,0
CUST_04148,Standard,Email Marketing,19,7,3997.47,0
CUST_04149,Premium,Google Search,16,0,648.72,0
CUST_04150,Premium,Google Search,10,4,3439.91,0
CUST_04151,Basic,Organic,6,1,3168.99,0
CUST_04152,Basic,Google Search,47,5,244.07,1
CUST_04153,Premium,Email Marketing,35,4,3310.08,0
CUST_04154,Standard,Organic,6,5,692.9,0
CUST_04155,Premium,Email Marketing,3,6,1095.05,0
CUST_04156,Standard,Google Search,36,6,2903.83,1
CUST_04157,Premium,Facebook Ads,36,4,3398.57,0
CUST_04158,Standard,Email Marketing,35,3,1182.12,0
CUST_04159,Premium,Email Marketing,18,7,517.09,0
CUST_04160,Basic,Email Marketing,18,7,161.19,1
CUST_04161,Basic,Email Marketing,3,7,386.81,1
CUST_04162,Premium,Email Marketing,22,4,1735.4,0
CUST_04163,Basic,Facebook Ads,15,1,1426.82,0
CUST_04164,Premium,Google Search,13,2,1044.31,0
CUST_04165,Basic,Email Marketing,43,5,230.21,1
CUST_04166,Basic,Google Search,47,7,368.33,1
CUST_04167,Standard,Google Search,14,5,4217.01,1
CUST_04168,Standard,Facebook Ads,11,4,1989.73,0
CUST_04169,Premium,Organic,6,1,2182.41,0
CUST_04170,Basic,Organic,9,3,1992.57,0
CUST_04171,Basic,Email Marketing,27,7,256.51,0
CUST_04172,Standard,Organic,28,0,3543.17,0
CUST_04173,Standard,Organic,14,4,1146.08,1
CUST_04174,Standard,Email Marketing,38,0,544.03,0
CUST_04175,Premium,Email Marketing,25,3,NaN,0
CUST_04176,Premium,Email Marketing,46,4,4479.85,0
CUST_04177,Basic,Google Search,28,3,837.76,0
CUST_04178,Basic,Facebook Ads,13,4,3970.52,0
CUST_04179,Standard,Google Search,11,6,2436.11,0
CUST_04180,Standard,Email Marketing,7,3,4288.64,1
CUST_04181,Standard,Facebook Ads,22,2,3148.82,0
CUST_04182,Standard,Facebook Ads,30,4,3401.14,0
CUST_04183,Premium,Organic,8,6,2065.39,0
CUST_04184,Standard,Google Search,44,1,4378.49,0
CUST_04185,Basic,Facebook Ads,32,4,948.39,0
CUST_04186,Standard,Facebook Ads,20,2,772.25,0
CUST_04187,Standard,Email Marketing,24,5,3579.05,0
CUST_04188,Basic,Google Search,32,1,4498.2,0
CUST_04189,Standard,Organic,3,2,1245.49,0
CUST_04190,Standard,Email Marketing,26,7,3444.99,0
CUST_04191,Premium,Facebook Ads,17,6,4416.09,0
CUST_04192,Basic,Email Marketing,42,0,743.68,0
CUST_04193,Standard,Facebook Ads,15,UNKNOWN,967.64,0
CUST_04194,Standard,Facebook Ads,13,2,3738.36,0
CUST_04195,Premium,Facebook Ads,2,4,3911.45,0
CUST_04196,Standard,Organic,24,7,809.38,0
CUST_04197,Standard,Email Marketing,34,7,991.29,0
CUST_04198,Basic,Google Search,38,7,170.67,1
CUST_04199,Premium,Organic,5,1,1622.82,0
CUST_04200,Premium,Email Marketing,35,4,1598.39,0
CUST_04201,Basic,Facebook Ads,41,1,4059.14,0
CUST_04202,Basic,Google Search,35,5,245.09,1
CUST_04203,Basic,Google Search,19,1,908.64,0
CUST_04204,Basic,Facebook Ads,45,3,3561.57,0
CUST_04205,Premium,Email Marketing,25,2,788.46,0
CUST_04206,Standard,Facebook Ads,6,5,3516.4,0
CUST_04207,Basic,Organic,7,0,1973.99,0
CUST_04208,Premium,Organic,25,7,771.28,0
CUST_04209,Standard,Google Search,37,UNKNOWN,374.92,0
CUST_04210,Basic,Facebook Ads,16,1,876.49,0
CUST_04211,Premium,Organic,29,4,3386.47,0
CUST_04212,Basic,Google Search,48,4,3718.6,0
CUST_04213,Basic,Organic,21,1,2101.63,0
CUST_04214,Premium,Google Search,26,4,3584.1,0
CUST_04215,Premium,Facebook Ads,32,2,624.05,0
CUST_04216,Premium,Email Marketing,45,5,4023.57,0
CUST_04217,Standard,Facebook Ads,40,7,4342.22,0
CUST_04218,Standard,Organic,48,2,532.24,0
CUST_04219,Standard,Google Search,6,5,176.76,1
CUST_04220,Standard,Google Search,26,5,161.65,0
CUST_04221,Standard,Email Marketing,48,2,2607.35,0
CUST_04222,Standard,Organic,47,6,2788.81,0
CUST_04223,Premium,Google Search,6,6,3736.24,0
CUST_04224,Premium,Google Search,1,4,2586.8,0
CUST_04225,Premium,Email Marketing,45,0,3036.0,0
CUST_04226,Standard,Google Search,1,1,1005.66,0
CUST_04227,Basic,Email Marketing,34,6,231.68,0
CUST_04228,Standard,Organic,18,3,1051.87,0
CUST_04229,Premium,Email Marketing,19,0,214.66,0
CUST_04230,Standard,Organic,3,7,2045.34,0
CUST_04231,Premium,Google Search,46,6,1412.71,0
CUST_04232,Standard,Google Search,3,5,3464.0,0
CUST_04233,Basic,Google Search,35,7,148.71,0
CUST_04234,Basic,Organic,2,0,4224.07,0
CUST_04235,Basic,Organic,43,0,358.64,0
CUST_04236,Basic,Email Marketing,39,1,1505.81,0
CUST_04237,Standard,Organic,31,6,2368.38,0
CUST_04238,Standard,Facebook Ads,9,4,371.79,0
CUST_04239,Premium,Google Search,39,2,4281.36,0
CUST_04240,Standard,Organic,14,1,358.06,0
CUST_04241,Basic,Organic,43,6,144.75,1
CUST_04242,Standard,Organic,47,1,626.39,0
CUST_04243,Basic,Email Marketing,9,2,1562.12,0
CUST_04244,Basic,Organic,27,0,4076.24,0
CUST_04245,Premium,Email Marketing,12,5,521.43,0
CUST_04246,Basic,Organic,46,3,2080.24,0
CUST_04247,Basic,Facebook Ads,37,2,2009.78,0
CUST_04248,Basic,Google Search,43,5,376.87,1
CUST_04249,Basic,Organic,37,5,251.13,1
CUST_04250,Premium,Facebook Ads,28,0,1202.91,0
CUST_04251,Basic,Organic,27,3,2593.67,0
CUST_04252,Basic,Email Marketing,22,0,369.86,0
CUST_04253,Basic,Google Search,31,4,3824.51,0
CUST_04254,Basic,Email Marketing,41,6,91.82,1
CUST_04255,Premium,Email Marketing,6,2,2445.56,0
CUST_04256,Basic,Email Marketing,47,1,4248.96,0
CUST_04257,Standard,Facebook Ads,31,3,3196.93,1
CUST_04258,Basic,Facebook Ads,18,2,4165.98,0
CUST_04259,Basic,Facebook Ads,3,6,50.2,1
CUST_04260,Standard,Organic,12,5,319.77,0
CUST_04261,Basic,Google Search,4,2,165.0,0
CUST_04262,Basic,Email Marketing,5,2,2910.04,0
CUST_04263,Standard,Organic,29,6,2365.25,0
CUST_04264,Standard,Organic,36,5,163.56,0
CUST_04265,Basic,Organic,43,7,309.64,0
CUST_04266,Premium,Organic,10,6,1918.28,0
CUST_04267,Standard,Google Search,43,1,190.03,0
CUST_04268,Standard,Email Marketing,11,1,3410.91,0
CUST_04269,Premium,Organic,42,2,2259.3,0
CUST_04270,Premium,Organic,16,6,4419.29,0
CUST_04271,Premium,Email Marketing,42,1,1270.96,0
CUST_04272,Basic,Organic,7,3,1306.42,0
CUST_04273,Premium,Google Search,16,4,3945.21,0
CUST_04274,Standard,Google Search,41,2,3578.62,0
CUST_04275,Premium,Organic,13,4,2242.64,0
CUST_04276,Premium,Google Search,11,7,4248.02,0
CUST_04277,Premium,Google Search,26,7,682.15,0
CUST_04278,Standard,Email Marketing,18,1,2344.46,0
CUST_04279,Basic,Facebook Ads,8,4,1235.93,0
CUST_04280,Standard,Organic,37,0,1020.07,0
CUST_04281,Premium,Facebook Ads,48,5,1957.75,0
CUST_04282,Premium,Facebook Ads,31,7,1552.15,0
CUST_04283,Basic,Facebook Ads,12,3,367.71,0
CUST_04284,Standard,Email Marketing,44,4,3631.43,0
CUST_04285,Basic,Email Marketing,9,6,153.28,0
CUST_04286,Premium,Google Search,31,5,1070.06,0
CUST_04287,Premium,Facebook Ads,30,6,1627.72,0
CUST_04288,Premium,Email Marketing,18,7,495.94,0
CUST_04289,Standard,Google Search,25,6,1702.37,0
CUST_04290,Premium,Email Marketing,23,3,3923.89,0
CUST_04291,Standard,Facebook Ads,4,4,3051.64,0
CUST_04292,Standard,Email Marketing,14,3,1995.53,0
CUST_04293,Premium,Facebook Ads,30,2,2705.98,0
CUST_04294,Premium,Organic,38,2,2929.31,0
CUST_04295,Standard,Organic,14,4,3426.5,0
CUST_04296,Premium,Email Marketing,4,5,1567.1,0
CUST_04297,Premium,Google Search,14,0,1624.88,0
CUST_04298,Standard,Facebook Ads,5,3,3415.93,0
CUST_04299,Basic,Organic,39,1,3913.62,0
CUST_04300,Premium,Email Marketing,5,2,1233.33,0
CUST_04301,Standard,Facebook Ads,45,4,379.47,0
CUST_04302,Basic,Organic,29,1,1094.94,0
CUST_04303,Standard,Organic,39,4,960.08,0
CUST_04304,Premium,Email Marketing,39,2,1860.99,0
CUST_04305,Basic,Organic,45,5,389.58,1
CUST_04306,Standard,Facebook Ads,25,7,3714.23,0
CUST_04307,Standard,Email Marketing,34,6,1798.44,0
CUST_04308,Standard,Email Marketing,14,3,4409.48,0
CUST_04309,Standard,Email Marketing,11,6,3922.18,0
CUST_04310,Premium,Organic,7,5,1992.38,0
CUST_04311,Standard,Organic,42,1,1631.35,0
CUST_04312,Premium,Google Search,42,7,1541.43,0
CUST_04313,Basic,Email Marketing,44,1,1243.17,1
CUST_04314,Premium,Google Search,40,7,360.75,0
CUST_04315,Standard,Google Search,36,1,3941.01,0
CUST_04316,Basic,Facebook Ads,36,1,2928.63,1
CUST_04317,Premium,Organic,3,3,4172.68,0
CUST_04318,Standard,Organic,12,4,1917.45,0
CUST_04319,Basic,Organic,10,7,357.77,0
CUST_04320,Premium,Facebook Ads,12,5,4045.21,0
CUST_04321,Standard,Google Search,29,7,2305.73,0
CUST_04322,Premium,Organic,13,7,746.94,0
CUST_04323,Standard,Facebook Ads,20,6,2366.7,0
CUST_04324,Basic,Facebook Ads,2,2,2963.54,0
CUST_04325,Basic,Organic,31,1,1815.29,0
CUST_04326,Basic,Email Marketing,13,6,332.98,1
CUST_04327,Standard,Email Marketing,20,3,3642.14,0
CUST_04328,Premium,Organic,23,2,2930.77,0
CUST_04329,Premium,Email Marketing,43,2,4099.61,0
CUST_04330,Premium,Google Search,25,2,1667.37,0
CUST_04331,Standard,Google Search,24,0,2954.14,0
CUST_04332,Premium,Email Marketing,27,2,2852.94,1
CUST_04333,Standard,Organic,24,4,2061.12,0
CUST_04334,Standard,Organic,5,6,3781.1,1
CUST_04335,Standard,Google Search,44,2,597.3,0
CUST_04336,Standard,Facebook Ads,36,1,1671.77,0
CUST_04337,Basic,Organic,23,UNKNOWN,317.02,1
CUST_04338,Standard,Organic,24,6,1918.19,0
CUST_04339,Basic,Google Search,39,7,226.72,1
CUST_04340,Premium,Facebook Ads,43,1,1076.21,0
CUST_04341,Standard,Facebook Ads,2,4,2022.2,1
CUST_04342,Basic,Facebook Ads,13,2,1293.18,0
CUST_04343,Standard,Organic,8,4,713.57,0
CUST_04344,Standard,Facebook Ads,47,5,582.23,0
CUST_04345,Premium,Email Marketing,3,1,356.31,0
CUST_04346,Standard,Facebook Ads,40,3,799.22,0
CUST_04347,Basic,Facebook Ads,20,1,1356.93,0
CUST_04348,Premium,Google Search,27,7,3748.13,0
CUST_04349,Standard,Facebook Ads,1,6,2043.49,0
CUST_04350,Standard,Email Marketing,26,1,1603.56,0
CUST_04351,Premium,Organic,7,0,468.06,0
CUST_04352,Standard,Email Marketing,27,0,3452.35,0
CUST_04353,Standard,Organic,37,6,2250.97,0
CUST_04354,Standard,Email Marketing,32,1,2322.59,0
CUST_04355,Basic,Organic,16,4,NaN,0
CUST_04356,Basic,Email Marketing,19,4,1807.06,0
CUST_04357,Premium,Google Search,17,6,3415.55,0
CUST_04358,Premium,Organic,6,5,1281.53,0
CUST_04359,Standard,Organic,18,3,2973.89,0
CUST_04360,Standard,Google Search,12,6,4476.24,0
CUST_04361,Standard,Facebook Ads,18,6,1239.72,0
CUST_04362,Basic,Organic,25,4,2464.29,0
CUST_04363,Standard,Organic,47,0,2130.24,0
CUST_04364,Basic,Google Search,17,4,1159.81,0
CUST_04365,Standard,Facebook Ads,40,5,2977.5,0
CUST_04366,Basic,Organic,15,2,2393.21,0
CUST_04367,Standard,Facebook Ads,24,6,1543.96,0
CUST_04368,Basic,Google Search,21,3,2257.74,0
CUST_04369,Standard,Organic,24,1,1510.11,0
CUST_04370,Premium,Facebook Ads,25,0,2464.17,0
CUST_04371,Standard,Facebook Ads,39,5,268.21,0
CUST_04372,Standard,Email Marketing,13,7,2096.37,0
CUST_04373,Basic,Google Search,7,1,464.02,0
CUST_04374,Standard,Email Marketing,6,2,4089.38,0
CUST_04375,Standard,Email Marketing,41,4,4442.84,0
CUST_04376,Standard,Facebook Ads,48,1,1895.56,0
CUST_04377,Basic,Facebook Ads,4,2,4099.39,0
CUST_04378,Premium,Facebook Ads,29,7,1212.77,0
CUST_04379,Premium,Email Marketing,30,1,NaN,1
CUST_04380,Basic,Google Search,10,1,1828.68,0
CUST_04381,Standard,Organic,34,1,4014.25,0
CUST_04382,Basic,Email Marketing,5,0,3413.49,0
CUST_04383,Premium,Facebook Ads,2,5,3206.9,0
CUST_04384,Premium,Google Search,38,2,2231.85,0
CUST_04385,Basic,Email Marketing,41,1,1415.58,0
CUST_04386,Premium,Email Marketing,15,6,971.72,0
CUST_04387,Basic,Facebook Ads,28,5,115.16,1
CUST_04388,Basic,Facebook Ads,26,6,134.08,1
CUST_04389,Standard,Email Marketing,21,7,3266.2,0
CUST_04390,Basic,Organic,18,0,1735.33,0
CUST_04391,Premium,Google Search,8,3,1380.39,0
CUST_04392,Premium,Email Marketing,40,5,2538.25,0
CUST_04393,Premium,Organic,11,0,1333.69,0
CUST_04394,Premium,Email Marketing,21,4,2521.07,0
CUST_04395,Basic,Organic,11,4,544.43,0
CUST_04396,Basic,Google Search,39,1,3543.32,0
CUST_04397,Premium,Email Marketing,10,0,3510.53,0
CUST_04398,Premium,Google Search,41,7,1532.28,0
CUST_04399,Standard,Organic,31,0,1922.5,0
CUST_04400,Standard,Email Marketing,47,0,949.68,1
CUST_04401,Standard,Google Search,33,5,1320.27,0
CUST_04402,Basic,Facebook Ads,27,4,1824.26,0
CUST_04403,Premium,Google Search,23,5,290.99,0
CUST_04404,Basic,Google Search,17,7,397.11,0
CUST_04405,Premium,Organic,47,7,1099.26,0
CUST_04406,Basic,Facebook Ads,43,5,242.58,1
CUST_04407,Premium,Google Search,12,6,3554.89,0
CUST_04408,Premium,Google Search,44,4,2392.07,0
CUST_04409,Premium,Email Marketing,6,6,NaN,0
CUST_04410,Premium,Organic,46,1,1234.74,0
CUST_04411,Premium,Google Search,16,4,2355.81,0
CUST_04412,Basic,Google Search,15,2,978.89,0
CUST_04413,Standard,Google Search,33,0,873.75,0
CUST_04414,Standard,Email Marketing,12,6,343.27,0
CUST_04415,Premium,Organic,18,1,1601.09,0
CUST_04416,Premium,Organic,23,6,1840.61,0
CUST_04417,Premium,Organic,43,7,2652.39,0
CUST_04418,Premium,Email Marketing,16,4,3714.13,0
CUST_04419,Premium,Email Marketing,6,3,1162.18,0
CUST_04420,Premium,Facebook Ads,9,3,1696.46,0
CUST_04421,Basic,Facebook Ads,22,0,2949.64,0
CUST_04422,Premium,Email Marketing,13,7,428.53,0
CUST_04423,Basic,Google Search,42,3,566.29,0
CUST_04424,Basic,Organic,2,3,3112.48,0
CUST_04425,Premium,Organic,23,0,2715.58,0
CUST_04426,Basic,Organic,40,3,3172.09,0
CUST_04427,Basic,Organic,31,7,303.26,1
CUST_04428,Standard,Google Search,46,7,2936.7,0
CUST_04429,Basic,Organic,6,3,4298.44,0
CUST_04430,Premium,Email Marketing,28,4,4317.26,1
CUST_04431,Basic,Facebook Ads,29,4,3264.2,0
CUST_04432,Basic,Email Marketing,6,3,2376.22,0
CUST_04433,Basic,Google Search,31,7,191.43,1
CUST_04434,Basic,Email Marketing,22,0,1770.0,0
CUST_04435,Basic,Facebook Ads,44,7,302.79,1
CUST_04436,Premium,Email Marketing,38,1,870.67,0
CUST_04437,Standard,Google Search,34,7,694.94,0
CUST_04438,Premium,Email Marketing,11,0,1078.17,0
CUST_04439,Basic,Facebook Ads,30,2,1756.75,0
CUST_04440,Standard,Organic,42,2,1078.5,0
CUST_04441,Premium,Google Search,11,4,2676.74,0
CUST_04442,Standard,Organic,48,0,2766.25,0
CUST_04443,Premium,Google Search,37,3,4116.8,0
CUST_04444,Standard,Facebook Ads,26,0,2934.44,0
CUST_04445,Standard,Google Search,34,4,3144.3,0
CUST_04446,Basic,Email Marketing,38,5,187.01,1
CUST_04447,Standard,Organic,43,2,2538.31,0
CUST_04448,Basic,Google Search,46,2,1936.03,1
CUST_04449,Basic,Facebook Ads,24,4,1897.13,0
CUST_04450,Premium,Organic,14,5,3771.4,0
CUST_04451,Premium,Google Search,5,2,265.5,0
CUST_04452,Premium,Google Search,32,7,2658.22,0
CUST_04453,Standard,Google Search,23,2,1118.11,0
CUST_04454,Premium,Facebook Ads,3,2,1345.39,0
CUST_04455,Premium,Email Marketing,21,4,1721.17,0
CUST_04456,Premium,Organic,10,4,3167.72,0
CUST_04457,Basic,Facebook Ads,3,3,3551.55,0
CUST_04458,Premium,Email Marketing,8,5,4380.16,1
CUST_04459,Basic,Facebook Ads,35,6,177.04,1
CUST_04460,Premium,Google Search,35,5,2831.15,0
CUST_04461,Basic,Facebook Ads,18,6,112.37,1
CUST_04462,Standard,Organic,27,5,575.45,1
CUST_04463,Standard,Google Search,36,5,598.56,0
CUST_04464,Premium,Facebook Ads,18,4,224.46,0
CUST_04465,Standard,Organic,31,0,3448.85,0
CUST_04466,Basic,Organic,42,7,174.44,1
CUST_04467,Standard,Facebook Ads,2,5,3604.29,0
CUST_04468,Standard,Facebook Ads,29,3,2833.13,0
CUST_04469,Standard,Organic,17,1,348.22,0
CUST_04470,Standard,Facebook Ads,38,7,1650.96,0
CUST_04471,Premium,Google Search,12,5,1118.01,0
CUST_04472,Premium,Google Search,15,2,1469.98,0
CUST_04473,Standard,Email Marketing,40,2,488.27,0
CUST_04474,Standard,Email Marketing,42,7,2557.04,0
CUST_04475,Standard,Facebook Ads,18,7,3637.19,0
CUST_04476,Standard,Organic,32,4,353.53,0
CUST_04477,Premium,Organic,25,UNKNOWN,1461.09,1
CUST_04478,Standard,Facebook Ads,34,5,2744.07,0
CUST_04479,Basic,Google Search,1,5,263.02,1
CUST_04480,Standard,Google Search,13,3,2743.95,0
CUST_04481,Premium,Email Marketing,20,1,2531.4,0
CUST_04482,Standard,Email Marketing,40,0,4032.5,0
CUST_04483,Standard,Email Marketing,29,4,1544.71,0
CUST_04484,Premium,Facebook Ads,35,0,1305.41,0
CUST_04485,Standard,Email Marketing,31,5,2303.11,0
CUST_04486,Basic,Google Search,20,2,1814.2,0
CUST_04487,Premium,Facebook Ads,37,0,3615.66,0
CUST_04488,Basic,Email Marketing,17,3,2783.72,0
CUST_04489,Premium,Google Search,23,7,2537.46,0
CUST_04490,Premium,Google Search,23,5,1693.66,0
CUST_04491,Standard,Facebook Ads,36,6,1274.69,0
CUST_04492,Premium,Facebook Ads,30,7,4441.88,0
CUST_04493,Standard,Organic,31,5,1761.87,0
CUST_04494,Standard,Email Marketing,18,1,3572.19,0
CUST_04495,Premium,Email Marketing,18,4,1569.99,0
CUST_04496,Basic,Organic,6,0,3666.44,0
CUST_04497,Premium,Organic,26,5,2730.24,0
CUST_04498,Standard,Google Search,18,5,2719.4,0
CUST_04499,Standard,Email Marketing,7,1,3950.89,1
CUST_04500,Premium,Organic,27,3,3599.86,0
CUST_04501,Standard,Google Search,26,6,4412.99,0
CUST_04502,Basic,Organic,34,2,2839.99,0
CUST_04503,Basic,Email Marketing,39,4,986.42,1
CUST_04504,Premium,Organic,1,6,1136.14,0
CUST_04505,Standard,Organic,48,6,2812.15,0
CUST_04506,Standard,Email Marketing,4,0,1787.67,1
CUST_04507,Premium,Facebook Ads,41,0,3759.3,0
CUST_04508,Standard,Email Marketing,24,4,2879.49,0
CUST_04509,Standard,Google Search,45,7,538.66,0
CUST_04510,Standard,Google Search,15,1,2114.66,0
CUST_04511,Basic,Facebook Ads,40,0,951.79,0
CUST_04512,Premium,Google Search,3,5,2440.06,0
CUST_04513,Premium,Google Search,17,1,3139.56,0
CUST_04514,Premium,Facebook Ads,7,6,4471.96,1
CUST_04515,Premium,Google Search,20,7,2214.86,0
CUST_04516,Premium,Organic,33,1,3373.47,0
CUST_04517,Premium,Email Marketing,46,7,2409.67,1
CUST_04518,Basic,Organic,22,3,1964.53,0
CUST_04519,Premium,Organic,25,1,2987.64,0
CUST_04520,Standard,Google Search,42,4,838.98,0
CUST_04521,Premium,Email Marketing,40,2,2903.56,0
CUST_04522,Basic,Facebook Ads,22,2,2127.16,0
CUST_04523,Basic,Organic,6,1,2355.26,0
CUST_04524,Premium,Google Search,23,0,708.86,0
CUST_04525,Premium,Facebook Ads,32,1,289.84,0
CUST_04526,Basic,Facebook Ads,23,1,1533.85,0
CUST_04527,Standard,Organic,36,1,1858.27,0
CUST_04528,Premium,Facebook Ads,46,7,889.21,0
CUST_04529,Premium,Email Marketing,39,5,3889.34,0
CUST_04530,Standard,Organic,43,7,2983.62,0
CUST_04531,Premium,Facebook Ads,10,7,3419.2,0
CUST_04532,Basic,Email Marketing,21,4,1116.41,0
CUST_04533,Premium,Email Marketing,7,1,2928.49,0
CUST_04534,Premium,Organic,15,6,2784.83,0
CUST_04535,Standard,Facebook Ads,7,7,1545.14,1
CUST_04536,Basic,Google Search,15,0,1025.62,0
CUST_04537,Basic,Facebook Ads,43,5,318.59,0
CUST_04538,Premium,Facebook Ads,5,3,1790.06,0
CUST_04539,Standard,Google Search,10,7,3085.15,0
CUST_04540,Basic,Facebook Ads,43,6,134.65,1
CUST_04541,Basic,Google Search,3,7,334.4,1
CUST_04542,Standard,Facebook Ads,13,1,2748.86,1
CUST_04543,Standard,Google Search,27,5,2693.04,0
CUST_04544,Standard,Email Marketing,6,1,937.2,0
CUST_04545,Basic,Email Marketing,10,2,1294.77,0
CUST_04546,Basic,Organic,45,1,3272.93,0
CUST_04547,Standard,Facebook Ads,30,6,350.1,0
CUST_04548,Premium,Organic,41,0,1571.36,0
CUST_04549,Standard,Facebook Ads,19,0,3996.63,0
CUST_04550,Standard,Facebook Ads,47,2,182.2,0
CUST_04551,Basic,Organic,16,1,2718.43,0
CUST_04552,Standard,Email Marketing,28,6,1143.89,0
CUST_04553,Standard,Organic,44,2,2204.52,0
CUST_04554,Basic,Google Search,4,4,1869.48,0
CUST_04555,Standard,Google Search,17,6,1880.62,0
CUST_04556,Standard,Google Search,33,5,2013.0,1
CUST_04557,Standard,Google Search,34,0,1448.38,0
CUST_04558,Premium,Facebook Ads,21,1,1470.25,1
CUST_04559,Standard,Facebook Ads,14,1,279.03,0
CUST_04560,Standard,Organic,20,1,1668.58,0
CUST_04561,Standard,Email Marketing,21,7,1914.46,0
CUST_04562,Premium,Google Search,35,1,3300.92,0
CUST_04563,Basic,Email Marketing,39,4,4272.67,0
CUST_04564,Basic,Organic,33,0,1636.04,0
CUST_04565,Basic,Email Marketing,37,0,1591.84,0
CUST_04566,Standard,Facebook Ads,28,7,2184.26,0
CUST_04567,Standard,Organic,23,4,2115.11,0
CUST_04568,Standard,Facebook Ads,21,1,1552.26,0
CUST_04569,Basic,Organic,2,5,371.36,1
CUST_04570,Basic,Email Marketing,46,2,3694.63,0
CUST_04571,Standard,Organic,43,0,1997.5,0
CUST_04572,Basic,Facebook Ads,10,1,2811.81,0
CUST_04573,Basic,Organic,42,1,3209.48,0
CUST_04574,Standard,Google Search,32,2,833.43,0
CUST_04575,Standard,Email Marketing,1,6,2274.43,0
CUST_04576,Standard,Facebook Ads,11,3,2825.99,0
CUST_04577,Standard,Facebook Ads,15,5,1054.39,1
CUST_04578,Basic,Facebook Ads,11,2,3889.22,0
CUST_04579,Basic,Email Marketing,1,5,56.53,1
CUST_04580,Basic,Facebook Ads,11,0,1131.27,0
CUST_04581,Basic,Google Search,24,7,302.16,0
CUST_04582,Premium,Email Marketing,5,1,2770.63,0
CUST_04583,Standard,Email Marketing,1,5,3497.41,0
CUST_04584,Standard,Google Search,30,1,1839.99,0
CUST_04585,Standard,Organic,25,4,2703.86,0
CUST_04586,Standard,Organic,31,1,1308.1,0
CUST_04587,Basic,Facebook Ads,19,1,2974.35,0
CUST_04588,Basic,Google Search,32,0,3745.42,0
CUST_04589,Basic,Organic,32,1,883.14,0
CUST_04590,Basic,Email Marketing,41,4,1701.69,0
CUST_04591,Basic,Google Search,33,0,2686.58,0
CUST_04592,Basic,Google Search,29,0,2818.8,0
CUST_04593,Basic,Organic,3,0,741.65,1
CUST_04594,Basic,Google Search,18,4,4122.82,0
CUST_04595,Standard,Email Marketing,36,6,3480.08,0
CUST_04596,Basic,Facebook Ads,47,4,2329.81,0
CUST_04597,Premium,Organic,48,3,2113.01,0
CUST_04598,Premium,Facebook Ads,15,4,1719.77,0
CUST_04599,Standard,Organic,3,3,1667.75,0
CUST_04600,Basic,Google Search,6,2,1715.03,0
CUST_04601,Premium,Organic,30,5,2854.37,1
CUST_04602,Premium,Organic,2,6,3041.62,0
CUST_04603,Premium,Organic,31,7,3678.87,0
CUST_04604,Premium,Email Marketing,33,4,3411.62,0
CUST_04605,Basic,Facebook Ads,14,1,2461.55,0
CUST_04606,Standard,Facebook Ads,1,1,600.51,0
CUST_04607,Basic,Organic,33,2,1871.25,0
CUST_04608,Basic,Facebook Ads,23,6,286.85,1
CUST_04609,Standard,Google Search,34,7,3740.12,0
CUST_04610,Premium,Organic,4,1,1961.76,0
CUST_04611,Basic,Google Search,23,4,2013.56,1
CUST_04612,Basic,Google Search,48,2,2876.72,0
CUST_04613,Premium,Email Marketing,1,4,270.97,0
CUST_04614,Standard,Google Search,26,2,314.58,0
CUST_04615,Basic,Facebook Ads,17,1,1195.23,0
CUST_04616,Basic,Facebook Ads,14,2,263.82,0
CUST_04617,Premium,Organic,44,1,3725.22,0
CUST_04618,Standard,Organic,4,7,3981.02,0
CUST_04619,Standard,Organic,21,0,2656.49,0
CUST_04620,Basic,Email Marketing,16,5,292.59,1
CUST_04621,Basic,Facebook Ads,15,0,4333.05,0
CUST_04622,Standard,Organic,39,5,3149.69,0
CUST_04623,Premium,Google Search,27,7,1675.21,0
CUST_04624,Premium,Organic,5,2,2551.51,0
CUST_04625,Basic,Email Marketing,30,5,327.69,1
CUST_04626,Standard,Google Search,43,4,183.08,0
CUST_04627,Standard,Email Marketing,19,0,4407.12,0
CUST_04628,Standard,Google Search,10,7,1986.87,0
CUST_04629,Standard,Google Search,40,2,2195.14,0
CUST_04630,Standard,Google Search,28,5,828.13,0
CUST_04631,Basic,Email Marketing,7,4,833.0,0
CUST_04632,Premium,Email Marketing,12,1,2437.93,0
CUST_04633,Standard,Facebook Ads,31,1,4417.11,0
CUST_04634,Basic,Google Search,3,5,340.99,1
CUST_04635,Premium,Email Marketing,6,5,3447.75,0
CUST_04636,Premium,Email Marketing,20,0,1197.41,0
CUST_04637,Standard,Google Search,13,0,2750.58,0
CUST_04638,Premium,Facebook Ads,34,2,3912.49,0
CUST_04639,Basic,Organic,19,0,320.83,0
CUST_04640,Standard,Google Search,25,3,1696.49,0
CUST_04641,Premium,Facebook Ads,40,6,2519.63,0
CUST_04642,Basic,Facebook Ads,3,1,2408.87,1
CUST_04643,Premium,Facebook Ads,40,5,3225.42,0
CUST_04644,Basic,Organic,43,5,284.22,1
CUST_04645,Basic,Organic,8,5,375.57,0
CUST_04646,Standard,Email Marketing,39,7,730.81,0
CUST_04647,Basic,Google Search,42,2,196.8,0
CUST_04648,Premium,Facebook Ads,8,6,523.31,0
CUST_04649,Basic,Google Search,1,6,65.91,1
CUST_04650,Basic,Email Marketing,39,5,174.75,1
CUST_04651,Standard,Email Marketing,4,5,3999.14,0
CUST_04652,Premium,Facebook Ads,7,4,4147.59,0
CUST_04653,Premium,Organic,37,1,3618.54,0
CUST_04654,Standard,Organic,45,1,2558.41,0
CUST_04655,Basic,Facebook Ads,14,1,809.42,1
CUST_04656,Basic,Email Marketing,22,0,758.35,0
CUST_04657,Standard,Facebook Ads,18,1,966.82,0
CUST_04658,Standard,Facebook Ads,27,0,4461.0,0
CUST_04659,Standard,Facebook Ads,36,4,486.56,0
CUST_04660,Basic,Google Search,26,6,210.47,1
CUST_04661,Premium,Organic,20,3,3608.5,0
CUST_04662,Basic,Facebook Ads,43,5,269.68,0
CUST_04663,Standard,Facebook Ads,6,6,214.55,0
CUST_04664,Premium,Organic,15,7,3672.78,0
CUST_04665,Basic,Facebook Ads,10,3,3249.23,0
CUST_04666,Premium,Email Marketing,17,2,1353.03,0
CUST_04667,Standard,Email Marketing,6,0,878.58,0
CUST_04668,Premium,Email Marketing,24,4,1064.45,0
CUST_04669,Standard,Organic,43,7,4293.67,1
CUST_04670,Standard,Facebook Ads,11,4,1721.6,0
CUST_04671,Premium,Email Marketing,34,6,3024.29,0
CUST_04672,Basic,Facebook Ads,30,1,2695.04,0
CUST_04673,Basic,Google Search,41,0,2845.37,0
CUST_04674,Basic,Google Search,4,3,1031.31,0
CUST_04675,Standard,Google Search,33,6,2370.57,0
CUST_04676,Basic,Facebook Ads,40,UNKNOWN,274.96,0
CUST_04677,Standard,Google Search,6,4,2036.1,0
CUST_04678,Standard,Google Search,44,2,3347.38,0
CUST_04679,Standard,Facebook Ads,21,4,1463.12,0
CUST_04680,Standard,Email Marketing,35,4,498.63,0
CUST_04681,Standard,Google Search,35,3,NaN,0
CUST_04682,Basic,Email Marketing,33,0,911.74,0
CUST_04683,Premium,Email Marketing,6,1,714.16,1
CUST_04684,Basic,Organic,46,6,323.62,1
CUST_04685,Standard,Google Search,16,0,820.5,0
CUST_04686,Standard,Google Search,27,5,695.81,0
CUST_04687,Standard,Google Search,43,1,2606.46,0
CUST_04688,Basic,Organic,29,1,4369.38,0
CUST_04689,Premium,Organic,6,3,408.41,0
CUST_04690,Basic,Facebook Ads,32,0,934.02,0
CUST_04691,Premium,Organic,14,4,3990.15,0
CUST_04692,Premium,Organic,21,0,4119.64,0
CUST_04693,Standard,Email Marketing,14,4,2804.33,0
CUST_04694,Standard,Organic,19,7,2453.36,0
CUST_04695,Basic,Email Marketing,38,6,386.93,1
CUST_04696,Premium,Organic,10,6,1943.92,0
CUST_04697,Standard,Facebook Ads,3,6,1570.27,0
CUST_04698,Basic,Organic,45,1,4391.13,0
CUST_04699,Premium,Organic,13,7,1140.72,0
CUST_04700,Basic,Email Marketing,18,0,1359.48,0
CUST_04701,Basic,Facebook Ads,43,7,277.36,1
CUST_04702,Premium,Email Marketing,39,6,4276.08,0
CUST_04703,Basic,Organic,30,6,274.22,1
CUST_04704,Basic,Google Search,21,1,4126.96,0
CUST_04705,Standard,Email Marketing,33,4,3994.34,0
CUST_04706,Basic,Facebook Ads,30,4,2300.04,0
CUST_04707,Basic,Email Marketing,28,4,4104.19,0
CUST_04708,Premium,Organic,21,5,4194.95,0
CUST_04709,Basic,Organic,19,7,349.63,1
CUST_04710,Basic,Email Marketing,6,4,3617.56,0
CUST_04711,Basic,Email Marketing,5,3,188.38,0
CUST_04712,Basic,Facebook Ads,47,2,2180.21,0
CUST_04713,Standard,Facebook Ads,30,1,2266.43,0
CUST_04714,Basic,Google Search,20,5,144.96,1
CUST_04715,Basic,Email Marketing,44,4,1341.35,0
CUST_04716,Basic,Email Marketing,41,2,3391.76,0
CUST_04717,Standard,Google Search,48,7,2410.36,0
CUST_04718,Standard,Organic,18,1,310.64,0
CUST_04719,Basic,Google Search,3,5,310.12,1
CUST_04720,Premium,Email Marketing,46,7,2358.59,0
CUST_04721,Premium,Google Search,20,5,4458.16,0
CUST_04722,Premium,Facebook Ads,48,6,1110.1,0
CUST_04723,Premium,Email Marketing,10,2,4376.58,0
CUST_04724,Standard,Facebook Ads,24,4,3135.12,0
CUST_04725,Basic,Email Marketing,14,3,3181.11,0
CUST_04726,Standard,Email Marketing,36,6,4020.49,0
CUST_04727,Basic,Email Marketing,27,6,270.39,0
CUST_04728,Premium,Facebook Ads,6,0,827.03,0
CUST_04729,Standard,Facebook Ads,37,2,3406.9,0
CUST_04730,Standard,Organic,47,1,2813.23,0
CUST_04731,Standard,Email Marketing,20,1,934.58,0
CUST_04732,Premium,Organic,20,3,4058.7,0
CUST_04733,Basic,Facebook Ads,27,6,219.83,1
CUST_04734,Basic,Facebook Ads,38,0,3402.02,0
CUST_04735,Premium,Facebook Ads,27,3,1531.66,0
CUST_04736,Premium,Google Search,13,1,3503.72,0
CUST_04737,Standard,Email Marketing,17,7,1989.74,0
CUST_04738,Standard,Facebook Ads,26,1,2395.47,0
CUST_04739,Premium,Google Search,36,4,2417.76,0
CUST_04740,Premium,Organic,9,7,3315.46,0
CUST_04741,Standard,Email Marketing,32,1,2672.09,0
CUST_04742,Premium,Google Search,26,6,1200.15,0
CUST_04743,Premium,Email Marketing,36,1,2929.2,0
CUST_04744,Standard,Facebook Ads,48,UNKNOWN,3815.53,0
CUST_04745,Standard,Google Search,24,3,624.12,0
CUST_04746,Standard,Facebook Ads,4,3,2132.38,0
CUST_04747,Standard,Facebook Ads,29,4,2602.69,0
CUST_04748,Basic,Google Search,32,3,2081.72,0
CUST_04749,Premium,Facebook Ads,13,5,2038.05,1
CUST_04750,Basic,Google Search,24,6,167.79,1
CUST_04751,Basic,Google Search,32,0,4347.86,0
CUST_04752,Premium,Organic,22,6,2354.32,0
CUST_04753,Basic,Organic,12,1,1483.34,0
CUST_04754,Premium,Facebook Ads,23,6,1785.42,0
CUST_04755,Premium,Organic,12,5,869.69,0
CUST_04756,Basic,Organic,20,5,246.7,1
CUST_04757,Basic,Facebook Ads,8,4,1357.08,0
CUST_04758,Basic,Organic,44,0,4252.64,0
CUST_04759,Standard,Email Marketing,21,4,4479.69,1
CUST_04760,Basic,Facebook Ads,46,3,2793.03,0
CUST_04761,Premium,Google Search,40,5,4200.19,0
CUST_04762,Basic,Email Marketing,36,2,2837.06,0
CUST_04763,Standard,Organic,21,7,1331.69,0
CUST_04764,Standard,Facebook Ads,41,3,2359.62,0
CUST_04765,Basic,Facebook Ads,42,0,497.07,0
CUST_04766,Premium,Organic,31,7,1960.82,0
CUST_04767,Standard,Organic,8,5,1562.45,0
CUST_04768,Standard,Google Search,38,3,3287.57,0
CUST_04769,Premium,Organic,7,7,558.87,0
CUST_04770,Standard,Google Search,41,1,972.61,0
CUST_04771,Premium,Email Marketing,19,4,NaN,0
CUST_04772,Basic,Organic,27,2,4269.97,0
CUST_04773,Standard,Facebook Ads,19,6,529.45,0
CUST_04774,Basic,Email Marketing,31,0,1655.78,0
CUST_04775,Premium,Google Search,31,7,4310.85,0
CUST_04776,Premium,Email Marketing,23,4,381.42,1
CUST_04777,Premium,Organic,47,0,4333.01,0
CUST_04778,Premium,Email Marketing,35,4,2254.64,0
CUST_04779,Standard,Facebook Ads,12,3,1495.26,1
CUST_04780,Basic,Organic,16,0,1663.1,0
CUST_04781,Basic,Email Marketing,28,1,2807.79,0
CUST_04782,Premium,Facebook Ads,21,2,2422.35,1
CUST_04783,Premium,Organic,26,0,NaN,0
CUST_04784,Basic,Email Marketing,27,4,3599.57,0
CUST_04785,Basic,Email Marketing,5,3,2440.33,0
CUST_04786,Premium,Organic,5,7,972.45,0
CUST_04787,Premium,Organic,23,1,4023.47,0
CUST_04788,Basic,Email Marketing,2,2,NaN,0
CUST_04789,Standard,Google Search,31,1,1988.3,0
CUST_04790,Premium,Facebook Ads,29,1,2888.73,0
CUST_04791,Basic,Facebook Ads,44,3,1743.46,0
CUST_04792,Premium,Google Search,47,0,3038.18,0
CUST_04793,Premium,Google Search,15,1,3675.86,1
CUST_04794,Basic,Facebook Ads,5,5,240.46,0
CUST_04795,Basic,Facebook Ads,42,1,2370.99,0
CUST_04796,Premium,Email Marketing,33,5,1005.2,0
CUST_04797,Basic,Facebook Ads,19,7,178.06,1
CUST_04798,Standard,Google Search,21,3,3205.78,0
CUST_04799,Basic,Email Marketing,41,2,1411.72,0
CUST_04800,Standard,Google Search,20,3,3953.72,0
CUST_04801,Basic,Google Search,10,7,92.16,0
CUST_04802,Basic,Facebook Ads,20,1,1550.02,0
CUST_04803,Standard,Google Search,48,4,316.81,0
CUST_04804,Basic,Google Search,10,4,3028.89,0
CUST_04805,Basic,Facebook Ads,16,3,1026.91,0
CUST_04806,Standard,Google Search,39,5,4205.39,1
CUST_04807,Premium,Google Search,40,3,1143.4,0
CUST_04808,Basic,Email Marketing,16,1,4354.94,0
CUST_04809,Standard,Google Search,41,3,2883.69,0
CUST_04810,Basic,Email Marketing,22,2,1635.58,1
CUST_04811,Standard,Google Search,11,7,3779.5,0
CUST_04812,Standard,Facebook Ads,1,6,3271.98,0
CUST_04813,Premium,Email Marketing,36,3,1976.23,0
CUST_04814,Standard,Google Search,20,2,611.29,0
CUST_04815,Standard,Organic,42,4,3515.12,0
CUST_04816,Premium,Google Search,14,3,4425.34,0
CUST_04817,Standard,Email Marketing,35,5,766.86,0
CUST_04818,Standard,Google Search,28,2,3528.48,0
CUST_04819,Basic,Email Marketing,24,3,2077.54,0
CUST_04820,Premium,Google Search,42,3,2221.17,0
CUST_04821,Basic,Organic,26,1,2536.54,0
CUST_04822,Standard,Organic,48,3,3089.5,0
CUST_04823,Standard,Organic,14,6,NaN,0
CUST_04824,Basic,Organic,31,6,255.19,1
CUST_04825,Standard,Email Marketing,21,1,2854.01,0
CUST_04826,Standard,Email Marketing,21,3,3675.56,1
CUST_04827,Standard,Email Marketing,19,0,2260.7,0
CUST_04828,Standard,Facebook Ads,37,2,4315.2,0
CUST_04829,Basic,Google Search,45,0,1724.53,0
CUST_04830,Standard,Facebook Ads,10,4,2367.85,0
CUST_04831,Premium,Google Search,5,6,1783.91,0
CUST_04832,Standard,Facebook Ads,42,4,4246.87,0
CUST_04833,Premium,Facebook Ads,37,5,1489.83,1
CUST_04834,Standard,Facebook Ads,33,3,1931.65,0
CUST_04835,Standard,Facebook Ads,2,6,2689.63,0
CUST_04836,Standard,Organic,39,7,3905.36,0
CUST_04837,Standard,Facebook Ads,27,3,1384.9,1
CUST_04838,Standard,Email Marketing,11,4,3299.52,0
CUST_04839,Standard,Organic,24,2,3562.56,0
CUST_04840,Basic,Facebook Ads,11,1,3845.67,0
CUST_04841,Standard,Email Marketing,9,6,3613.98,0
CUST_04842,Premium,Facebook Ads,36,7,602.37,0
CUST_04843,Basic,Organic,29,4,1721.68,0
CUST_04844,Standard,Facebook Ads,9,2,1803.95,0
CUST_04845,Premium,Facebook Ads,39,5,1132.5,0
CUST_04846,Premium,Email Marketing,11,7,4276.5,0
CUST_04847,Standard,Email Marketing,47,1,4238.05,0
CUST_04848,Premium,Email Marketing,36,1,374.48,0
CUST_04849,Basic,Organic,1,4,4307.49,0
CUST_04850,Premium,Facebook Ads,12,1,962.84,0
CUST_04851,Basic,Google Search,45,3,4164.84,1
CUST_04852,Premium,Organic,47,1,845.27,0
CUST_04853,Basic,Facebook Ads,8,7,387.36,1
CUST_04854,Standard,Google Search,23,2,3769.58,0
CUST_04855,Standard,Facebook Ads,48,5,3555.16,0
CUST_04856,Standard,Google Search,35,6,3859.3,0
CUST_04857,Premium,Google Search,30,1,3682.01,0
CUST_04858,Basic,Facebook Ads,25,6,327.85,1
CUST_04859,Standard,Google Search,9,6,964.1,0
CUST_04860,Standard,Facebook Ads,48,2,2293.05,0
CUST_04861,Standard,Facebook Ads,38,1,4402.47,0
CUST_04862,Premium,Email Marketing,45,5,3630.19,0
CUST_04863,Basic,Facebook Ads,24,5,263.15,1
CUST_04864,Premium,Facebook Ads,17,5,470.67,0
CUST_04865,Standard,Organic,44,4,349.79,0
CUST_04866,Basic,Facebook Ads,23,3,2263.47,0
CUST_04867,Premium,Facebook Ads,18,5,3079.46,0
CUST_04868,Premium,Facebook Ads,33,4,2355.86,0
CUST_04869,Standard,Facebook Ads,22,5,2426.01,0
CUST_04870,Basic,Organic,3,0,1918.39,0
CUST_04871,Premium,Organic,12,0,713.38,0
CUST_04872,Standard,Organic,11,6,2946.22,0
CUST_04873,Standard,Organic,26,2,702.08,0
CUST_04874,Premium,Organic,24,2,3668.18,0
CUST_04875,Premium,Facebook Ads,31,6,2896.19,0
CUST_04876,Basic,Organic,13,7,165.55,0
CUST_04877,Premium,Organic,29,7,417.76,0
CUST_04878,Standard,Facebook Ads,5,3,185.7,0
CUST_04879,Standard,Facebook Ads,33,0,2563.93,0
CUST_04880,Premium,Facebook Ads,43,4,152.05,0
CUST_04881,Premium,Facebook Ads,2,7,304.46,0
CUST_04882,Standard,Google Search,32,6,184.56,0
CUST_04883,Premium,Organic,44,5,1380.53,0
CUST_04884,Basic,Organic,15,5,183.19,1
CUST_04885,Basic,Email Marketing,20,5,357.22,1
CUST_04886,Premium,Organic,9,5,1486.9,0
CUST_04887,Premium,Organic,24,4,4281.45,0
CUST_04888,Premium,Email Marketing,35,7,1974.84,0
CUST_04889,Premium,Email Marketing,12,6,2274.52,0
CUST_04890,Standard,Google Search,25,3,NaN,0
CUST_04891,Premium,Facebook Ads,7,4,3876.36,0
CUST_04892,Standard,Organic,32,0,961.35,0
CUST_04893,Premium,Organic,4,3,4081.1,0
CUST_04894,Basic,Organic,23,2,1633.02,0
CUST_04895,Basic,Email Marketing,46,3,2512.68,0
CUST_04896,Premium,Google Search,46,1,796.25,0
CUST_04897,Premium,Google Search,26,2,2612.34,0
CUST_04898,Basic,Facebook Ads,33,7,77.38,1
CUST_04899,Standard,Google Search,20,7,2348.54,0
CUST_04900,Standard,Google Search,8,4,198.26,0
CUST_04901,Standard,Google Search,33,0,1554.35,1
CUST_04902,Premium,Email Marketing,45,0,1814.03,0
CUST_04903,Standard,Organic,38,7,4244.16,0
CUST_04904,Premium,Google Search,43,5,683.18,0
CUST_04905,Standard,Google Search,40,5,150.26,0
CUST_04906,Premium,Facebook Ads,11,6,2318.47,0
CUST_04907,Premium,Google Search,20,4,2206.2,0
CUST_04908,Basic,Facebook Ads,27,4,960.03,0
CUST_04909,Basic,Email Marketing,6,7,356.02,1
CUST_04910,Basic,Email Marketing,27,3,990.09,0
CUST_04911,Basic,Google Search,22,3,2695.22,0
CUST_04912,Standard,Organic,45,7,766.42,0
CUST_04913,Basic,Email Marketing,45,1,2508.58,0
CUST_04914,Standard,Facebook Ads,12,1,407.26,0
CUST_04915,Premium,Email Marketing,9,0,733.59,0
CUST_04916,Premium,Email Marketing,5,1,1750.83,0
CUST_04917,Standard,Organic,44,4,3115.96,0
CUST_04918,Basic,Facebook Ads,37,0,3124.01,0
CUST_04919,Standard,Organic,11,3,1194.59,0
CUST_04920,Standard,Organic,11,3,3818.45,0
CUST_04921,Basic,Email Marketing,10,4,2310.29,0
CUST_04922,Standard,Email Marketing,13,0,2211.1,0
CUST_04923,Basic,Google Search,13,6,287.57,1
CUST_04924,Standard,Facebook Ads,22,0,2964.97,0
CUST_04925,Premium,Google Search,26,6,2153.74,0
CUST_04926,Standard,Google Search,41,6,2347.56,0
CUST_04927,Standard,Email Marketing,24,3,2980.73,0
CUST_04928,Premium,Organic,43,6,3746.8,0
CUST_04929,Premium,Organic,10,5,1504.98,0
CUST_04930,Standard,Email Marketing,45,3,3468.87,0
CUST_04931,Basic,Facebook Ads,47,1,1583.73,0
CUST_04932,Premium,Organic,46,4,1935.36,0
CUST_04933,Standard,Facebook Ads,42,6,2083.34,0
CUST_04934,Standard,Organic,24,5,2833.19,0
CUST_04935,Standard,Email Marketing,11,7,3670.07,0
CUST_04936,Standard,Email Marketing,47,2,896.44,0
CUST_04937,Premium,Facebook Ads,47,7,1458.97,0
CUST_04938,Premium,Facebook Ads,4,5,773.86,0
CUST_04939,Premium,Facebook Ads,18,7,4237.15,0
CUST_04940,Premium,Facebook Ads,19,0,4178.64,1
CUST_04941,Standard,Email Marketing,47,3,992.88,0
CUST_04942,Premium,Organic,5,5,879.57,0
CUST_04943,Standard,Facebook Ads,32,2,2654.67,0
CUST_04944,Premium,Email Marketing,3,0,3007.92,0
CUST_04945,Standard,Organic,34,1,2997.13,0
CUST_04946,Standard,Email Marketing,21,0,3190.72,1
CUST_04947,Standard,Facebook Ads,46,3,1536.55,0
CUST_04948,Basic,Email Marketing,40,3,2890.93,0
CUST_04949,Premium,Google Search,37,1,2145.4,1
CUST_04950,Basic,Email Marketing,34,6,310.31,0
CUST_04951,Basic,Email Marketing,17,5,169.12,1
CUST_04952,Standard,Google Search,3,6,1917.28,0
CUST_04953,Standard,Email Marketing,39,0,4447.28,0
CUST_04954,Premium,Facebook Ads,7,0,2653.16,0
CUST_04955,Basic,Email Marketing,31,3,2985.19,1
CUST_04956,Standard,Email Marketing,40,0,NaN,0
CUST_04957,Premium,Organic,2,5,3165.54,0
CUST_04958,Premium,Email Marketing,17,5,2396.4,0
CUST_04959,Premium,Organic,14,6,3582.25,1
CUST_04960,Premium,Email Marketing,5,1,692.82,0
CUST_04961,Premium,Google Search,23,7,4081.47,0
CUST_04962,Standard,Organic,14,UNKNOWN,3631.86,0
CUST_04963,Basic,Organic,7,0,2708.03,0
CUST_04964,Premium,Organic,37,7,2489.18,0
CUST_04965,Premium,Facebook Ads,36,4,889.07,0
CUST_04966,Standard,Organic,25,0,2071.96,0
CUST_04967,Premium,Email Marketing,23,2,150.66,0
CUST_04968,Standard,Google Search,7,5,1048.91,0
CUST_04969,Premium,Facebook Ads,14,3,3087.65,0
CUST_04970,Basic,Organic,12,0,1351.03,0
CUST_04971,Premium,Email Marketing,10,7,3751.71,0
CUST_04972,Basic,Google Search,29,6,56.51,1
CUST_04973,Basic,Organic,37,1,3024.69,0
CUST_04974,Basic,Google Search,23,1,924.02,0
CUST_04975,Standard,Email Marketing,41,7,2494.55,0
CUST_04976,Standard,Google Search,22,5,1249.06,0
CUST_04977,Basic,Email Marketing,29,1,1109.85,0
CUST_04978,Standard,Organic,46,3,4341.9,0
CUST_04979,Premium,Facebook Ads,26,6,3304.22,0
CUST_04980,Basic,Facebook Ads,6,1,2183.94,0
CUST_04981,Standard,Facebook Ads,33,5,1364.6,0
CUST_04982,Basic,Email Marketing,13,0,244.28,0
CUST_04983,Premium,Facebook Ads,24,7,4006.06,0
CUST_04984,Standard,Google Search,23,3,1669.78,0
CUST_04985,Premium,Email Marketing,44,7,2333.44,0
CUST_04986,Premium,Google Search,48,7,3952.82,0
CUST_04987,Standard,Facebook Ads,7,7,2617.2,0
CUST_04988,Standard,Google Search,41,1,2210.17,0
CUST_04989,Standard,Organic,1,6,2436.82,0
CUST_04990,Basic,Google Search,15,4,2278.94,1
CUST_04991,Standard,Organic,22,0,2647.72,0
CUST_04992,Premium,Google Search,9,0,4292.28,0
CUST_04993,Standard,Google Search,7,0,1716.47,0
CUST_04994,Standard,Facebook Ads,31,7,706.64,0
CUST_04995,Standard,Email Marketing,12,4,2890.38,0
CUST_04996,Standard,Email Marketing,38,4,355.23,0
CUST_04997,Standard,Facebook Ads,45,5,2848.55,0
CUST_04998,Basic,Google Search,14,1,NaN,0
CUST_04999,Premium,Email Marketing,46,7,2212.91,0
CUST_05000,Premium,Organic,19,5,4210.7,0
CUST_05001,Standard,Email Marketing,14,5,1038.5,0
CUST_05002,Premium,Google Search,38,3,3295.29,0
CUST_05003,Basic,Organic,8,6,320.96,1
CUST_05004,Standard,Organic,27,0,2319.48,1
CUST_05005,Premium,Email Marketing,2,5,1171.0,0
CUST_05006,Basic,Google Search,19,6,260.25,1
CUST_05007,Basic,Organic,42,4,658.97,0
CUST_05008,Premium,Google Search,32,4,4127.71,0
CUST_05009,Basic,Organic,16,0,2818.06,0
CUST_05010,Standard,Google Search,23,1,4106.88,0
CUST_05011,Premium,Email Marketing,38,4,2276.91,0
CUST_05012,Standard,Google Search,31,5,NaN,0
CUST_05013,Premium,Organic,46,2,3364.43,0
CUST_05014,Premium,Facebook Ads,15,0,3795.75,0
CUST_05015,Standard,Facebook Ads,5,3,2057.37,0
CUST_05016,Premium,Organic,28,0,1013.04,0
CUST_05017,Standard,Google Search,31,6,1477.91,0
CUST_05018,Premium,Organic,11,0,262.52,0
CUST_05019,Standard,Organic,35,5,4211.01,0
CUST_05020,Standard,Email Marketing,20,6,3699.15,0
CUST_05021,Standard,Google Search,47,4,3556.72,1
CUST_05022,Standard,Google Search,41,1,1192.86,0
CUST_05023,Standard,Facebook Ads,27,4,882.37,0
CUST_05024,Basic,Facebook Ads,30,2,3910.87,0
CUST_05025,Premium,Email Marketing,38,7,2254.6,0
CUST_05026,Premium,Organic,36,5,858.12,0
CUST_05027,Premium,Organic,45,6,3725.27,0
CUST_05028,Basic,Google Search,3,2,3375.66,0
CUST_05029,Premium,Email Marketing,15,1,1033.25,0
CUST_05030,Premium,Organic,12,1,1930.75,0
CUST_05031,Standard,Organic,35,3,1538.71,0
CUST_05032,Basic,Facebook Ads,25,6,307.49,1
CUST_05033,Standard,Facebook Ads,2,2,2553.3,0
CUST_05034,Premium,Google Search,26,2,483.46,0
CUST_05035,Basic,Facebook Ads,2,5,73.88,0
CUST_05036,Basic,Organic,29,4,3560.56,0
CUST_05037,Standard,Facebook Ads,27,3,3411.15,0
CUST_05038,Basic,Facebook Ads,8,4,2541.27,0
CUST_05039,Premium,Google Search,48,5,2638.06,0
CUST_05040,Premium,Facebook Ads,10,3,1503.53,0
CUST_05041,Standard,Organic,4,4,2557.62,0
CUST_05042,Basic,Facebook Ads,24,5,52.02,1
CUST_05043,Standard,Organic,37,7,2559.53,0
CUST_05044,Standard,Facebook Ads,10,4,406.52,0
CUST_05045,Standard,Google Search,12,6,545.32,0
CUST_05046,Basic,Google Search,4,6,107.21,1
CUST_05047,Basic,Email Marketing,43,4,1820.61,0
CUST_05048,Basic,Email Marketing,7,6,127.25,1
CUST_05049,Standard,Google Search,41,6,2248.68,0
CUST_05050,Premium,Email Marketing,42,2,3112.1,0
CUST_05051,Standard,Google Search,47,6,1537.15,0
CUST_05052,Basic,Google Search,22,7,330.37,0
CUST_05053,Basic,Facebook Ads,38,3,2854.44,0
CUST_05054,Standard,Organic,16,3,827.77,0
CUST_05055,Premium,Google Search,27,6,3746.81,0
CUST_05056,Basic,Facebook Ads,22,UNKNOWN,3235.64,0
CUST_05057,Basic,Email Marketing,45,2,3306.35,0
CUST_05058,Standard,Google Search,24,0,3096.06,1
CUST_05059,Premium,Facebook Ads,25,5,2979.04,0
CUST_05060,Premium,Google Search,13,3,2744.59,1
CUST_05061,Premium,Email Marketing,1,4,480.3,0
CUST_05062,Standard,Facebook Ads,27,4,2975.96,1
CUST_05063,Premium,Organic,1,2,4064.48,0
CUST_05064,Premium,Email Marketing,41,5,3347.98,0
CUST_05065,Basic,Organic,24,3,2953.52,0
CUST_05066,Premium,Organic,18,3,3622.89,0
CUST_05067,Premium,Google Search,7,3,3973.43,0
CUST_05068,Standard,Google Search,22,7,2764.16,0
CUST_05069,Premium,Organic,14,5,4065.07,0
CUST_05070,Premium,Organic,37,4,1558.6,0
CUST_05071,Basic,Email Marketing,13,1,3203.52,0
CUST_05072,Premium,Facebook Ads,9,1,3574.44,0
CUST_05073,Basic,Email Marketing,10,5,388.23,0
CUST_05074,Standard,Organic,26,5,1026.38,0
CUST_05075,Basic,Email Marketing,28,6,332.42,1
CUST_05076,Basic,Email Marketing,41,1,1356.84,0
CUST_05077,Basic,Organic,29,2,4081.98,0
CUST_05078,Basic,Organic,28,7,120.02,1
CUST_05079,Basic,Email Marketing,22,1,2559.97,0
CUST_05080,Premium,Facebook Ads,3,2,540.59,0
CUST_05081,Basic,Organic,16,1,3644.17,0
CUST_05082,Standard,Organic,34,7,2429.08,0
CUST_05083,Standard,Google Search,39,6,1465.07,0
CUST_05084,Basic,Facebook Ads,17,0,3928.25,1
CUST_05085,Basic,Google Search,12,1,3639.12,0
CUST_05086,Premium,Organic,44,4,2915.38,0
CUST_05087,Premium,Facebook Ads,1,4,421.79,0
CUST_05088,Basic,Facebook Ads,10,0,944.81,0
CUST_05089,Premium,Organic,34,5,3134.26,0
CUST_05090,Premium,Organic,41,0,1566.76,0
CUST_05091,Basic,Email Marketing,34,7,313.88,1
CUST_05092,Premium,Email Marketing,10,0,4179.91,0
CUST_05093,Basic,Facebook Ads,23,0,4249.02,0
CUST_05094,Premium,Organic,36,5,1649.62,0
CUST_05095,Basic,Organic,26,0,2338.27,0
CUST_05096,Premium,Email Marketing,27,4,4414.92,0
CUST_05097,Basic,Email Marketing,37,6,282.36,1
CUST_05098,Standard,Email Marketing,37,5,3994.28,0
CUST_05099,Standard,Facebook Ads,27,0,2520.32,0
CUST_05100,Standard,Email Marketing,42,7,2598.03,0
CUST_05101,Premium,Email Marketing,28,4,464.06,0
CUST_05102,Standard,Email Marketing,9,5,893.79,1
CUST_05103,Premium,Google Search,30,5,3702.67,0
CUST_05104,Basic,Email Marketing,41,2,2089.11,0
CUST_05105,Basic,Google Search,47,5,59.02,1
CUST_05106,Premium,Facebook Ads,22,1,4282.56,0
CUST_05107,Standard,Organic,8,2,1603.66,0
CUST_05108,Standard,Facebook Ads,33,1,3154.26,0
CUST_05109,Basic,Facebook Ads,24,2,3010.12,0
CUST_05110,Standard,Email Marketing,21,4,375.36,0
CUST_05111,Standard,Organic,43,1,871.11,0
CUST_05112,Basic,Facebook Ads,35,5,182.71,0
CUST_05113,Premium,Email Marketing,34,2,3800.79,0
CUST_05114,Standard,Email Marketing,45,1,1179.86,0
CUST_05115,Premium,Google Search,3,3,3461.57,0
CUST_05116,Premium,Email Marketing,12,6,4053.62,0
CUST_05117,Basic,Google Search,18,6,206.06,1
CUST_05118,Standard,Google Search,12,6,1991.61,0
CUST_05119,Basic,Email Marketing,19,4,2866.92,0
CUST_05120,Premium,Facebook Ads,12,6,1977.72,0
CUST_05121,Premium,Email Marketing,14,5,2017.45,0
CUST_05122,Basic,Facebook Ads,24,6,179.89,1
CUST_05123,Premium,Facebook Ads,25,0,946.84,0
CUST_05124,Premium,Facebook Ads,16,5,2941.87,0
CUST_05125,Basic,Organic,31,2,3301.78,0
CUST_05126,Premium,Organic,16,1,2216.15,0
CUST_05127,Basic,Google Search,21,4,3842.62,0
CUST_05128,Standard,Google Search,17,6,1129.92,0
CUST_05129,Premium,Email Marketing,12,4,3053.67,0
CUST_05130,Basic,Facebook Ads,24,7,115.71,1
CUST_05131,Premium,Organic,24,0,3038.44,0
CUST_05132,Standard,Facebook Ads,32,7,1598.34,0
CUST_05133,Premium,Google Search,35,1,2373.91,1
CUST_05134,Standard,Organic,20,5,4021.48,0
CUST_05135,Standard,Google Search,40,6,1062.48,0
CUST_05136,Premium,Facebook Ads,11,1,151.46,0
CUST_05137,Premium,Organic,31,5,938.07,0
CUST_05138,Premium,Facebook Ads,20,1,1851.07,1
CUST_05139,Basic,Google Search,8,2,280.47,0
CUST_05140,Premium,Facebook Ads,48,7,4321.51,1
CUST_05141,Standard,Email Marketing,29,0,1956.01,0
CUST_05142,Premium,Email Marketing,5,1,1514.39,0
CUST_05143,Basic,Google Search,34,6,274.6,0
CUST_05144,Premium,Organic,35,6,714.34,0
CUST_05145,Standard,Google Search,10,3,3866.67,0
CUST_05146,Premium,Email Marketing,39,0,1471.07,0
CUST_05147,Standard,Organic,21,0,4012.17,0
CUST_05148,Basic,Facebook Ads,21,0,654.68,0
CUST_05149,Standard,Organic,45,6,168.22,0
CUST_05150,Basic,Email Marketing,20,4,2120.39,0
CUST_05151,Standard,Email Marketing,36,6,2255.04,0
CUST_05152,Standard,Organic,44,3,3427.69,0
CUST_05153,Premium,Email Marketing,35,6,226.39,0
CUST_05154,Premium,Google Search,26,4,2249.05,0
CUST_05155,Premium,Facebook Ads,47,2,1206.29,0
CUST_05156,Standard,Email Marketing,33,7,2153.89,0
CUST_05157,Basic,Organic,18,2,2582.4,0
CUST_05158,Standard,Facebook Ads,11,4,4078.71,0
CUST_05159,Standard,Organic,47,1,3777.31,0
CUST_05160,Premium,Organic,30,1,2041.89,0
CUST_05161,Premium,Google Search,13,5,NaN,0
CUST_05162,Premium,Facebook Ads,29,3,698.09,0
CUST_05163,Basic,Google Search,4,6,NaN,1
CUST_05164,Basic,Facebook Ads,1,5,186.09,1
CUST_05165,Standard,Email Marketing,36,2,3595.43,0
CUST_05166,Premium,Facebook Ads,1,1,2822.22,0
CUST_05167,Basic,Email Marketing,21,4,3978.67,0
CUST_05168,Basic,Email Marketing,42,1,4454.64,0
CUST_05169,Premium,Facebook Ads,2,1,167.42,0
CUST_05170,Basic,Email Marketing,14,7,57.08,0
CUST_05171,Premium,Organic,26,5,3555.07,0
CUST_05172,Basic,Google Search,13,6,248.73,1
CUST_05173,Standard,Email Marketing,45,6,4342.79,0
CUST_05174,Basic,Google Search,29,2,2426.05,0
CUST_05175,Standard,Facebook Ads,43,0,3019.55,0
CUST_05176,Standard,Google Search,24,6,2705.81,1
CUST_05177,Basic,Facebook Ads,26,0,4307.17,0
CUST_05178,Basic,Facebook Ads,26,5,391.03,1
CUST_05179,Basic,Organic,32,1,3786.25,0
CUST_05180,Standard,Facebook Ads,44,1,1927.48,0
CUST_05181,Premium,Organic,29,0,3904.06,0
CUST_05182,Basic,Facebook Ads,26,0,933.94,0
CUST_05183,Premium,Google Search,3,2,4287.67,0
CUST_05184,Standard,Organic,6,4,751.64,0
CUST_05185,Basic,Google Search,16,3,1728.91,0
CUST_05186,Standard,Email Marketing,17,0,3743.03,0
CUST_05187,Standard,Email Marketing,29,2,878.21,0
CUST_05188,Basic,Google Search,5,3,3007.6,0
CUST_05189,Premium,Google Search,5,0,1014.8,0
CUST_05190,Standard,Google Search,20,1,3811.08,0
CUST_05191,Premium,Google Search,25,2,2806.74,0
CUST_05192,Premium,Email Marketing,1,2,4357.66,0
CUST_05193,Basic,Email Marketing,11,6,57.05,0
CUST_05194,Standard,Facebook Ads,36,3,3162.5,0
CUST_05195,Basic,Organic,36,5,54.4,1
CUST_05196,Basic,Email Marketing,20,6,394.74,0
CUST_05197,Standard,Email Marketing,4,1,336.18,0
CUST_05198,Premium,Email Marketing,19,6,1942.97,0
CUST_05199,Premium,Email Marketing,8,0,2535.95,1
CUST_05200,Standard,Email Marketing,47,1,3537.4,1
CUST_05201,Premium,Google Search,26,5,NaN,0
CUST_05202,Basic,Facebook Ads,14,5,75.19,1
CUST_05203,Standard,Email Marketing,14,0,3821.08,0
CUST_05204,Premium,Google Search,17,2,1191.88,0
CUST_05205,Premium,Organic,7,5,885.1,0
CUST_05206,Basic,Email Marketing,18,4,4273.77,1
CUST_05207,Premium,Email Marketing,23,4,4274.07,0
CUST_05208,Basic,Email Marketing,15,0,3224.94,0
CUST_05209,Standard,Google Search,14,3,3341.22,0
CUST_05210,Standard,Facebook Ads,15,4,2608.57,0
CUST_05211,Basic,Google Search,30,3,1289.47,0
CUST_05212,Premium,Email Marketing,25,4,3964.82,1
CUST_05213,Premium,Facebook Ads,6,1,2961.87,0
CUST_05214,Basic,Facebook Ads,3,5,88.83,1
CUST_05215,Standard,Email Marketing,37,UNKNOWN,241.65,0
CUST_05216,Standard,Email Marketing,6,0,2849.09,0
CUST_05217,Basic,Google Search,10,4,905.43,0
CUST_05218,Basic,Google Search,44,2,328.48,0
CUST_05219,Basic,Email Marketing,35,5,328.76,1
CUST_05220,Standard,Email Marketing,9,6,235.22,0
CUST_05221,Basic,Google Search,44,6,141.31,1
CUST_05222,Basic,Organic,14,7,180.99,1
CUST_05223,Premium,Organic,19,6,3705.41,0
CUST_05224,Basic,Facebook Ads,17,5,288.18,1
CUST_05225,Basic,Google Search,29,4,208.98,0
CUST_05226,Standard,Organic,48,6,2781.02,0
CUST_05227,Standard,Organic,16,1,3156.5,0
CUST_05228,Standard,Facebook Ads,15,2,1589.49,0
CUST_05229,Basic,Facebook Ads,41,6,230.53,1
CUST_05230,Standard,Organic,44,6,4419.69,0
CUST_05231,Basic,Google Search,31,7,NaN,1
CUST_05232,Premium,Google Search,32,5,3042.52,0
CUST_05233,Premium,Organic,9,5,1816.43,0
CUST_05234,Standard,Google Search,18,5,680.08,0
CUST_05235,Basic,Google Search,45,1,3734.9,0
CUST_05236,Standard,Organic,3,0,490.42,0
CUST_05237,Basic,Organic,21,7,259.35,1
CUST_05238,Premium,Google Search,15,2,2203.83,0
CUST_05239,Standard,Facebook Ads,38,5,1186.98,0
CUST_05240,Standard,Organic,34,2,1975.36,0
CUST_05241,Basic,Organic,14,6,357.34,1
CUST_05242,Standard,Google Search,6,3,1742.38,0
CUST_05243,Standard,Email Marketing,31,2,2796.83,0
CUST_05244,Standard,Organic,10,0,2459.0,0
CUST_05245,Basic,Facebook Ads,32,3,1120.22,0
CUST_05246,Standard,Facebook Ads,39,4,1949.16,0
CUST_05247,Premium,Facebook Ads,14,7,3405.05,0
CUST_05248,Standard,Facebook Ads,4,1,660.38,0
CUST_05249,Premium,Email Marketing,14,2,434.68,0
CUST_05250,Basic,Facebook Ads,36,3,4258.64,0
CUST_05251,Basic,Facebook Ads,34,7,322.0,1
CUST_05252,Basic,Email Marketing,8,4,2549.08,0
CUST_05253,Standard,Facebook Ads,2,2,808.52,0
CUST_05254,Premium,Google Search,41,6,1900.65,0
CUST_05255,Basic,Email Marketing,46,3,1386.05,0
CUST_05256,Standard,Facebook Ads,29,5,3760.69,0
CUST_05257,Basic,Facebook Ads,40,1,3971.19,0
CUST_05258,Standard,Email Marketing,16,0,195.49,0
CUST_05259,Premium,Facebook Ads,2,2,1943.65,0
CUST_05260,Basic,Email Marketing,41,3,3422.72,0
CUST_05261,Basic,Email Marketing,5,5,308.02,1
CUST_05262,Standard,Facebook Ads,44,4,3352.27,0
CUST_05263,Basic,Organic,39,5,333.6,1
CUST_05264,Premium,Google Search,44,5,3589.87,0
CUST_05265,Premium,Facebook Ads,12,1,2077.64,1
CUST_05266,Standard,Facebook Ads,20,3,426.46,0
CUST_05267,Premium,Organic,31,4,3541.05,0
CUST_05268,Basic,Facebook Ads,6,3,443.74,0
CUST_05269,Standard,Google Search,36,2,902.23,0
CUST_05270,Standard,Google Search,38,4,1823.08,0
CUST_05271,Standard,Facebook Ads,3,7,388.13,0
CUST_05272,Premium,Google Search,1,1,878.82,0
CUST_05273,Premium,Facebook Ads,27,1,747.93,1
CUST_05274,Basic,Facebook Ads,42,7,64.1,1
CUST_05275,Basic,Email Marketing,40,6,56.91,1
CUST_05276,Standard,Email Marketing,31,3,4022.29,0
CUST_05277,Basic,Email Marketing,38,5,156.42,1
CUST_05278,Premium,Organic,19,5,670.04,0
CUST_05279,Premium,Facebook Ads,23,1,1233.9,0
CUST_05280,Basic,Google Search,34,2,2784.99,0
CUST_05281,Standard,Facebook Ads,33,7,718.92,0
CUST_05282,Standard,Facebook Ads,5,0,3185.44,0
CUST_05283,Premium,Google Search,8,7,1404.58,0
CUST_05284,Premium,Facebook Ads,31,3,3537.89,0
CUST_05285,Basic,Organic,30,6,131.72,1
CUST_05286,Standard,Email Marketing,40,1,573.18,0
CUST_05287,Standard,Email Marketing,16,4,2427.15,0
CUST_05288,Basic,Organic,46,6,258.24,1
CUST_05289,Standard,Google Search,10,6,1092.17,0
CUST_05290,Premium,Email Marketing,5,1,2261.25,1
CUST_05291,Premium,Facebook Ads,14,4,724.31,0
CUST_05292,Standard,Email Marketing,24,4,647.74,0
CUST_05293,Premium,Facebook Ads,18,5,670.59,1
CUST_05294,Standard,Email Marketing,17,2,570.86,0
CUST_05295,Basic,Google Search,16,4,236.88,0
CUST_05296,Premium,Facebook Ads,45,4,2947.88,0
CUST_05297,Basic,Organic,21,7,377.12,1
CUST_05298,Premium,Email Marketing,48,7,4104.98,0
CUST_05299,Premium,Organic,39,7,3189.74,0
CUST_05300,Premium,Email Marketing,38,1,3823.69,0
CUST_05301,Basic,Facebook Ads,48,2,1626.71,0
CUST_05302,Premium,Google Search,34,3,2531.28,0
CUST_05303,Premium,Organic,30,3,694.75,0
CUST_05304,Basic,Organic,1,1,3732.74,0
CUST_05305,Premium,Facebook Ads,35,0,1389.14,0
CUST_05306,Basic,Google Search,14,6,321.24,1
CUST_05307,Premium,Organic,20,0,1962.99,0
CUST_05308,Standard,Organic,2,3,3026.16,0
CUST_05309,Basic,Organic,23,5,249.94,0
CUST_05310,Basic,Facebook Ads,34,5,193.15,1
CUST_05311,Standard,Facebook Ads,15,UNKNOWN,2849.82,0
CUST_05312,Premium,Facebook Ads,18,2,4157.3,0
CUST_05313,Basic,Email Marketing,33,0,3931.66,0
CUST_05314,Basic,Email Marketing,2,4,4332.22,0
CUST_05315,Basic,Organic,25,5,284.16,1
CUST_05316,Premium,Organic,1,7,2992.06,0
CUST_05317,Premium,Organic,12,6,3419.17,0
CUST_05318,Standard,Google Search,8,UNKNOWN,1761.76,1
CUST_05319,Standard,Organic,42,2,2337.69,0
CUST_05320,Standard,Google Search,37,2,2043.49,1
CUST_05321,Standard,Organic,27,7,1951.68,0
CUST_05322,Premium,Organic,46,6,3600.99,0
CUST_05323,Premium,Facebook Ads,30,1,4052.78,0
CUST_05324,Premium,Facebook Ads,42,0,349.68,0
CUST_05325,Standard,Organic,48,5,1609.31,0
CUST_05326,Standard,Facebook Ads,29,5,3649.97,0
CUST_05327,Premium,Organic,43,3,1744.05,0
CUST_05328,Basic,Google Search,19,4,973.81,0
CUST_05329,Standard,Email Marketing,28,5,2643.36,0
CUST_05330,Standard,Facebook Ads,7,6,3943.12,0
CUST_05331,Standard,Google Search,26,7,1831.89,0
CUST_05332,Premium,Email Marketing,17,UNKNOWN,2427.04,0
CUST_05333,Premium,Email Marketing,10,5,823.97,0
CUST_05334,Standard,Organic,12,2,382.81,0
CUST_05335,Premium,Google Search,10,1,4015.88,0
CUST_05336,Basic,Facebook Ads,26,5,56.17,1
CUST_05337,Premium,Organic,33,UNKNOWN,1711.69,0
CUST_05338,Basic,Organic,12,5,87.08,1
CUST_05339,Premium,Google Search,19,4,2979.88,1
CUST_05340,Standard,Organic,6,5,3298.74,0
CUST_05341,Standard,Facebook Ads,4,5,3181.09,1
CUST_05342,Standard,Facebook Ads,12,6,3792.95,0
CUST_05343,Basic,Email Marketing,5,3,3692.17,0
CUST_05344,Basic,Facebook Ads,37,1,4258.82,0
CUST_05345,Standard,Google Search,5,5,271.99,1
CUST_05346,Standard,Email Marketing,8,3,1725.07,1
CUST_05347,Basic,Email Marketing,37,6,243.21,1
CUST_05348,Premium,Email Marketing,24,5,1813.24,0
CUST_05349,Premium,Google Search,19,5,4023.59,0
CUST_05350,Premium,Facebook Ads,36,6,3963.19,0
CUST_05351,Standard,Organic,15,6,356.12,0
CUST_05352,Basic,Organic,41,3,929.46,0
CUST_05353,Premium,Email Marketing,12,4,4138.58,0
CUST_05354,Basic,Email Marketing,18,7,276.9,1
CUST_05355,Standard,Google Search,20,0,1814.81,0
CUST_05356,Standard,Google Search,37,6,1781.38,0
CUST_05357,Standard,Facebook Ads,2,0,4207.36,0
CUST_05358,Premium,Google Search,18,UNKNOWN,3493.3,1
CUST_05359,Premium,Email Marketing,15,5,3675.78,0
CUST_05360,Premium,Google Search,13,7,1164.14,1
CUST_05361,Standard,Google Search,17,5,3328.49,0
CUST_05362,Basic,Facebook Ads,3,7,360.46,0
CUST_05363,Standard,Organic,13,0,2246.07,0
CUST_05364,Premium,Google Search,1,6,2240.17,0
CUST_05365,Basic,Google Search,48,3,1905.25,0
CUST_05366,Premium,Google Search,38,5,1968.1,0
CUST_05367,Basic,Facebook Ads,35,4,3674.18,0
CUST_05368,Basic,Google Search,22,7,273.83,1
CUST_05369,Premium,Facebook Ads,11,1,3415.24,0
CUST_05370,Basic,Organic,28,1,1087.05,0
CUST_05371,Basic,Google Search,31,UNKNOWN,395.42,1
CUST_05372,Basic,Google Search,24,2,1470.15,0
CUST_05373,Standard,Organic,38,6,1103.27,0
CUST_05374,Basic,Organic,29,4,3937.83,0
CUST_05375,Basic,Email Marketing,34,0,4456.15,0
CUST_05376,Standard,Email Marketing,8,5,2129.23,0
CUST_05377,Basic,Organic,13,2,3453.49,0
CUST_05378,Standard,Google Search,26,6,3111.58,0
CUST_05379,Premium,Google Search,6,0,3538.63,0
CUST_05380,Premium,Google Search,1,3,4379.69,1
CUST_05381,Standard,Email Marketing,31,6,437.51,1
CUST_05382,Premium,Google Search,2,2,2619.74,0
CUST_05383,Premium,Organic,12,0,1473.99,0
CUST_05384,Basic,Email Marketing,2,3,2777.37,0
CUST_05385,Basic,Google Search,18,3,4247.07,0
CUST_05386,Standard,Organic,28,3,835.03,0
CUST_05387,Basic,Facebook Ads,15,4,900.51,1
CUST_05388,Premium,Facebook Ads,41,6,1294.74,0
CUST_05389,Premium,Google Search,39,0,2867.09,0
CUST_05390,Basic,Email Marketing,4,3,1863.6,1
CUST_05391,Premium,Facebook Ads,11,1,4402.63,0
CUST_05392,Premium,Email Marketing,40,UNKNOWN,594.75,0
CUST_05393,Basic,Google Search,36,6,64.64,1
CUST_05394,Basic,Email Marketing,16,2,2392.99,0
CUST_05395,Premium,Google Search,26,3,2063.46,0
CUST_05396,Premium,Google Search,40,3,253.29,0
CUST_05397,Premium,Email Marketing,28,5,3135.26,0
CUST_05398,Premium,Email Marketing,37,1,3761.92,0
CUST_05399,Premium,Email Marketing,47,0,1214.47,0
CUST_05400,Standard,Facebook Ads,37,1,2001.05,0
CUST_05401,Premium,Google Search,10,4,3097.66,0
CUST_05402,Standard,Organic,15,6,1605.5,0
CUST_05403,Basic,Organic,9,6,190.34,1
CUST_05404,Basic,Google Search,31,2,3943.59,0
CUST_05405,Basic,Google Search,42,1,2605.7,0
CUST_05406,Premium,Facebook Ads,15,5,3380.87,0
CUST_05407,Premium,Facebook Ads,4,UNKNOWN,1621.69,0
CUST_05408,Premium,Google Search,6,6,778.44,1
CUST_05409,Standard,Email Marketing,31,3,1306.81,0
CUST_05410,Standard,Email Marketing,41,6,2983.65,0
CUST_05411,Standard,Facebook Ads,48,4,3118.69,1
CUST_05412,Basic,Email Marketing,12,7,366.17,0
CUST_05413,Premium,Email Marketing,48,3,4046.33,0
CUST_05414,Basic,Email Marketing,30,6,215.56,1
CUST_05415,Standard,Email Marketing,42,2,2158.37,0
CUST_05416,Basic,Facebook Ads,7,0,4059.79,0
CUST_05417,Standard,Google Search,14,0,4331.78,0
CUST_05418,Basic,Email Marketing,8,6,271.23,0
CUST_05419,Standard,Organic,8,7,434.78,0
CUST_05420,Premium,Email Marketing,34,4,3286.25,0
CUST_05421,Standard,Email Marketing,21,1,1281.56,0
CUST_05422,Standard,Google Search,17,5,3107.46,0
CUST_05423,Premium,Facebook Ads,32,1,1351.91,0
CUST_05424,Basic,Google Search,48,1,641.28,0
CUST_05425,Standard,Facebook Ads,41,6,456.03,0
CUST_05426,Premium,Google Search,17,4,2727.7,0
CUST_05427,Basic,Google Search,13,5,251.38,0
CUST_05428,Standard,Google Search,33,2,2688.58,0
CUST_05429,Basic,Google Search,2,0,3937.33,0
CUST_05430,Standard,Organic,20,5,4092.61,1
CUST_05431,Premium,Facebook Ads,31,4,3449.79,0
CUST_05432,Premium,Facebook Ads,23,3,3660.1,0
CUST_05433,Standard,Organic,17,7,4431.36,0
CUST_05434,Standard,Organic,45,2,570.2,0
CUST_05435,Standard,Email Marketing,14,2,4170.01,0
CUST_05436,Standard,Email Marketing,42,0,2996.09,0
CUST_05437,Standard,Email Marketing,29,3,2369.61,0
CUST_05438,Premium,Facebook Ads,5,0,2439.38,0
CUST_05439,Basic,Organic,45,4,2742.47,0
CUST_05440,Premium,Organic,21,5,2912.23,0
CUST_05441,Premium,Organic,27,6,2659.22,0
CUST_05442,Standard,Organic,8,5,2976.83,0
CUST_05443,Premium,Google Search,42,5,2740.39,0
CUST_05444,Standard,Google Search,44,2,153.71,0
CUST_05445,Standard,Email Marketing,4,2,2776.63,0
CUST_05446,Basic,Facebook Ads,8,6,69.08,1
CUST_05447,Premium,Organic,11,7,2488.26,0
CUST_05448,Basic,Organic,14,7,129.78,1
CUST_05449,Basic,Email Marketing,7,7,69.96,0
CUST_05450,Standard,Organic,18,1,3030.56,0
CUST_05451,Basic,Organic,14,6,177.96,1
CUST_05452,Basic,Google Search,20,2,4098.39,0
CUST_05453,Basic,Email Marketing,44,7,144.49,1
CUST_05454,Basic,Organic,47,4,2895.57,0
CUST_05455,Basic,Facebook Ads,13,0,2888.55,0
CUST_05456,Basic,Email Marketing,27,6,177.57,1
CUST_05457,Standard,Organic,48,7,3750.61,0
CUST_05458,Standard,Email Marketing,19,3,190.73,1
CUST_05459,Premium,Email Marketing,5,0,4191.51,0
CUST_05460,Standard,Facebook Ads,38,7,1325.73,0
CUST_05461,Standard,Email Marketing,9,7,4253.57,0
CUST_05462,Standard,Email Marketing,24,2,433.15,0
CUST_05463,Basic,Email Marketing,14,1,3690.6,0
CUST_05464,Standard,Email Marketing,37,3,731.67,0
CUST_05465,Basic,Organic,12,5,219.5,0
CUST_05466,Basic,Google Search,46,3,2458.29,0
CUST_05467,Standard,Facebook Ads,10,6,2831.17,0
CUST_05468,Standard,Facebook Ads,34,5,4464.58,1
CUST_05469,Standard,Organic,6,7,321.95,0
CUST_05470,Standard,Facebook Ads,35,3,3137.71,0
CUST_05471,Basic,Email Marketing,47,3,1747.29,0
CUST_05472,Premium,Organic,39,0,2215.17,0
CUST_05473,Premium,Google Search,5,1,4212.3,0
CUST_05474,Basic,Facebook Ads,4,2,4156.8,0
CUST_05475,Basic,Email Marketing,2,3,3187.15,0
CUST_05476,Premium,Organic,28,4,3101.42,0
CUST_05477,Basic,Organic,14,7,181.01,1
CUST_05478,Standard,Organic,33,1,2855.22,0
CUST_05479,Premium,Google Search,34,3,3772.36,1
CUST_05480,Standard,Email Marketing,11,4,NaN,0
CUST_05481,Basic,Organic,22,3,1763.54,0
CUST_05482,Standard,Email Marketing,1,5,4494.8,0
CUST_05483,Basic,Facebook Ads,6,2,1072.14,0
CUST_05484,Standard,Google Search,43,5,1067.49,0
CUST_05485,Standard,Email Marketing,35,5,1542.41,0
CUST_05486,Basic,Google Search,13,3,3867.63,0
CUST_05487,Basic,Organic,35,0,726.35,0
CUST_05488,Basic,Facebook Ads,17,5,248.12,1
CUST_05489,Basic,Facebook Ads,9,2,2304.84,0
CUST_05490,Standard,Google Search,16,2,4434.87,0
CUST_05491,Basic,Facebook Ads,26,0,4247.89,0
CUST_05492,Premium,Email Marketing,2,4,4411.9,0
CUST_05493,Premium,Google Search,38,0,2986.41,0
CUST_05494,Standard,Organic,31,1,618.31,0
CUST_05495,Standard,Email Marketing,43,3,2423.37,0
CUST_05496,Standard,Organic,18,UNKNOWN,4033.67,0
CUST_05497,Premium,Organic,17,1,3137.82,0
CUST_05498,Premium,Google Search,10,3,1272.81,1
CUST_05499,Premium,Organic,13,5,2786.92,1
CUST_05500,Standard,Email Marketing,6,5,2250.42,0
CUST_05501,Basic,Email Marketing,34,3,2021.39,0
CUST_05502,Basic,Email Marketing,13,4,4265.72,0
CUST_05503,Standard,Organic,21,2,3006.46,0
CUST_05504,Premium,Email Marketing,13,7,1288.82,1
CUST_05505,Standard,Organic,4,5,4439.97,0
CUST_05506,Standard,Organic,48,1,1465.96,0
CUST_05507,Basic,Google Search,19,2,2138.11,0
CUST_05508,Basic,Organic,30,7,201.4,1
CUST_05509,Basic,Google Search,47,5,237.18,0
CUST_05510,Premium,Google Search,43,5,2362.76,1
CUST_05511,Premium,Google Search,46,6,4260.85,0
CUST_05512,Standard,Email Marketing,36,7,3481.16,0
CUST_05513,Basic,Google Search,28,5,308.5,1
CUST_05514,Premium,Google Search,21,1,2931.87,0
CUST_05515,Premium,Facebook Ads,47,UNKNOWN,2609.21,0
CUST_05516,Basic,Email Marketing,36,3,3805.22,0
CUST_05517,Premium,Facebook Ads,13,5,3561.46,0
CUST_05518,Standard,Facebook Ads,36,1,3090.77,0
CUST_05519,Basic,Organic,16,6,288.79,1
CUST_05520,Basic,Google Search,20,1,572.69,0
CUST_05521,Standard,Organic,12,6,2745.24,0
CUST_05522,Standard,Email Marketing,1,5,408.33,0
CUST_05523,Premium,Google Search,22,7,445.01,0
CUST_05524,Premium,Organic,42,4,4162.45,0
CUST_05525,Premium,Email Marketing,19,4,2830.08,0
CUST_05526,Standard,Organic,15,2,3649.42,0
CUST_05527,Standard,Organic,5,2,2157.11,0
CUST_05528,Premium,Email Marketing,8,5,3717.39,0
CUST_05529,Standard,Google Search,2,5,3827.65,0
CUST_05530,Basic,Facebook Ads,4,6,329.97,0
CUST_05531,Premium,Email Marketing,2,1,612.78,0
CUST_05532,Standard,Organic,38,7,521.91,0
CUST_05533,Standard,Facebook Ads,33,5,1367.86,0
CUST_05534,Basic,Email Marketing,34,4,4307.4,0
CUST_05535,Premium,Organic,44,7,3928.5,0
CUST_05536,Basic,Email Marketing,12,0,4066.9,0
CUST_05537,Basic,Facebook Ads,4,UNKNOWN,92.13,1
CUST_05538,Basic,Google Search,21,4,4285.18,0
CUST_05539,Premium,Organic,35,2,2485.86,1
CUST_05540,Premium,Facebook Ads,2,7,467.43,0
CUST_05541,Premium,Google Search,19,2,1245.84,0
CUST_05542,Basic,Facebook Ads,18,5,324.12,0
CUST_05543,Premium,Email Marketing,12,2,1190.5,0
CUST_05544,Standard,Email Marketing,16,4,2654.28,0
CUST_05545,Premium,Organic,24,3,4473.73,0
CUST_05546,Premium,Google Search,40,1,3892.09,1
CUST_05547,Premium,Email Marketing,26,7,2967.4,0
CUST_05548,Basic,Organic,37,7,193.28,1
CUST_05549,Standard,Email Marketing,40,5,1879.82,0
CUST_05550,Premium,Google Search,38,4,3207.59,0
CUST_05551,Premium,Google Search,36,4,3959.95,0
CUST_05552,Standard,Google Search,36,4,2357.65,0
CUST_05553,Basic,Facebook Ads,17,4,1014.07,0
CUST_05554,Premium,Organic,3,1,1064.18,0
CUST_05555,Premium,Email Marketing,8,7,4413.03,0
CUST_05556,Standard,Organic,21,5,1929.63,0
CUST_05557,Standard,Facebook Ads,22,5,1493.67,0
CUST_05558,Basic,Facebook Ads,26,1,4017.55,1
CUST_05559,Standard,Facebook Ads,15,0,614.58,0
CUST_05560,Basic,Email Marketing,18,2,3175.05,0
CUST_05561,Premium,Google Search,32,2,1073.14,0
CUST_05562,Basic,Organic,20,0,1132.11,0
CUST_05563,Basic,Email Marketing,24,7,384.73,1
CUST_05564,Premium,Organic,7,2,981.59,0
CUST_05565,Premium,Email Marketing,46,6,2199.68,0
CUST_05566,Premium,Organic,12,4,3668.81,0
CUST_05567,Standard,Email Marketing,4,6,2617.9,0
CUST_05568,Basic,Google Search,33,2,3888.54,0
CUST_05569,Standard,Facebook Ads,26,0,478.19,0
CUST_05570,Basic,Facebook Ads,46,1,1675.08,0
CUST_05571,Standard,Google Search,47,0,3509.6,0
CUST_05572,Premium,Facebook Ads,27,5,343.84,0
CUST_05573,Basic,Organic,19,6,191.74,1
CUST_05574,Premium,Organic,17,1,3571.3,0
CUST_05575,Premium,Organic,15,1,2722.63,0
CUST_05576,Standard,Organic,13,0,157.41,0
CUST_05577,Basic,Google Search,25,3,3665.57,0
CUST_05578,Basic,Google Search,33,UNKNOWN,244.39,1
CUST_05579,Standard,Email Marketing,5,7,1225.7,0
CUST_05580,Premium,Facebook Ads,4,3,1373.22,0
CUST_05581,Standard,Facebook Ads,18,2,2156.55,0
CUST_05582,Basic,Facebook Ads,19,1,3410.07,0
CUST_05583,Premium,Organic,10,2,4237.25,0
CUST_05584,Standard,Organic,30,6,976.08,0
CUST_05585,Basic,Organic,35,5,78.29,1
CUST_05586,Standard,Email Marketing,19,5,2399.18,0
CUST_05587,Basic,Facebook Ads,40,7,176.7,1
CUST_05588,Premium,Google Search,28,1,1652.53,0
CUST_05589,Standard,Organic,14,7,999.99,0
CUST_05590,Premium,Email Marketing,26,6,1331.85,0
CUST_05591,Basic,Facebook Ads,17,0,NaN,0
CUST_05592,Basic,Google Search,43,7,78.91,1
CUST_05593,Premium,Facebook Ads,29,4,1332.92,0
CUST_05594,Premium,Facebook Ads,19,4,3826.08,0
CUST_05595,Standard,Facebook Ads,48,7,294.82,0
CUST_05596,Premium,Google Search,2,7,686.61,0
CUST_05597,Premium,Facebook Ads,17,7,3538.51,1
CUST_05598,Standard,Email Marketing,21,0,NaN,0
CUST_05599,Basic,Email Marketing,19,1,1982.68,0
CUST_05600,Basic,Google Search,45,7,315.11,1
CUST_05601,Standard,Google Search,12,3,2153.0,0
CUST_05602,Basic,Facebook Ads,6,7,388.33,1
CUST_05603,Standard,Google Search,39,2,2073.5,0
CUST_05604,Basic,Organic,24,0,3424.5,0
CUST_05605,Premium,Email Marketing,2,0,1976.52,0
CUST_05606,Basic,Organic,13,4,617.39,0
CUST_05607,Standard,Email Marketing,3,4,3550.03,0
CUST_05608,Standard,Email Marketing,47,5,1273.08,0
CUST_05609,Premium,Email Marketing,9,2,657.99,0
CUST_05610,Basic,Email Marketing,11,5,218.05,0
CUST_05611,Basic,Google Search,6,6,305.47,1
CUST_05612,Basic,Email Marketing,11,3,1150.51,0
CUST_05613,Basic,Email Marketing,31,4,NaN,0
CUST_05614,Basic,Email Marketing,22,7,252.79,1
CUST_05615,Standard,Email Marketing,46,5,374.19,0
CUST_05616,Premium,Email Marketing,37,4,4011.36,0
CUST_05617,Basic,Facebook Ads,19,0,2427.04,0
CUST_05618,Premium,Email Marketing,46,6,4350.8,0
CUST_05619,Premium,Organic,16,7,1895.56,0
CUST_05620,Standard,Google Search,9,3,2767.62,0
CUST_05621,Standard,Organic,36,2,1885.41,1
CUST_05622,Standard,Facebook Ads,2,2,4105.62,0
CUST_05623,Basic,Google Search,37,7,394.28,1
CUST_05624,Basic,Facebook Ads,3,7,156.63,1
CUST_05625,Premium,Email Marketing,35,0,2754.54,0
CUST_05626,Premium,Facebook Ads,28,3,4425.13,0
CUST_05627,Standard,Organic,17,4,454.81,0
CUST_05628,Premium,Email Marketing,29,0,2850.66,0
CUST_05629,Standard,Facebook Ads,47,7,816.43,0
CUST_05630,Basic,Email Marketing,4,0,786.82,1
CUST_05631,Basic,Facebook Ads,47,0,985.85,1
CUST_05632,Premium,Facebook Ads,15,4,3391.46,0
CUST_05633,Premium,Email Marketing,15,6,666.38,0
CUST_05634,Basic,Organic,2,5,258.48,1
CUST_05635,Basic,Google Search,30,0,642.89,0
CUST_05636,Standard,Google Search,30,6,332.67,0
CUST_05637,Premium,Google Search,17,3,667.28,1
CUST_05638,Basic,Organic,20,2,1031.1,1
CUST_05639,Standard,Facebook Ads,2,0,331.06,0
CUST_05640,Standard,Facebook Ads,28,3,748.04,0
CUST_05641,Standard,Facebook Ads,39,2,2178.57,0
CUST_05642,Basic,Google Search,21,0,3970.23,0
CUST_05643,Premium,Facebook Ads,40,2,3678.65,0
CUST_05644,Basic,Email Marketing,19,3,3404.02,0
CUST_05645,Basic,Email Marketing,46,2,1162.09,0
CUST_05646,Standard,Facebook Ads,41,2,1202.78,0
CUST_05647,Standard,Email Marketing,30,0,441.13,0
CUST_05648,Basic,Google Search,9,6,342.7,0
CUST_05649,Standard,Organic,48,2,1595.99,0
CUST_05650,Basic,Google Search,9,3,2882.54,0
CUST_05651,Standard,Google Search,31,6,2660.04,0
CUST_05652,Basic,Organic,42,6,185.94,1
CUST_05653,Basic,Organic,3,0,931.4,0
CUST_05654,Premium,Organic,46,1,2428.67,0
CUST_05655,Premium,Email Marketing,42,0,634.43,1
CUST_05656,Premium,Facebook Ads,35,4,1932.8,0
CUST_05657,Premium,Email Marketing,41,4,2966.09,0
CUST_05658,Basic,Google Search,33,7,359.47,1
CUST_05659,Premium,Facebook Ads,15,1,1404.79,0
CUST_05660,Standard,Organic,6,2,4305.82,0
CUST_05661,Basic,Email Marketing,20,4,2373.36,0
CUST_05662,Premium,Email Marketing,11,4,2357.25,0
CUST_05663,Basic,Email Marketing,30,1,848.42,0
CUST_05664,Premium,Organic,33,1,2288.48,0
CUST_05665,Standard,Google Search,28,4,564.04,1
CUST_05666,Basic,Google Search,28,6,212.79,1
CUST_05667,Premium,Organic,33,6,666.89,0
CUST_05668,Basic,Organic,47,6,228.63,1
CUST_05669,Standard,Facebook Ads,43,1,4302.63,0
CUST_05670,Standard,Facebook Ads,46,1,1131.69,0
CUST_05671,Premium,Google Search,12,0,2971.05,0
CUST_05672,Premium,Google Search,22,5,1340.51,0
CUST_05673,Premium,Organic,16,3,4137.45,0
CUST_05674,Standard,Organic,17,5,3971.05,0
CUST_05675,Standard,Organic,22,5,1981.42,0
CUST_05676,Premium,Google Search,28,7,3506.82,0
CUST_05677,Basic,Email Marketing,1,4,990.5,0
CUST_05678,Standard,Email Marketing,27,6,1978.11,0
CUST_05679,Standard,Organic,19,2,1704.62,0
CUST_05680,Basic,Facebook Ads,9,3,2870.55,0
CUST_05681,Premium,Google Search,7,2,1664.05,0
CUST_05682,Premium,Email Marketing,14,1,2293.32,0
CUST_05683,Standard,Email Marketing,43,2,4241.26,0
CUST_05684,Standard,Email Marketing,36,7,2953.68,0
CUST_05685,Standard,Facebook Ads,2,5,2499.39,0
CUST_05686,Premium,Facebook Ads,41,6,962.25,0
CUST_05687,Standard,Organic,48,6,2265.32,0
CUST_05688,Premium,Google Search,16,0,1359.2,0
CUST_05689,Standard,Google Search,9,3,1142.67,0
CUST_05690,Basic,Organic,41,3,2133.62,0
CUST_05691,Basic,Facebook Ads,45,4,NaN,0
CUST_05692,Standard,Organic,46,1,4464.99,0
CUST_05693,Basic,Organic,36,0,646.35,0
CUST_05694,Standard,Google Search,19,6,3883.02,0
CUST_05695,Basic,Google Search,1,0,1380.62,0
CUST_05696,Basic,Google Search,6,0,3018.71,0
CUST_05697,Basic,Facebook Ads,18,6,319.03,1
CUST_05698,Standard,Email Marketing,14,5,3954.88,0
CUST_05699,Basic,Facebook Ads,7,4,2539.17,0
CUST_05700,Standard,Facebook Ads,39,1,2145.75,0
CUST_05701,Premium,Google Search,39,4,3349.7,0
CUST_05702,Premium,Email Marketing,11,1,811.72,0
CUST_05703,Basic,Organic,42,0,2256.65,0
CUST_05704,Basic,Organic,17,5,NaN,1
CUST_05705,Basic,Google Search,19,4,2850.51,0
CUST_05706,Basic,Organic,20,2,855.61,0
CUST_05707,Standard,Google Search,1,6,2166.79,0
CUST_05708,Basic,Email Marketing,25,7,222.16,1
CUST_05709,Basic,Organic,3,6,249.19,1
CUST_05710,Standard,Organic,39,6,1430.28,0
CUST_05711,Standard,Google Search,11,0,976.73,0
CUST_05712,Basic,Google Search,37,2,516.16,0
CUST_05713,Standard,Email Marketing,31,2,3936.75,0
CUST_05714,Basic,Organic,46,3,3805.41,0
CUST_05715,Standard,Organic,1,1,2950.11,0
CUST_05716,Basic,Email Marketing,1,3,3739.96,0
CUST_05717,Basic,Organic,34,5,305.57,1
CUST_05718,Basic,Google Search,12,4,2072.89,0
CUST_05719,Basic,Facebook Ads,19,5,57.31,0
CUST_05720,Standard,Organic,28,7,2767.21,0
CUST_05721,Premium,Google Search,5,3,4178.34,0
CUST_05722,Standard,Google Search,38,5,2013.39,0
CUST_05723,Premium,Google Search,46,0,NaN,0
CUST_05724,Premium,Email Marketing,40,7,580.34,0
CUST_05725,Standard,Facebook Ads,41,3,2530.65,0
CUST_05726,Premium,Facebook Ads,43,1,2006.1,0
CUST_05727,Standard,Facebook Ads,39,1,1593.8,0
CUST_05728,Basic,Google Search,48,3,3990.61,0
CUST_05729,Standard,Google Search,26,6,4454.59,1
CUST_05730,Basic,Google Search,18,6,327.4,0
CUST_05731,Basic,Organic,9,2,538.84,0
CUST_05732,Basic,Email Marketing,11,4,1490.19,1
CUST_05733,Basic,Google Search,15,2,266.24,0
CUST_05734,Standard,Organic,19,5,2612.95,0
CUST_05735,Premium,Facebook Ads,14,0,3559.46,0
CUST_05736,Premium,Email Marketing,15,4,574.93,0
CUST_05737,Basic,Facebook Ads,37,5,306.27,1
CUST_05738,Basic,Organic,18,2,652.98,0
CUST_05739,Premium,Facebook Ads,42,5,1939.58,0
CUST_05740,Basic,Email Marketing,11,0,1579.03,0
CUST_05741,Basic,Google Search,43,6,279.84,1
CUST_05742,Basic,Organic,32,7,108.94,1
CUST_05743,Premium,Email Marketing,42,1,3450.09,0
CUST_05744,Basic,Organic,28,6,372.22,1
CUST_05745,Basic,Organic,40,5,216.63,1
CUST_05746,Premium,Organic,42,1,386.55,0
CUST_05747,Basic,Email Marketing,46,1,1699.84,0
CUST_05748,Basic,Google Search,21,2,2322.48,0
CUST_05749,Premium,Facebook Ads,24,2,1366.34,0
CUST_05750,Basic,Organic,40,2,3395.54,1
CUST_05751,Premium,Email Marketing,1,6,2928.55,0
CUST_05752,Basic,Google Search,44,6,163.09,1
CUST_05753,Premium,Organic,46,7,2927.09,0
CUST_05754,Basic,Google Search,4,0,4115.34,0
CUST_05755,Basic,Organic,29,2,682.28,0
CUST_05756,Basic,Facebook Ads,45,1,746.71,1
CUST_05757,Standard,Email Marketing,7,0,645.02,0
CUST_05758,Premium,Facebook Ads,40,2,2799.73,0
CUST_05759,Basic,Google Search,3,5,206.29,1
CUST_05760,Basic,Organic,33,3,3368.08,0
CUST_05761,Standard,Facebook Ads,30,6,4458.31,0
CUST_05762,Basic,Organic,48,6,246.66,1
CUST_05763,Premium,Facebook Ads,12,4,415.13,0
CUST_05764,Premium,Organic,47,4,562.26,0
CUST_05765,Standard,Organic,37,1,314.65,0
CUST_05766,Basic,Email Marketing,38,4,1632.48,0
CUST_05767,Premium,Email Marketing,48,4,3537.5,0
CUST_05768,Standard,Facebook Ads,9,4,2552.04,0
CUST_05769,Standard,Organic,6,0,NaN,0
CUST_05770,Standard,Email Marketing,14,1,3256.43,0
CUST_05771,Premium,Organic,7,5,1619.87,0
CUST_05772,Standard,Organic,44,4,2042.21,0
CUST_05773,Basic,Organic,14,5,170.46,1
CUST_05774,Basic,Email Marketing,1,5,194.85,0
CUST_05775,Basic,Facebook Ads,45,6,389.38,0
CUST_05776,Basic,Email Marketing,47,6,105.42,1
CUST_05777,Premium,Email Marketing,27,4,2947.79,0
CUST_05778,Premium,Organic,27,1,3133.34,0
CUST_05779,Basic,Organic,13,3,3014.49,0
CUST_05780,Premium,Organic,33,4,2278.17,0
CUST_05781,Standard,Organic,46,7,1781.02,1
CUST_05782,Premium,Google Search,8,5,1641.42,1
CUST_05783,Basic,Organic,25,1,1703.06,0
CUST_05784,Premium,Organic,42,2,3537.31,0
CUST_05785,Standard,Google Search,4,3,2976.43,0
CUST_05786,Standard,Facebook Ads,13,7,4359.4,0
CUST_05787,Standard,Email Marketing,8,5,1378.82,0
CUST_05788,Basic,Google Search,36,4,3386.55,0
CUST_05789,Standard,Email Marketing,31,5,2351.35,0
CUST_05790,Basic,Google Search,5,0,542.46,0
CUST_05791,Basic,Facebook Ads,9,5,260.78,1
CUST_05792,Basic,Organic,28,6,140.79,1
CUST_05793,Premium,Facebook Ads,27,1,1323.26,0
CUST_05794,Basic,Google Search,33,2,950.16,0
CUST_05795,Standard,Organic,14,2,3683.01,0
CUST_05796,Standard,Email Marketing,40,1,485.59,0
CUST_05797,Premium,Facebook Ads,8,1,2398.97,0
CUST_05798,Basic,Organic,19,6,104.47,1
CUST_05799,Basic,Organic,14,0,4466.52,0
CUST_05800,Basic,Google Search,44,UNKNOWN,NaN,0
CUST_05801,Premium,Email Marketing,28,5,201.49,0
CUST_05802,Basic,Facebook Ads,17,4,2542.25,0
CUST_05803,Standard,Email Marketing,30,7,2192.49,0
CUST_05804,Premium,Google Search,13,6,1863.99,0
CUST_05805,Standard,Google Search,10,0,486.11,0
CUST_05806,Standard,Facebook Ads,25,3,1120.44,0
CUST_05807,Standard,Google Search,29,1,1242.94,0
CUST_05808,Premium,Organic,31,3,2121.28,0
CUST_05809,Standard,Email Marketing,13,1,2061.36,1
CUST_05810,Premium,Organic,19,4,3670.82,0
CUST_05811,Basic,Facebook Ads,30,2,1940.93,0
CUST_05812,Basic,Google Search,47,6,215.02,1
CUST_05813,Standard,Organic,34,7,1154.58,0
CUST_05814,Premium,Organic,2,1,2780.7,0
CUST_05815,Standard,Email Marketing,22,6,3715.78,0
CUST_05816,Premium,Google Search,7,7,2805.33,0
CUST_05817,Premium,Email Marketing,2,5,1256.86,0
CUST_05818,Premium,Organic,4,5,3713.28,0
CUST_05819,Basic,Organic,4,1,1096.92,0
CUST_05820,Basic,Google Search,28,1,185.37,0
CUST_05821,Basic,Google Search,10,5,75.65,1
CUST_05822,Basic,Facebook Ads,48,5,198.92,1
CUST_05823,Premium,Facebook Ads,7,3,1695.95,0
CUST_05824,Premium,Google Search,1,2,1287.0,0
CUST_05825,Standard,Google Search,10,2,1175.54,0
CUST_05826,Basic,Email Marketing,29,5,173.76,1
CUST_05827,Basic,Facebook Ads,5,3,906.69,0
CUST_05828,Premium,Google Search,17,4,4089.1,1
CUST_05829,Basic,Email Marketing,44,0,3969.66,0
CUST_05830,Standard,Email Marketing,7,2,1755.88,0
CUST_05831,Standard,Organic,19,4,3747.53,0
CUST_05832,Basic,Google Search,1,2,2964.69,0
CUST_05833,Standard,Google Search,3,6,516.03,0
CUST_05834,Basic,Google Search,10,3,2764.42,0
CUST_05835,Premium,Google Search,9,3,3052.05,0
CUST_05836,Premium,Organic,19,0,1537.65,0
CUST_05837,Premium,Google Search,38,1,1557.93,0
CUST_05838,Standard,Email Marketing,35,3,3855.33,0
CUST_05839,Standard,Facebook Ads,6,2,3255.74,0
CUST_05840,Premium,Facebook Ads,3,UNKNOWN,1235.12,0
CUST_05841,Basic,Organic,42,4,3011.14,0
CUST_05842,Basic,Google Search,14,3,2857.07,1
CUST_05843,Basic,Organic,26,0,4386.81,0
CUST_05844,Standard,Email Marketing,20,1,3165.56,0
CUST_05845,Premium,Organic,33,6,249.53,0
CUST_05846,Premium,Email Marketing,43,7,420.19,0
CUST_05847,Premium,Google Search,8,3,3350.21,0
CUST_05848,Standard,Email Marketing,38,3,1933.23,0
CUST_05849,Premium,Organic,43,7,1846.3,0
CUST_05850,Standard,Facebook Ads,11,UNKNOWN,3490.48,0
CUST_05851,Standard,Google Search,25,4,3590.37,1
CUST_05852,Basic,Facebook Ads,1,0,1217.75,0
CUST_05853,Premium,Email Marketing,35,3,573.21,0
CUST_05854,Basic,Facebook Ads,41,3,3808.9,1
CUST_05855,Premium,Email Marketing,6,6,197.27,0
CUST_05856,Standard,Email Marketing,14,7,272.66,0
CUST_05857,Premium,Email Marketing,15,1,3856.17,0
CUST_05858,Premium,Facebook Ads,1,6,1084.18,0
CUST_05859,Basic,Organic,2,6,265.88,1
CUST_05860,Premium,Google Search,21,5,2830.81,0
CUST_05861,Standard,Google Search,18,7,1856.64,0
CUST_05862,Basic,Organic,3,UNKNOWN,400.2,0
CUST_05863,Standard,Facebook Ads,39,7,678.92,0
CUST_05864,Premium,Google Search,35,1,2761.26,0
CUST_05865,Standard,Email Marketing,28,2,4100.74,0
CUST_05866,Standard,Email Marketing,10,5,1963.13,0
CUST_05867,Basic,Organic,42,0,3840.46,0
CUST_05868,Standard,Email Marketing,15,4,874.67,0
CUST_05869,Standard,Google Search,36,3,1490.05,0
CUST_05870,Standard,Facebook Ads,14,7,3368.28,1
CUST_05871,Premium,Google Search,30,3,2149.97,0
CUST_05872,Standard,Google Search,11,2,1737.89,0
CUST_05873,Standard,Facebook Ads,20,1,3854.88,0
CUST_05874,Premium,Organic,41,5,3922.09,0
CUST_05875,Standard,Facebook Ads,36,2,2276.07,0
CUST_05876,Basic,Facebook Ads,33,2,1647.52,0
CUST_05877,Standard,Facebook Ads,6,6,2983.54,0
CUST_05878,Standard,Organic,12,5,3212.78,0
CUST_05879,Premium,Organic,8,5,1431.13,0
CUST_05880,Premium,Organic,18,4,1603.7,0
CUST_05881,Premium,Google Search,6,4,1319.9,1
CUST_05882,Basic,Facebook Ads,15,3,3817.73,0
CUST_05883,Standard,Google Search,45,1,1541.19,0
CUST_05884,Premium,Organic,42,2,233.06,0
CUST_05885,Standard,Google Search,9,6,957.02,0
CUST_05886,Premium,Google Search,33,3,1690.88,0
CUST_05887,Basic,Email Marketing,47,6,339.42,1
CUST_05888,Basic,Organic,48,7,162.55,1
CUST_05889,Basic,Facebook Ads,48,5,305.63,0
CUST_05890,Basic,Email Marketing,28,2,894.6,1
CUST_05891,Basic,Google Search,19,6,156.25,1
CUST_05892,Premium,Email Marketing,40,1,323.21,0
CUST_05893,Premium,Facebook Ads,2,2,3346.81,0
CUST_05894,Premium,Organic,45,2,4368.01,0
CUST_05895,Premium,Facebook Ads,6,4,2703.3,0
CUST_05896,Standard,Facebook Ads,35,3,1641.9,0
CUST_05897,Standard,Google Search,24,2,3812.81,0
CUST_05898,Premium,Organic,12,2,1677.14,0
CUST_05899,Basic,Facebook Ads,13,4,4019.45,0
CUST_05900,Basic,Google Search,26,3,2720.42,1
CUST_05901,Basic,Email Marketing,40,1,3557.53,0
CUST_05902,Premium,Email Marketing,27,4,3990.05,0
CUST_05903,Standard,Facebook Ads,3,3,2201.08,1
CUST_05904,Standard,Facebook Ads,45,3,1779.49,0
CUST_05905,Basic,Email Marketing,6,2,2839.71,0
CUST_05906,Premium,Organic,1,5,3921.03,0
CUST_05907,Standard,Email Marketing,19,5,609.84,0
CUST_05908,Basic,Email Marketing,3,4,213.91,0
CUST_05909,Basic,Email Marketing,41,3,4400.38,0
CUST_05910,Premium,Email Marketing,32,3,751.02,0
CUST_05911,Premium,Facebook Ads,37,1,1618.73,0
CUST_05912,Premium,Facebook Ads,32,1,1928.46,0
CUST_05913,Premium,Organic,11,7,151.42,0
CUST_05914,Basic,Organic,47,1,1493.86,0
CUST_05915,Standard,Google Search,8,5,3661.3,0
CUST_05916,Premium,Email Marketing,36,2,1891.75,0
CUST_05917,Premium,Facebook Ads,21,0,NaN,0
CUST_05918,Basic,Email Marketing,40,0,877.64,0
CUST_05919,Premium,Facebook Ads,19,5,1383.51,0
CUST_05920,Premium,Email Marketing,34,7,3663.49,0
CUST_05921,Standard,Organic,10,1,459.7,0
CUST_05922,Standard,Organic,3,0,2479.53,0
CUST_05923,Basic,Email Marketing,29,2,2346.72,0
CUST_05924,Premium,Email Marketing,23,6,341.73,0
CUST_05925,Standard,Organic,21,0,3182.66,0
CUST_05926,Basic,Organic,47,3,2372.52,0
CUST_05927,Basic,Organic,1,6,239.27,1
CUST_05928,Standard,Google Search,27,7,NaN,0
CUST_05929,Standard,Organic,43,2,2107.3,0
CUST_05930,Standard,Email Marketing,22,0,832.4,0
CUST_05931,Basic,Facebook Ads,3,0,2104.33,0
CUST_05932,Standard,Facebook Ads,2,2,4308.35,0
CUST_05933,Standard,Facebook Ads,32,3,658.79,0
CUST_05934,Premium,Email Marketing,32,7,2154.62,0
CUST_05935,Standard,Google Search,5,5,2598.64,0
CUST_05936,Basic,Google Search,47,7,81.71,0
CUST_05937,Premium,Organic,15,4,2683.33,0
CUST_05938,Basic,Google Search,33,3,3109.95,0
CUST_05939,Premium,Google Search,13,1,2196.58,0
CUST_05940,Basic,Email Marketing,38,1,3272.83,0
CUST_05941,Standard,Organic,1,0,4261.76,1
CUST_05942,Premium,Facebook Ads,14,2,2246.19,0
CUST_05943,Standard,Email Marketing,42,7,2028.63,0
CUST_05944,Premium,Email Marketing,6,6,2632.54,0
CUST_05945,Premium,Organic,4,5,1253.26,0
CUST_05946,Basic,Organic,20,3,1740.74,1
CUST_05947,Basic,Organic,46,0,665.87,0
CUST_05948,Premium,Organic,27,1,4110.69,0
CUST_05949,Basic,Email Marketing,39,3,2336.63,0
CUST_05950,Premium,Organic,3,1,263.63,0
CUST_05951,Standard,Organic,6,5,3216.72,0
CUST_05952,Standard,Google Search,42,2,2877.14,0
CUST_05953,Standard,Facebook Ads,23,2,2141.68,0
CUST_05954,Premium,Google Search,18,0,2662.77,0
CUST_05955,Premium,Google Search,45,2,2432.59,0
CUST_05956,Standard,Google Search,15,1,2858.73,0
CUST_05957,Premium,Organic,6,7,1522.21,0
CUST_05958,Basic,Email Marketing,35,5,222.22,1
CUST_05959,Standard,Organic,42,2,2071.02,0
CUST_05960,Premium,Email Marketing,11,1,3222.17,0
CUST_05961,Basic,Email Marketing,2,2,2026.3,0
CUST_05962,Premium,Google Search,46,4,1207.81,0
CUST_05963,Basic,Email Marketing,21,2,3746.96,0
CUST_05964,Premium,Facebook Ads,6,2,2956.37,0
CUST_05965,Standard,Facebook Ads,24,1,919.16,0
CUST_05966,Premium,Facebook Ads,31,6,2956.27,0
CUST_05967,Premium,Google Search,19,7,1006.05,0
CUST_05968,Basic,Google Search,38,1,3061.67,0
CUST_05969,Premium,Organic,13,5,606.36,0
CUST_05970,Standard,Email Marketing,25,0,829.56,1
CUST_05971,Standard,Organic,14,7,3203.14,0
CUST_05972,Basic,Email Marketing,44,6,243.34,0
CUST_05973,Premium,Organic,21,7,3822.78,0
CUST_05974,Premium,Organic,19,1,2087.03,0
CUST_05975,Premium,Email Marketing,24,0,2721.27,1
CUST_05976,Standard,Email Marketing,14,3,4108.34,0
CUST_05977,Standard,Google Search,22,1,1402.28,1
CUST_05978,Basic,Google Search,19,UNKNOWN,55.88,1
CUST_05979,Premium,Organic,23,3,2011.0,0
CUST_05980,Premium,Google Search,12,5,4035.51,0
CUST_05981,Basic,Email Marketing,11,7,271.09,1
CUST_05982,Premium,Organic,2,4,1975.77,0
CUST_05983,Basic,Organic,8,1,1301.08,0
CUST_05984,Basic,Facebook Ads,22,6,391.81,1
CUST_05985,Basic,Facebook Ads,32,6,234.28,0
CUST_05986,Standard,Email Marketing,12,0,1167.3,0
CUST_05987,Premium,Email Marketing,26,0,NaN,0
CUST_05988,Premium,Organic,47,4,2439.81,0
CUST_05989,Basic,Google Search,22,6,272.79,1
CUST_05990,Basic,Email Marketing,1,7,279.43,1
CUST_05991,Premium,Email Marketing,29,2,3180.0,0
CUST_05992,Premium,Organic,37,7,646.75,0
CUST_05993,Premium,Facebook Ads,7,7,2315.25,0
CUST_05994,Basic,Google Search,4,5,267.45,1
CUST_05995,Premium,Organic,37,6,3871.26,0
CUST_05996,Basic,Facebook Ads,28,3,3455.82,0
CUST_05997,Basic,Facebook Ads,26,7,182.14,1
CUST_05998,Premium,Organic,24,0,3277.89,0
CUST_05999,Standard,Google Search,38,7,2441.9,0
CUST_06000,Basic,Email Marketing,44,7,241.86,0
CUST_06001,Basic,Google Search,4,1,1150.92,1
CUST_06002,Standard,Facebook Ads,37,3,1746.57,0
CUST_06003,Basic,Facebook Ads,14,2,306.78,0
CUST_06004,Standard,Facebook Ads,36,7,2973.94,0
CUST_06005,Standard,Email Marketing,21,7,1308.86,0
CUST_06006,Basic,Organic,14,0,4263.23,0
CUST_06007,Premium,Email Marketing,13,2,2755.29,1
CUST_06008,Premium,Email Marketing,26,6,1106.71,0
CUST_06009,Premium,Google Search,45,2,3374.5,0
CUST_06010,Basic,Facebook Ads,30,3,4167.23,0
CUST_06011,Premium,Organic,44,1,4033.58,0
CUST_06012,Basic,Facebook Ads,24,5,193.79,1
CUST_06013,Standard,Organic,4,7,3842.33,0
CUST_06014,Basic,Facebook Ads,35,4,2884.96,0
CUST_06015,Standard,Google Search,35,6,3672.89,0
CUST_06016,Basic,Facebook Ads,47,4,2732.03,0
CUST_06017,Standard,Email Marketing,38,0,2439.71,0
CUST_06018,Basic,Google Search,34,7,382.35,1
CUST_06019,Basic,Google Search,36,5,296.22,1
CUST_06020,Premium,Organic,29,5,2645.65,1
CUST_06021,Basic,Google Search,21,4,642.17,0
CUST_06022,Basic,Email Marketing,14,0,3268.52,0
CUST_06023,Standard,Organic,30,7,3540.34,0
CUST_06024,Premium,Facebook Ads,32,1,1076.96,0
CUST_06025,Standard,Google Search,47,2,1269.13,0
CUST_06026,Premium,Facebook Ads,13,0,1111.48,0
CUST_06027,Basic,Facebook Ads,12,4,3324.1,0
CUST_06028,Standard,Google Search,26,6,1302.58,0
CUST_06029,Standard,Organic,2,1,3335.86,0
CUST_06030,Basic,Google Search,12,6,391.97,1
CUST_06031,Standard,Email Marketing,47,0,2121.53,0
CUST_06032,Premium,Email Marketing,6,2,629.27,0
CUST_06033,Basic,Organic,20,4,3425.22,0
CUST_06034,Premium,Organic,4,7,182.12,0
CUST_06035,Premium,Email Marketing,45,1,3255.94,0
CUST_06036,Basic,Google Search,40,3,275.5,0
CUST_06037,Basic,Google Search,47,3,613.75,0
CUST_06038,Standard,Google Search,39,4,3248.2,0
CUST_06039,Standard,Email Marketing,44,0,NaN,1
CUST_06040,Premium,Email Marketing,16,4,2485.01,0
CUST_06041,Standard,Facebook Ads,41,1,2660.02,0
CUST_06042,Standard,Organic,12,1,779.03,0
CUST_06043,Premium,Facebook Ads,13,0,895.12,0
CUST_06044,Premium,Google Search,1,2,2290.93,0
CUST_06045,Basic,Organic,28,0,1244.55,0
CUST_06046,Premium,Facebook Ads,29,1,1303.78,0
CUST_06047,Basic,Facebook Ads,47,6,83.26,1
CUST_06048,Premium,Email Marketing,35,6,2098.62,0
CUST_06049,Standard,Facebook Ads,5,0,3189.44,0
CUST_06050,Basic,Organic,46,6,232.9,1
CUST_06051,Standard,Organic,13,0,3327.21,0
CUST_06052,Standard,Facebook Ads,8,0,946.9,0
CUST_06053,Premium,Facebook Ads,11,3,3479.11,0
CUST_06054,Basic,Facebook Ads,23,5,358.37,1
CUST_06055,Basic,Organic,34,4,2366.59,0
CUST_06056,Standard,Google Search,28,3,1539.02,0
CUST_06057,Premium,Facebook Ads,47,1,4139.56,0
CUST_06058,Standard,Organic,8,1,2603.63,0
CUST_06059,Premium,Organic,2,6,1828.81,0
CUST_06060,Standard,Facebook Ads,10,2,1884.0,0
CUST_06061,Basic,Google Search,7,2,2398.26,0
CUST_06062,Basic,Google Search,43,7,78.18,1
CUST_06063,Premium,Organic,33,6,2710.79,0
CUST_06064,Premium,Email Marketing,45,2,792.86,0
CUST_06065,Standard,Email Marketing,7,3,3917.54,0
CUST_06066,Premium,Google Search,18,6,2532.83,0
CUST_06067,Premium,Facebook Ads,13,0,3733.94,0
CUST_06068,Standard,Email Marketing,30,3,4210.85,0
CUST_06069,Standard,Organic,22,0,3632.08,0
CUST_06070,Standard,Facebook Ads,39,6,3591.83,0
CUST_06071,Premium,Organic,34,5,161.57,0
CUST_06072,Premium,Facebook Ads,1,6,3863.61,0
CUST_06073,Premium,Organic,40,1,1303.61,0
CUST_06074,Premium,Email Marketing,16,7,4378.02,0
CUST_06075,Premium,Facebook Ads,35,4,1169.36,0
CUST_06076,Basic,Facebook Ads,12,1,1448.25,0
CUST_06077,Premium,Organic,14,1,627.45,0
CUST_06078,Basic,Organic,40,3,172.62,0
CUST_06079,Premium,Organic,23,7,2959.24,0
CUST_06080,Premium,Google Search,22,6,1809.54,0
CUST_06081,Basic,Facebook Ads,44,3,794.64,0
CUST_06082,Premium,Email Marketing,22,4,702.02,0
CUST_06083,Premium,Google Search,6,1,354.52,0
CUST_06084,Standard,Google Search,25,7,2940.04,1
CUST_06085,Standard,Google Search,4,5,4253.73,0
CUST_06086,Premium,Facebook Ads,48,1,3196.79,0
CUST_06087,Premium,Google Search,17,7,573.1,0
CUST_06088,Premium,Google Search,6,2,158.53,0
CUST_06089,Basic,Organic,3,1,1176.88,0
CUST_06090,Basic,Google Search,19,2,995.3,0
CUST_06091,Basic,Email Marketing,3,3,893.94,0
CUST_06092,Standard,Email Marketing,19,7,3834.88,0
CUST_06093,Basic,Facebook Ads,29,6,350.15,1
CUST_06094,Standard,Facebook Ads,36,0,387.53,0
CUST_06095,Basic,Google Search,5,4,313.16,0
CUST_06096,Premium,Email Marketing,17,7,4033.59,0
CUST_06097,Standard,Facebook Ads,42,1,204.47,0
CUST_06098,Basic,Google Search,40,1,3086.16,0
CUST_06099,Standard,Email Marketing,8,6,779.37,1
CUST_06100,Standard,Email Marketing,21,5,993.19,0
CUST_06101,Standard,Organic,18,UNKNOWN,1154.66,0
CUST_06102,Premium,Email Marketing,14,3,2952.22,0
CUST_06103,Standard,Email Marketing,26,5,3975.52,0
CUST_06104,Basic,Google Search,36,2,3763.32,0
CUST_06105,Premium,Email Marketing,42,5,2472.65,0
CUST_06106,Standard,Facebook Ads,45,7,216.36,0
CUST_06107,Standard,Organic,26,0,2857.55,0
CUST_06108,Standard,Google Search,26,5,2520.82,0
CUST_06109,Standard,Facebook Ads,42,7,4166.19,0
CUST_06110,Premium,Organic,16,5,713.12,0
CUST_06111,Premium,Organic,32,5,2431.24,1
CUST_06112,Basic,Organic,28,6,84.9,1
CUST_06113,Basic,Facebook Ads,18,7,235.78,1
CUST_06114,Basic,Facebook Ads,28,0,3399.47,0
CUST_06115,Standard,Google Search,30,6,3537.42,0
CUST_06116,Premium,Google Search,28,0,2431.84,0
CUST_06117,Standard,Email Marketing,34,1,2212.86,0
CUST_06118,Premium,Email Marketing,32,3,1314.27,0
CUST_06119,Basic,Facebook Ads,34,2,1681.92,0
CUST_06120,Standard,Email Marketing,36,3,1568.34,0
CUST_06121,Standard,Google Search,40,1,3195.57,0
CUST_06122,Standard,Google Search,18,5,2345.11,0
CUST_06123,Standard,Email Marketing,17,7,2070.55,0
CUST_06124,Basic,Organic,27,0,190.88,0
CUST_06125,Standard,Google Search,6,5,4092.05,0
CUST_06126,Basic,Organic,30,1,1121.42,0
CUST_06127,Premium,Facebook Ads,17,3,2933.22,0
CUST_06128,Premium,Google Search,42,4,3647.74,0
CUST_06129,Standard,Email Marketing,40,1,3301.6,0
CUST_06130,Basic,Google Search,4,4,3537.7,0
CUST_06131,Basic,Organic,33,6,390.12,1
CUST_06132,Premium,Email Marketing,13,1,945.31,0
CUST_06133,Basic,Email Marketing,29,1,2488.87,0
CUST_06134,Premium,Email Marketing,11,7,1998.23,0
CUST_06135,Premium,Email Marketing,46,4,372.86,0
CUST_06136,Standard,Facebook Ads,10,1,870.78,0
CUST_06137,Standard,Facebook Ads,13,2,376.36,1
CUST_06138,Standard,Facebook Ads,9,5,2049.13,0
CUST_06139,Standard,Email Marketing,36,6,896.88,0
CUST_06140,Premium,Google Search,18,3,2820.8,0
CUST_06141,Standard,Organic,28,0,663.2,0
CUST_06142,Standard,Google Search,6,6,4313.04,1
CUST_06143,Premium,Email Marketing,8,4,3497.01,0
CUST_06144,Premium,Facebook Ads,48,4,1884.63,0
CUST_06145,Basic,Google Search,12,5,306.16,1
CUST_06146,Standard,Email Marketing,13,3,3941.59,0
CUST_06147,Basic,Organic,11,5,359.62,0
CUST_06148,Standard,Organic,21,4,3637.41,0
CUST_06149,Standard,Email Marketing,47,0,777.04,0
CUST_06150,Basic,Facebook Ads,25,7,125.58,1
CUST_06151,Premium,Organic,40,7,3689.42,0
CUST_06152,Basic,Facebook Ads,45,0,1351.43,0
CUST_06153,Standard,Email Marketing,46,2,4337.62,1
CUST_06154,Standard,Google Search,28,5,2896.76,0
CUST_06155,Standard,Email Marketing,29,3,2308.09,0
CUST_06156,Basic,Facebook Ads,17,0,441.57,1
CUST_06157,Premium,Organic,38,4,1451.44,0
CUST_06158,Basic,Organic,30,2,3245.65,0
CUST_06159,Standard,Email Marketing,5,4,433.08,1
CUST_06160,Basic,Facebook Ads,35,3,1507.28,0
CUST_06161,Premium,Organic,43,0,4032.96,0
CUST_06162,Basic,Email Marketing,38,5,300.2,0
CUST_06163,Premium,Organic,35,5,1118.01,0
CUST_06164,Premium,Facebook Ads,41,7,4343.26,0
CUST_06165,Premium,Facebook Ads,9,3,1620.32,0
CUST_06166,Premium,Facebook Ads,6,2,734.06,0
CUST_06167,Basic,Organic,40,7,105.87,0
CUST_06168,Premium,Organic,19,2,369.43,0
CUST_06169,Basic,Facebook Ads,32,0,2829.31,0
CUST_06170,Premium,Email Marketing,19,6,2387.1,0
CUST_06171,Premium,Facebook Ads,35,2,2389.32,0
CUST_06172,Standard,Facebook Ads,42,0,911.38,0
CUST_06173,Basic,Google Search,43,5,253.09,1
CUST_06174,Standard,Organic,47,1,1045.63,0
CUST_06175,Basic,Organic,19,5,215.64,0
CUST_06176,Basic,Organic,22,5,230.99,1
CUST_06177,Premium,Organic,4,4,2126.23,1
CUST_06178,Standard,Email Marketing,2,1,533.33,0
CUST_06179,Standard,Google Search,7,0,1904.49,0
CUST_06180,Premium,Google Search,3,7,2735.77,0
CUST_06181,Basic,Organic,37,2,1750.97,0
CUST_06182,Basic,Facebook Ads,28,7,106.74,1
CUST_06183,Standard,Facebook Ads,21,5,4444.9,0
CUST_06184,Standard,Email Marketing,14,3,381.1,0
CUST_06185,Standard,Email Marketing,4,5,3889.64,0
CUST_06186,Premium,Email Marketing,28,7,3993.59,0
CUST_06187,Basic,Email Marketing,25,3,1686.63,0
CUST_06188,Premium,Organic,47,7,1974.51,0
CUST_06189,Basic,Organic,19,3,2733.88,0
CUST_06190,Basic,Email Marketing,20,6,377.84,1
CUST_06191,Basic,Email Marketing,39,1,2275.14,0
CUST_06192,Basic,Email Marketing,45,2,2369.08,0
CUST_06193,Standard,Facebook Ads,9,1,3792.98,0
CUST_06194,Premium,Email Marketing,2,5,NaN,0
CUST_06195,Basic,Facebook Ads,34,7,75.0,1
CUST_06196,Basic,Organic,16,3,2288.78,0
CUST_06197,Basic,Google Search,27,5,252.76,1
CUST_06198,Premium,Facebook Ads,39,4,1872.67,0
CUST_06199,Standard,Google Search,44,7,2199.23,0
CUST_06200,Premium,Email Marketing,33,7,1736.81,0
CUST_06201,Standard,Google Search,19,4,1243.51,0
CUST_06202,Basic,Facebook Ads,36,0,215.82,0
CUST_06203,Premium,Organic,14,5,1206.65,0
CUST_06204,Premium,Facebook Ads,19,0,4056.6,1
CUST_06205,Premium,Organic,11,0,244.95,0
CUST_06206,Standard,Email Marketing,5,1,151.84,0
CUST_06207,Standard,Organic,10,5,2549.17,0
CUST_06208,Premium,Google Search,21,4,2663.17,0
CUST_06209,Basic,Facebook Ads,26,2,2046.4,0
CUST_06210,Basic,Organic,7,3,371.62,0
CUST_06211,Basic,Organic,1,0,1467.03,0
CUST_06212,Premium,Organic,26,4,3038.98,0
CUST_06213,Standard,Facebook Ads,9,7,NaN,1
CUST_06214,Premium,Facebook Ads,46,0,2439.43,0
CUST_06215,Standard,Google Search,29,3,1728.61,0
CUST_06216,Premium,Organic,6,7,473.82,0
CUST_06217,Premium,Google Search,5,2,3312.52,0
CUST_06218,Premium,Facebook Ads,42,4,1763.5,0
CUST_06219,Premium,Organic,30,7,2952.9,1
CUST_06220,Premium,Organic,12,4,3981.19,1
CUST_06221,Basic,Facebook Ads,28,0,2140.78,0
CUST_06222,Basic,Facebook Ads,33,2,1133.97,0
CUST_06223,Basic,Email Marketing,43,3,2859.37,0
CUST_06224,Premium,Organic,47,7,1521.13,0
CUST_06225,Standard,Google Search,10,6,419.74,0
CUST_06226,Premium,Google Search,20,7,1129.06,0
CUST_06227,Premium,Google Search,48,7,892.14,1
CUST_06228,Basic,Facebook Ads,43,1,2327.28,0
CUST_06229,Premium,Google Search,27,0,4378.96,0
CUST_06230,Premium,Email Marketing,48,3,490.82,0
CUST_06231,Premium,Organic,3,5,3998.84,0
CUST_06232,Standard,Facebook Ads,10,2,435.93,0
CUST_06233,Standard,Email Marketing,40,2,971.07,0
CUST_06234,Basic,Facebook Ads,4,4,235.29,0
CUST_06235,Standard,Facebook Ads,46,UNKNOWN,4165.58,0
CUST_06236,Premium,Email Marketing,38,0,3989.01,0
CUST_06237,Standard,Organic,48,2,896.7,0
CUST_06238,Basic,Facebook Ads,17,7,76.76,1
CUST_06239,Premium,Organic,40,4,2487.86,0
CUST_06240,Premium,Email Marketing,9,5,1679.53,0
CUST_06241,Standard,Google Search,7,0,418.51,0
CUST_06242,Standard,Organic,47,5,4339.31,0
CUST_06243,Basic,Organic,16,4,2674.96,0
CUST_06244,Premium,Email Marketing,6,4,1634.55,0
CUST_06245,Premium,Organic,42,5,223.25,0
CUST_06246,Standard,Google Search,22,3,2020.9,0
CUST_06247,Standard,Email Marketing,38,0,3833.49,0
CUST_06248,Premium,Email Marketing,36,3,1121.32,0
CUST_06249,Standard,Google Search,18,3,3731.32,0
CUST_06250,Premium,Organic,43,1,1365.71,0
CUST_06251,Premium,Google Search,7,1,1721.88,0
CUST_06252,Basic,Email Marketing,1,6,398.47,1
CUST_06253,Standard,Facebook Ads,31,0,3833.74,0
CUST_06254,Standard,Email Marketing,35,6,4443.96,0
CUST_06255,Basic,Google Search,41,0,1844.76,0
CUST_06256,Premium,Google Search,6,5,538.85,0
CUST_06257,Basic,Facebook Ads,39,7,217.29,0
CUST_06258,Basic,Facebook Ads,26,2,1363.29,0
CUST_06259,Standard,Organic,30,1,4106.27,0
CUST_06260,Basic,Google Search,34,4,2940.53,0
CUST_06261,Standard,Google Search,3,2,458.27,0
CUST_06262,Basic,Facebook Ads,15,4,3372.5,0
CUST_06263,Premium,Google Search,37,3,4483.3,0
CUST_06264,Premium,Email Marketing,26,5,2691.52,0
CUST_06265,Basic,Facebook Ads,3,6,306.91,1
CUST_06266,Premium,Google Search,34,0,1844.2,0
CUST_06267,Basic,Organic,48,6,205.59,0
CUST_06268,Standard,Facebook Ads,38,4,4019.53,0
CUST_06269,Basic,Google Search,37,3,1800.49,0
CUST_06270,Premium,Email Marketing,29,4,4401.58,0
CUST_06271,Standard,Facebook Ads,2,7,4354.16,0
CUST_06272,Premium,Google Search,27,1,4416.69,0
CUST_06273,Standard,Email Marketing,32,5,2450.84,0
CUST_06274,Premium,Email Marketing,14,2,2789.1,1
CUST_06275,Basic,Facebook Ads,46,0,3981.16,0
CUST_06276,Basic,Email Marketing,37,0,416.12,0
CUST_06277,Premium,Google Search,31,2,562.29,1
CUST_06278,Premium,Google Search,41,6,4087.16,0
CUST_06279,Standard,Email Marketing,29,6,1904.25,0
CUST_06280,Standard,Google Search,13,0,1420.25,0
CUST_06281,Premium,Google Search,25,3,2104.47,1
CUST_06282,Premium,Google Search,8,0,2835.23,0
CUST_06283,Basic,Organic,45,7,238.35,1
CUST_06284,Premium,Facebook Ads,13,7,1744.69,0
CUST_06285,Premium,Organic,47,6,4137.96,0
CUST_06286,Standard,Email Marketing,10,3,1155.58,0
CUST_06287,Basic,Facebook Ads,48,6,221.7,1
CUST_06288,Premium,Email Marketing,26,3,4269.46,0
CUST_06289,Standard,Email Marketing,17,4,811.39,0
CUST_06290,Basic,Email Marketing,34,4,4292.26,0
CUST_06291,Basic,Google Search,20,4,927.58,0
CUST_06292,Premium,Organic,14,0,3901.37,0
CUST_06293,Basic,Facebook Ads,18,4,1909.89,0
CUST_06294,Basic,Organic,4,6,354.87,1
CUST_06295,Standard,Organic,26,4,2086.77,0
CUST_06296,Basic,Organic,5,0,4059.06,0
CUST_06297,Basic,Email Marketing,22,1,3791.27,0
CUST_06298,Standard,Organic,2,0,1091.49,0
CUST_06299,Basic,Organic,29,1,900.06,1
CUST_06300,Basic,Facebook Ads,12,1,1054.87,0
CUST_06301,Premium,Facebook Ads,31,1,172.71,0
CUST_06302,Standard,Google Search,27,3,2778.18,0
CUST_06303,Basic,Email Marketing,20,4,150.86,0
CUST_06304,Standard,Email Marketing,4,4,2169.4,0
CUST_06305,Standard,Google Search,16,7,1794.29,0
CUST_06306,Standard,Google Search,38,1,3477.22,0
CUST_06307,Basic,Organic,8,3,1657.24,0
CUST_06308,Standard,Organic,16,3,4328.41,0
CUST_06309,Standard,Email Marketing,23,7,2627.15,0
CUST_06310,Standard,Organic,39,1,1855.18,0
CUST_06311,Premium,Facebook Ads,48,1,2999.59,0
CUST_06312,Premium,Google Search,26,5,1443.22,0
CUST_06313,Standard,Facebook Ads,5,3,4002.47,0
CUST_06314,Standard,Facebook Ads,9,3,3745.22,0
CUST_06315,Standard,Google Search,20,1,2194.15,0
CUST_06316,Premium,Email Marketing,42,7,1441.03,0
CUST_06317,Standard,Organic,9,7,172.68,0
CUST_06318,Premium,Organic,5,4,3333.16,0
CUST_06319,Premium,Organic,3,6,3819.21,0
CUST_06320,Premium,Email Marketing,29,3,855.96,0
CUST_06321,Standard,Google Search,22,3,2298.37,0
CUST_06322,Basic,Facebook Ads,41,3,236.36,0
CUST_06323,Premium,Facebook Ads,20,2,1222.17,0
CUST_06324,Premium,Email Marketing,9,0,1490.2,0
CUST_06325,Premium,Google Search,22,5,2528.22,0
CUST_06326,Basic,Organic,17,3,2545.22,0
CUST_06327,Standard,Google Search,3,2,4350.31,0
CUST_06328,Premium,Email Marketing,13,3,4360.6,0
CUST_06329,Standard,Facebook Ads,13,7,1359.04,0
CUST_06330,Standard,Google Search,15,1,1913.8,0
CUST_06331,Standard,Facebook Ads,7,4,3024.49,0
CUST_06332,Standard,Organic,10,6,3649.75,1
CUST_06333,Premium,Organic,41,1,1069.31,0
CUST_06334,Premium,Facebook Ads,45,3,701.61,0
CUST_06335,Standard,Google Search,29,3,3518.55,0
CUST_06336,Basic,Email Marketing,2,1,1853.34,0
CUST_06337,Basic,Email Marketing,47,5,296.58,1
CUST_06338,Premium,Google Search,35,4,3678.07,0
CUST_06339,Premium,Organic,30,3,3096.22,1
CUST_06340,Standard,Facebook Ads,15,7,3885.61,0
CUST_06341,Standard,Organic,4,1,1617.49,0
CUST_06342,Basic,Organic,1,4,167.88,0
CUST_06343,Standard,Google Search,15,2,1221.54,0
CUST_06344,Basic,Facebook Ads,33,5,171.38,1
CUST_06345,Standard,Facebook Ads,15,4,1259.63,1
CUST_06346,Premium,Organic,23,7,4315.9,0
CUST_06347,Basic,Facebook Ads,13,4,3809.51,0
CUST_06348,Standard,Organic,40,2,3273.55,0
CUST_06349,Standard,Email Marketing,6,5,574.52,0
CUST_06350,Basic,Organic,46,4,3322.76,0
CUST_06351,Standard,Facebook Ads,16,2,1296.97,0
CUST_06352,Basic,Facebook Ads,45,3,1362.21,0
CUST_06353,Premium,Google Search,15,3,4125.66,0
CUST_06354,Standard,Email Marketing,5,6,1832.67,0
CUST_06355,Standard,Google Search,15,4,2266.53,1
CUST_06356,Basic,Facebook Ads,30,7,161.2,1
CUST_06357,Premium,Facebook Ads,14,1,558.76,0
CUST_06358,Standard,Google Search,42,4,493.84,0
CUST_06359,Basic,Google Search,20,4,3487.55,0
CUST_06360,Standard,Google Search,18,UNKNOWN,3591.59,0
CUST_06361,Standard,Organic,43,0,1023.81,0
CUST_06362,Basic,Facebook Ads,10,0,4376.37,0
CUST_06363,Standard,Organic,38,2,1282.6,0
CUST_06364,Premium,Organic,13,5,2802.49,0
CUST_06365,Standard,Email Marketing,24,5,3462.31,0
CUST_06366,Basic,Facebook Ads,11,5,193.55,1
CUST_06367,Premium,Email Marketing,1,0,3333.47,0
CUST_06368,Basic,Google Search,3,1,3332.36,0
CUST_06369,Premium,Email Marketing,22,0,674.93,0
CUST_06370,Premium,Facebook Ads,38,3,1456.99,0
CUST_06371,Standard,Email Marketing,16,0,3174.73,1
CUST_06372,Premium,Facebook Ads,39,1,1483.36,0
CUST_06373,Premium,Google Search,31,6,3412.88,0
CUST_06374,Standard,Google Search,37,3,3536.51,0
CUST_06375,Basic,Email Marketing,4,0,3313.83,1
CUST_06376,Standard,Organic,20,1,2851.7,0
CUST_06377,Standard,Facebook Ads,46,4,2755.36,0
CUST_06378,Standard,Organic,34,1,3951.12,0
CUST_06379,Basic,Google Search,45,4,1209.92,0
CUST_06380,Standard,Google Search,39,2,1962.71,0
CUST_06381,Basic,Organic,5,1,1651.2,0
CUST_06382,Basic,Organic,6,0,3605.01,0
CUST_06383,Premium,Google Search,43,4,2627.21,0
CUST_06384,Premium,Facebook Ads,45,5,643.1,0
CUST_06385,Basic,Organic,29,0,3160.17,0
CUST_06386,Standard,Organic,13,5,4038.41,0
CUST_06387,Premium,Google Search,44,4,2158.6,0
CUST_06388,Premium,Google Search,5,7,2142.76,0
CUST_06389,Basic,Organic,38,7,335.71,0
CUST_06390,Premium,Facebook Ads,25,1,4359.09,0
CUST_06391,Basic,Facebook Ads,21,4,1427.76,0
CUST_06392,Standard,Facebook Ads,10,0,2664.34,0
CUST_06393,Basic,Email Marketing,33,5,218.56,1
CUST_06394,Premium,Google Search,25,0,3953.78,0
CUST_06395,Basic,Email Marketing,12,3,3873.03,0
CUST_06396,Standard,Google Search,17,4,3936.56,0
CUST_06397,Basic,Organic,11,0,2220.7,1
CUST_06398,Premium,Google Search,6,7,1407.56,0
CUST_06399,Premium,Email Marketing,19,0,1252.05,0
CUST_06400,Standard,Facebook Ads,4,5,1045.36,0
CUST_06401,Basic,Google Search,14,1,3106.95,0
CUST_06402,Basic,Email Marketing,48,4,3150.79,0
CUST_06403,Standard,Facebook Ads,26,4,3554.18,1
CUST_06404,Basic,Google Search,31,2,NaN,0
CUST_06405,Standard,Email Marketing,45,6,1770.58,0
CUST_06406,Standard,Organic,29,4,1610.46,0
CUST_06407,Premium,Email Marketing,19,4,3337.04,0
CUST_06408,Basic,Email Marketing,43,7,52.4,1
CUST_06409,Standard,Organic,34,5,687.09,0
CUST_06410,Premium,Google Search,21,2,2739.53,0
CUST_06411,Standard,Facebook Ads,35,4,1212.44,0
CUST_06412,Premium,Organic,29,0,1746.75,0
CUST_06413,Standard,Facebook Ads,26,5,1282.79,0
CUST_06414,Standard,Email Marketing,37,2,3864.39,0
CUST_06415,Standard,Facebook Ads,47,4,3233.01,0
CUST_06416,Premium,Email Marketing,1,0,2997.73,0
CUST_06417,Standard,Email Marketing,28,3,2399.91,0
CUST_06418,Premium,Email Marketing,31,7,2647.7,0
CUST_06419,Basic,Email Marketing,41,7,75.56,1
CUST_06420,Premium,Google Search,7,5,4481.8,0
CUST_06421,Premium,Organic,33,2,3837.57,0
CUST_06422,Premium,Email Marketing,5,0,826.39,0
CUST_06423,Basic,Email Marketing,33,3,4239.19,0
CUST_06424,Standard,Google Search,16,6,2808.47,0
CUST_06425,Premium,Organic,41,0,3203.79,1
CUST_06426,Standard,Google Search,14,7,349.26,0
CUST_06427,Standard,Email Marketing,10,0,973.76,1
CUST_06428,Standard,Google Search,6,3,3491.09,1
CUST_06429,Premium,Facebook Ads,27,7,824.55,0
CUST_06430,Standard,Google Search,41,UNKNOWN,602.11,1
CUST_06431,Standard,Facebook Ads,12,6,1696.96,0
CUST_06432,Basic,Google Search,26,1,456.64,0
CUST_06433,Premium,Email Marketing,36,5,3493.57,0
CUST_06434,Premium,Facebook Ads,9,0,1035.55,0
CUST_06435,Standard,Organic,28,3,762.59,0
CUST_06436,Standard,Email Marketing,39,1,2624.47,0
CUST_06437,Standard,Facebook Ads,31,5,2126.91,0
CUST_06438,Standard,Facebook Ads,19,1,2758.19,0
CUST_06439,Premium,Google Search,7,1,3671.66,0
CUST_06440,Premium,Email Marketing,43,7,3191.02,0
CUST_06441,Basic,Organic,4,5,151.75,1
CUST_06442,Basic,Facebook Ads,6,3,2256.48,0
CUST_06443,Standard,Organic,19,6,3031.41,0
CUST_06444,Premium,Organic,4,6,3587.57,0
CUST_06445,Standard,Organic,4,6,452.97,0
CUST_06446,Standard,Google Search,47,1,1902.5,0
CUST_06447,Standard,Organic,28,6,540.66,0
CUST_06448,Standard,Google Search,34,7,4398.74,0
CUST_06449,Basic,Organic,22,5,323.04,1
CUST_06450,Premium,Email Marketing,28,7,3462.08,0
CUST_06451,Standard,Facebook Ads,24,0,1593.41,0
CUST_06452,Basic,Organic,47,6,156.86,0
CUST_06453,Standard,Google Search,42,6,2623.55,0
CUST_06454,Standard,Email Marketing,27,4,3798.67,0
CUST_06455,Standard,Google Search,7,3,2093.02,0
CUST_06456,Standard,Google Search,37,5,2463.5,0
CUST_06457,Basic,Email Marketing,35,2,1266.83,1
CUST_06458,Premium,Google Search,46,3,2647.98,1
CUST_06459,Premium,Google Search,17,4,2485.28,0
CUST_06460,Standard,Email Marketing,3,7,641.35,0
CUST_06461,Basic,Email Marketing,14,5,331.58,1
CUST_06462,Basic,Facebook Ads,30,5,266.74,1
CUST_06463,Basic,Organic,43,4,1073.38,0
CUST_06464,Premium,Email Marketing,26,6,358.27,0
CUST_06465,Standard,Google Search,42,0,1818.16,0
CUST_06466,Basic,Organic,37,3,2041.95,0
CUST_06467,Premium,Email Marketing,39,7,3295.0,0
CUST_06468,Standard,Facebook Ads,44,4,496.63,0
CUST_06469,Basic,Email Marketing,30,5,85.74,1
CUST_06470,Basic,Organic,16,2,868.92,0
CUST_06471,Premium,Google Search,19,0,2587.47,0
CUST_06472,Basic,Facebook Ads,43,1,2338.8,0
CUST_06473,Basic,Email Marketing,42,2,2651.03,0
CUST_06474,Premium,Google Search,17,7,2312.7,0
CUST_06475,Premium,Organic,46,2,2963.92,0
CUST_06476,Basic,Facebook Ads,47,5,259.24,1
CUST_06477,Premium,Email Marketing,1,3,4335.99,0
CUST_06478,Basic,Facebook Ads,43,4,3636.36,0
CUST_06479,Basic,Google Search,43,4,2166.57,0
CUST_06480,Standard,Facebook Ads,37,3,2424.62,0
CUST_06481,Basic,Organic,9,0,2893.3,0
CUST_06482,Premium,Facebook Ads,48,2,1021.88,0
CUST_06483,Basic,Organic,12,6,90.29,0
CUST_06484,Standard,Organic,8,0,2460.72,0
CUST_06485,Standard,Email Marketing,16,6,2399.9,0
CUST_06486,Basic,Google Search,20,6,85.47,1
CUST_06487,Premium,Facebook Ads,2,7,4283.2,0
CUST_06488,Basic,Email Marketing,46,1,3358.19,0
CUST_06489,Basic,Facebook Ads,32,1,4466.66,0
CUST_06490,Standard,Facebook Ads,12,4,3436.45,0
CUST_06491,Basic,Google Search,17,3,728.99,0
CUST_06492,Standard,Email Marketing,18,3,273.78,0
CUST_06493,Standard,Organic,37,5,2461.01,0
CUST_06494,Basic,Google Search,8,4,3810.22,0
CUST_06495,Basic,Facebook Ads,17,4,4230.12,1
CUST_06496,Basic,Google Search,32,6,150.75,0
CUST_06497,Premium,Facebook Ads,25,1,2663.96,0
CUST_06498,Standard,Facebook Ads,12,3,3338.16,0
CUST_06499,Standard,Facebook Ads,10,0,2419.07,0
CUST_06500,Basic,Email Marketing,22,2,501.58,0
CUST_06501,Standard,Organic,8,5,4461.58,0
CUST_06502,Basic,Google Search,25,1,1292.1,1
CUST_06503,Standard,Email Marketing,42,1,929.42,0
CUST_06504,Standard,Email Marketing,20,7,1048.2,0
CUST_06505,Premium,Google Search,13,UNKNOWN,2221.93,0
CUST_06506,Standard,Organic,1,1,2834.73,0
CUST_06507,Standard,Organic,38,2,722.94,0
CUST_06508,Basic,Google Search,44,2,468.0,0
CUST_06509,Basic,Facebook Ads,42,7,163.69,1
CUST_06510,Standard,Organic,25,3,1552.96,0
CUST_06511,Standard,Facebook Ads,5,1,2998.93,0
CUST_06512,Premium,Google Search,23,3,3322.28,0
CUST_06513,Premium,Google Search,5,3,2376.78,0
CUST_06514,Premium,Google Search,44,7,2631.6,0
CUST_06515,Basic,Facebook Ads,31,1,3164.3,0
CUST_06516,Standard,Facebook Ads,33,5,2411.41,0
CUST_06517,Premium,Google Search,28,5,1977.67,0
CUST_06518,Premium,Facebook Ads,15,4,4348.45,0
CUST_06519,Premium,Email Marketing,32,3,3040.13,0
CUST_06520,Standard,Email Marketing,24,6,804.88,0
CUST_06521,Premium,Organic,29,1,1271.7,0
CUST_06522,Basic,Facebook Ads,17,1,1844.08,0
CUST_06523,Standard,Facebook Ads,48,3,3050.78,0
CUST_06524,Premium,Email Marketing,19,6,1959.06,0
CUST_06525,Basic,Email Marketing,34,2,1501.14,0
CUST_06526,Standard,Google Search,21,1,2356.18,0
CUST_06527,Basic,Google Search,48,1,3639.51,0
CUST_06528,Basic,Google Search,6,3,1302.87,0
CUST_06529,Basic,Facebook Ads,44,0,NaN,0
CUST_06530,Standard,Email Marketing,3,3,591.59,0
CUST_06531,Premium,Email Marketing,14,2,730.05,0
CUST_06532,Standard,Google Search,23,6,1311.78,1
CUST_06533,Premium,Email Marketing,27,3,2680.64,0
CUST_06534,Standard,Email Marketing,24,5,2943.78,0
CUST_06535,Premium,Facebook Ads,11,0,844.57,0
CUST_06536,Premium,Google Search,32,1,2249.1,0
CUST_06537,Premium,Google Search,26,0,2995.86,0
CUST_06538,Premium,Facebook Ads,18,0,4364.99,1
CUST_06539,Basic,Organic,24,0,2114.8,0
CUST_06540,Standard,Google Search,2,2,2746.28,0
CUST_06541,Standard,Organic,48,6,2476.66,0
CUST_06542,Basic,Email Marketing,41,2,1485.66,1
CUST_06543,Premium,Email Marketing,34,4,1634.91,0
CUST_06544,Basic,Facebook Ads,32,7,288.28,1
CUST_06545,Standard,Facebook Ads,7,2,2449.49,0
CUST_06546,Premium,Facebook Ads,16,7,1209.09,0
CUST_06547,Standard,Email Marketing,13,5,3067.99,0
CUST_06548,Basic,Organic,25,2,2994.55,0
CUST_06549,Basic,Google Search,4,2,3834.82,0
CUST_06550,Premium,Email Marketing,19,1,3959.78,0
CUST_06551,Standard,Organic,37,1,NaN,0
CUST_06552,Standard,Organic,6,2,2876.21,0
CUST_06553,Basic,Google Search,1,3,1027.21,0
CUST_06554,Basic,Google Search,24,4,3873.1,0
CUST_06555,Premium,Facebook Ads,43,0,3352.84,0
CUST_06556,Standard,Facebook Ads,36,5,893.42,1
CUST_06557,Premium,Email Marketing,19,3,4194.71,0
CUST_06558,Basic,Email Marketing,8,3,4173.14,0
CUST_06559,Standard,Organic,4,7,2736.62,0
CUST_06560,Standard,Google Search,14,6,967.07,0
CUST_06561,Basic,Email Marketing,29,4,2658.0,0
CUST_06562,Premium,Email Marketing,29,6,999.46,0
CUST_06563,Basic,Organic,45,5,227.06,0
CUST_06564,Basic,Organic,15,UNKNOWN,1568.15,0
CUST_06565,Standard,Google Search,39,4,3631.71,0
CUST_06566,Basic,Organic,24,7,124.3,1
CUST_06567,Premium,Email Marketing,5,5,1903.68,0
CUST_06568,Standard,Google Search,47,4,3303.66,0
CUST_06569,Standard,Google Search,3,3,356.94,0
CUST_06570,Basic,Facebook Ads,16,5,306.49,1
CUST_06571,Basic,Organic,39,4,1912.9,0
CUST_06572,Basic,Facebook Ads,26,7,333.91,1
CUST_06573,Basic,Organic,5,7,308.56,1
CUST_06574,Premium,Email Marketing,39,4,4475.74,0
CUST_06575,Basic,Email Marketing,39,2,3898.79,0
CUST_06576,Standard,Email Marketing,18,7,1289.79,0
CUST_06577,Basic,Google Search,20,0,1113.99,0
CUST_06578,Standard,Google Search,22,5,731.24,0
CUST_06579,Premium,Google Search,19,4,2803.59,0
CUST_06580,Premium,Organic,18,7,842.53,0
CUST_06581,Basic,Google Search,16,0,1613.73,0
CUST_06582,Basic,Facebook Ads,14,2,4149.12,0
CUST_06583,Basic,Organic,37,4,1804.04,0
CUST_06584,Basic,Organic,23,3,1539.0,0
CUST_06585,Standard,Google Search,15,3,4326.62,0
CUST_06586,Premium,Google Search,30,4,3105.34,0
CUST_06587,Premium,Facebook Ads,42,5,720.31,0
CUST_06588,Standard,Email Marketing,3,5,205.1,0
CUST_06589,Premium,Google Search,11,7,1714.99,0
CUST_06590,Premium,Organic,7,2,196.4,0
CUST_06591,Standard,Facebook Ads,11,4,468.22,0
CUST_06592,Basic,Google Search,1,0,1889.34,0
CUST_06593,Standard,Organic,19,5,1378.97,1
CUST_06594,Basic,Email Marketing,14,5,101.3,1
CUST_06595,Premium,Facebook Ads,42,3,2007.91,0
CUST_06596,Premium,Email Marketing,19,3,1476.58,0
CUST_06597,Premium,Facebook Ads,46,2,2214.66,0
CUST_06598,Standard,Facebook Ads,39,0,653.49,0
CUST_06599,Standard,Organic,45,4,553.68,0
CUST_06600,Standard,Email Marketing,42,1,788.4,0
CUST_06601,Premium,Facebook Ads,22,2,1484.24,0
CUST_06602,Standard,Facebook Ads,42,7,1166.42,0
CUST_06603,Standard,Email Marketing,38,4,3804.28,0
CUST_06604,Premium,Email Marketing,20,6,3162.09,0
CUST_06605,Basic,Facebook Ads,8,2,1060.3,0
CUST_06606,Basic,Google Search,7,2,4239.71,0
CUST_06607,Premium,Facebook Ads,28,4,4486.62,0
CUST_06608,Standard,Organic,10,1,3837.92,1
CUST_06609,Standard,Google Search,21,7,894.84,0
CUST_06610,Basic,Email Marketing,17,3,1767.69,0
CUST_06611,Basic,Google Search,7,7,115.11,1
CUST_06612,Standard,Google Search,28,4,2077.33,0
CUST_06613,Premium,Organic,13,3,3508.55,0
CUST_06614,Standard,Google Search,37,3,3588.73,0
CUST_06615,Premium,Organic,12,5,992.52,0
CUST_06616,Premium,Organic,36,0,3836.22,0
CUST_06617,Premium,Facebook Ads,8,6,3012.94,0
CUST_06618,Standard,Google Search,48,7,2630.54,1
CUST_06619,Basic,Facebook Ads,46,5,354.18,0
CUST_06620,Premium,Google Search,47,2,1255.42,0
CUST_06621,Premium,Email Marketing,1,0,1470.68,0
CUST_06622,Basic,Google Search,19,3,1085.48,0
CUST_06623,Standard,Email Marketing,22,7,4470.14,0
CUST_06624,Premium,Email Marketing,39,5,835.95,0
CUST_06625,Basic,Organic,29,7,297.54,1
CUST_06626,Basic,Facebook Ads,38,5,392.62,1
CUST_06627,Premium,Facebook Ads,28,4,512.45,0
CUST_06628,Premium,Facebook Ads,5,3,3072.69,0
CUST_06629,Standard,Google Search,48,4,3391.1,0
CUST_06630,Standard,Facebook Ads,12,1,3845.11,0
CUST_06631,Premium,Facebook Ads,22,5,3320.81,0
CUST_06632,Basic,Email Marketing,27,1,4335.31,0
CUST_06633,Standard,Email Marketing,10,3,2858.52,0
CUST_06634,Standard,Facebook Ads,22,5,3705.28,0
CUST_06635,Premium,Email Marketing,38,0,3202.31,0
CUST_06636,Standard,Google Search,30,2,3424.41,0
CUST_06637,Premium,Email Marketing,22,7,2337.83,0
CUST_06638,Premium,Google Search,30,6,3321.15,1
CUST_06639,Standard,Email Marketing,20,4,3377.03,0
CUST_06640,Basic,Email Marketing,8,4,4385.78,0
CUST_06641,Standard,Organic,12,2,3545.94,0
CUST_06642,Premium,Organic,31,0,2687.0,0
CUST_06643,Premium,Facebook Ads,28,3,3971.86,0
CUST_06644,Basic,Facebook Ads,27,2,4009.49,0
CUST_06645,Basic,Facebook Ads,34,5,392.6,1
CUST_06646,Standard,Facebook Ads,4,6,1631.13,0
CUST_06647,Standard,Email Marketing,2,7,3260.5,1
CUST_06648,Premium,Google Search,44,6,429.88,0
CUST_06649,Basic,Facebook Ads,16,6,131.55,0
CUST_06650,Standard,Organic,12,0,739.64,0
CUST_06651,Standard,Email Marketing,28,6,1369.98,0
CUST_06652,Standard,Facebook Ads,37,1,1618.1,0
CUST_06653,Basic,Google Search,23,7,380.17,1
CUST_06654,Basic,Organic,21,4,3363.42,1
CUST_06655,Premium,Facebook Ads,4,6,3560.52,0
CUST_06656,Premium,Google Search,10,5,2520.2,0
CUST_06657,Basic,Email Marketing,12,2,2225.61,0
CUST_06658,Premium,Organic,24,2,296.78,0
CUST_06659,Basic,Google Search,33,2,4489.75,0
CUST_06660,Basic,Organic,28,0,725.4,0
CUST_06661,Basic,Organic,25,3,1236.56,1
CUST_06662,Standard,Facebook Ads,11,7,4009.35,0
CUST_06663,Basic,Facebook Ads,41,5,159.0,0
CUST_06664,Premium,Organic,21,6,3584.63,0
CUST_06665,Premium,Organic,22,3,385.97,0
CUST_06666,Standard,Google Search,38,7,989.41,0
CUST_06667,Premium,Facebook Ads,17,1,1568.75,0
CUST_06668,Standard,Email Marketing,32,3,1390.35,0
CUST_06669,Standard,Google Search,8,4,3312.01,0
CUST_06670,Basic,Facebook Ads,40,5,190.25,1
CUST_06671,Basic,Facebook Ads,34,5,374.01,1
CUST_06672,Premium,Google Search,9,6,380.33,0
CUST_06673,Premium,Organic,13,2,3011.4,0
CUST_06674,Basic,Google Search,36,1,4367.17,0
CUST_06675,Basic,Facebook Ads,26,4,3801.36,0
CUST_06676,Basic,Email Marketing,47,7,206.19,1
CUST_06677,Standard,Email Marketing,24,4,3975.8,0
CUST_06678,Premium,Facebook Ads,18,3,3056.1,0
CUST_06679,Standard,Organic,40,7,3886.02,0
CUST_06680,Standard,Google Search,11,6,2662.77,0
CUST_06681,Standard,Facebook Ads,18,5,4127.66,0
CUST_06682,Standard,Facebook Ads,34,6,4337.09,0
CUST_06683,Basic,Organic,33,5,227.12,1
CUST_06684,Premium,Facebook Ads,24,4,2972.37,0
CUST_06685,Basic,Google Search,8,4,3622.8,0
CUST_06686,Basic,Email Marketing,27,5,222.48,0
CUST_06687,Basic,Organic,3,2,2497.08,0
CUST_06688,Standard,Google Search,30,3,691.83,1
CUST_06689,Standard,Google Search,35,UNKNOWN,2484.46,0
CUST_06690,Premium,Email Marketing,42,7,3744.54,0
CUST_06691,Basic,Facebook Ads,7,2,3723.03,0
CUST_06692,Basic,Organic,8,5,79.0,1
CUST_06693,Standard,Organic,6,0,683.33,0
CUST_06694,Premium,Google Search,4,6,2103.11,0
CUST_06695,Basic,Google Search,13,3,796.44,0
CUST_06696,Basic,Google Search,30,1,1111.68,0
CUST_06697,Standard,Organic,12,2,3231.98,0
CUST_06698,Standard,Email Marketing,25,7,782.3,0
CUST_06699,Premium,Google Search,16,1,4191.81,0
CUST_06700,Standard,Email Marketing,37,3,772.88,0
CUST_06701,Standard,Organic,15,5,901.27,0
CUST_06702,Standard,Facebook Ads,41,6,3288.89,0
CUST_06703,Standard,Email Marketing,37,0,516.59,0
CUST_06704,Standard,Google Search,26,5,936.27,0
CUST_06705,Standard,Email Marketing,46,4,1683.66,0
CUST_06706,Standard,Facebook Ads,22,6,1447.29,0
CUST_06707,Standard,Organic,21,1,2912.28,0
CUST_06708,Standard,Organic,6,5,2798.74,0
CUST_06709,Standard,Organic,9,3,1284.68,0
CUST_06710,Standard,Google Search,32,7,1508.13,0
CUST_06711,Standard,Email Marketing,39,3,3869.7,0
CUST_06712,Premium,Google Search,2,4,4221.24,0
CUST_06713,Premium,Email Marketing,37,4,677.94,0
CUST_06714,Standard,Email Marketing,3,0,2634.9,0
CUST_06715,Basic,Email Marketing,38,7,321.75,1
CUST_06716,Premium,Email Marketing,26,5,2996.34,0
CUST_06717,Premium,Facebook Ads,36,4,3993.95,0
CUST_06718,Standard,Google Search,34,0,386.03,0
CUST_06719,Premium,Google Search,23,4,2589.21,0
CUST_06720,Basic,Google Search,19,7,140.27,0
CUST_06721,Standard,Email Marketing,8,2,683.84,0
CUST_06722,Standard,Email Marketing,3,0,1255.83,0
CUST_06723,Basic,Facebook Ads,6,4,3879.01,0
CUST_06724,Standard,Google Search,38,1,1310.54,0
CUST_06725,Premium,Organic,26,7,1106.62,0
CUST_06726,Standard,Google Search,38,2,2098.97,0
CUST_06727,Premium,Facebook Ads,17,0,4336.7,0
CUST_06728,Premium,Google Search,11,2,2916.87,0
CUST_06729,Premium,Google Search,46,3,1685.23,0
CUST_06730,Standard,Facebook Ads,21,3,3665.52,0
CUST_06731,Standard,Facebook Ads,45,2,3593.69,0
CUST_06732,Basic,Google Search,14,2,3433.21,0
CUST_06733,Premium,Facebook Ads,43,6,1825.62,0
CUST_06734,Basic,Organic,31,2,3183.14,0
CUST_06735,Premium,Email Marketing,8,0,2777.64,1
CUST_06736,Standard,Organic,46,1,2699.15,0
CUST_06737,Premium,Organic,34,3,229.48,0
CUST_06738,Standard,Google Search,17,4,1774.44,0
CUST_06739,Basic,Email Marketing,27,5,91.49,1
CUST_06740,Standard,Google Search,1,2,696.12,0
CUST_06741,Standard,Email Marketing,14,5,2143.4,1
CUST_06742,Premium,Google Search,8,5,2986.65,0
CUST_06743,Standard,Organic,21,1,3151.47,0
CUST_06744,Standard,Email Marketing,23,3,431.53,1
CUST_06745,Basic,Email Marketing,21,5,253.79,1
CUST_06746,Standard,Organic,35,1,2668.12,0
CUST_06747,Basic,Facebook Ads,30,2,1425.42,0
CUST_06748,Basic,Organic,48,5,216.26,1
CUST_06749,Basic,Email Marketing,25,3,1730.32,0
CUST_06750,Basic,Email Marketing,17,5,NaN,1
CUST_06751,Standard,Google Search,3,1,3193.75,0
CUST_06752,Premium,Organic,40,2,4164.07,0
CUST_06753,Standard,Facebook Ads,43,1,931.46,1
CUST_06754,Basic,Facebook Ads,46,6,104.9,1
CUST_06755,Basic,Facebook Ads,45,2,1139.13,1
CUST_06756,Standard,Facebook Ads,1,0,1783.52,0
CUST_06757,Standard,Organic,32,6,990.13,0
CUST_06758,Basic,Organic,24,7,231.67,1
CUST_06759,Premium,Google Search,14,7,1190.98,1
CUST_06760,Premium,Facebook Ads,20,2,1211.48,0
CUST_06761,Standard,Google Search,26,1,2121.62,1
CUST_06762,Standard,Facebook Ads,40,2,3135.54,0
CUST_06763,Basic,Organic,45,2,1997.03,0
CUST_06764,Standard,Google Search,8,2,2401.77,0
CUST_06765,Basic,Organic,24,7,291.71,1
CUST_06766,Standard,Facebook Ads,36,0,3456.3,0
CUST_06767,Premium,Facebook Ads,4,1,2961.72,0
CUST_06768,Basic,Email Marketing,32,6,327.39,0
CUST_06769,Basic,Email Marketing,12,3,303.77,0
CUST_06770,Standard,Facebook Ads,36,4,179.71,0
CUST_06771,Standard,Email Marketing,30,3,3911.82,0
CUST_06772,Premium,Google Search,20,3,1346.45,0
CUST_06773,Standard,Organic,15,7,4222.38,0
CUST_06774,Premium,Organic,34,7,520.68,0
CUST_06775,Basic,Email Marketing,33,3,2703.16,0
CUST_06776,Standard,Email Marketing,26,3,1188.03,0
CUST_06777,Standard,Facebook Ads,22,5,1569.7,0
CUST_06778,Basic,Organic,19,4,NaN,1
CUST_06779,Premium,Organic,7,2,826.79,0
CUST_06780,Basic,Google Search,38,0,NaN,0
CUST_06781,Basic,Email Marketing,29,1,2455.61,0
CUST_06782,Basic,Facebook Ads,41,4,819.46,0
CUST_06783,Basic,Email Marketing,22,7,314.33,1
CUST_06784,Standard,Facebook Ads,20,0,3302.85,0
CUST_06785,Standard,Google Search,6,3,2124.23,0
CUST_06786,Premium,Google Search,13,4,2113.34,0
CUST_06787,Standard,Email Marketing,45,2,2201.26,0
CUST_06788,Premium,Email Marketing,15,7,3184.26,0
CUST_06789,Basic,Organic,35,5,364.65,1
CUST_06790,Standard,Organic,45,4,2423.78,0
CUST_06791,Standard,Google Search,32,5,3427.58,0
CUST_06792,Standard,Email Marketing,26,0,1117.05,0
CUST_06793,Standard,Organic,28,1,3642.26,0
CUST_06794,Premium,Email Marketing,41,5,4364.6,0
CUST_06795,Basic,Email Marketing,1,1,2423.72,0
CUST_06796,Standard,Organic,18,1,1353.23,0
CUST_06797,Premium,Organic,28,1,3682.52,0
CUST_06798,Basic,Organic,36,1,932.99,0
CUST_06799,Basic,Google Search,22,7,252.66,0
CUST_06800,Premium,Email Marketing,1,6,2125.32,0
CUST_06801,Basic,Facebook Ads,29,5,147.17,1
CUST_06802,Basic,Facebook Ads,36,4,4045.3,1
CUST_06803,Basic,Organic,43,2,3932.68,0
CUST_06804,Premium,Facebook Ads,10,5,319.39,0
CUST_06805,Basic,Email Marketing,31,4,4249.54,0
CUST_06806,Standard,Organic,4,6,4382.61,0
CUST_06807,Basic,Facebook Ads,29,0,2546.12,0
CUST_06808,Basic,Email Marketing,31,2,2984.49,1
CUST_06809,Premium,Email Marketing,15,5,3798.48,0
CUST_06810,Basic,Google Search,16,2,248.53,0
CUST_06811,Premium,Google Search,34,4,360.29,0
CUST_06812,Basic,Organic,30,7,319.34,0
CUST_06813,Premium,Facebook Ads,34,3,4160.79,0
CUST_06814,Basic,Email Marketing,42,1,299.34,0
CUST_06815,Standard,Facebook Ads,14,7,667.78,0
CUST_06816,Basic,Email Marketing,19,6,330.02,1
CUST_06817,Basic,Organic,42,2,1838.87,0
CUST_06818,Basic,Facebook Ads,20,1,1575.48,0
CUST_06819,Standard,Google Search,27,3,2519.99,0
CUST_06820,Standard,Email Marketing,7,7,2435.08,0
CUST_06821,Standard,Facebook Ads,22,0,3540.43,0
CUST_06822,Standard,Google Search,44,2,2994.62,0
CUST_06823,Basic,Google Search,10,1,1891.79,0
CUST_06824,Basic,Google Search,3,6,112.02,1
CUST_06825,Standard,Google Search,19,4,3465.54,0
CUST_06826,Basic,Google Search,44,6,347.25,0
CUST_06827,Premium,Organic,40,3,3938.13,0
CUST_06828,Standard,Facebook Ads,34,7,3796.25,0
CUST_06829,Basic,Facebook Ads,32,3,1441.66,0
CUST_06830,Basic,Google Search,39,1,3600.19,0
CUST_06831,Standard,Organic,34,4,3471.03,0
CUST_06832,Standard,Email Marketing,45,2,2450.47,0
CUST_06833,Basic,Facebook Ads,26,6,224.97,1
CUST_06834,Standard,Organic,6,7,1675.55,0
CUST_06835,Basic,Facebook Ads,33,3,2764.08,0
CUST_06836,Basic,Organic,10,2,4016.93,0
CUST_06837,Premium,Email Marketing,23,7,1212.71,0
CUST_06838,Basic,Organic,40,7,325.52,1
CUST_06839,Premium,Email Marketing,16,0,4392.97,0
CUST_06840,Basic,Organic,38,4,1393.65,0
CUST_06841,Basic,Facebook Ads,25,1,1292.83,0
CUST_06842,Standard,Facebook Ads,48,3,4145.94,0
CUST_06843,Standard,Email Marketing,6,6,4021.96,0
CUST_06844,Standard,Facebook Ads,45,6,4075.93,0
CUST_06845,Premium,Facebook Ads,8,0,3938.64,1
CUST_06846,Premium,Facebook Ads,36,4,2451.16,0
CUST_06847,Basic,Organic,10,6,202.07,0
CUST_06848,Standard,Facebook Ads,44,0,3226.58,0
CUST_06849,Premium,Google Search,11,1,4419.37,0
CUST_06850,Basic,Email Marketing,21,3,4296.88,0
CUST_06851,Basic,Email Marketing,47,1,4190.25,0
CUST_06852,Premium,Email Marketing,4,7,3385.61,0
CUST_06853,Basic,Email Marketing,24,4,3534.18,0
CUST_06854,Standard,Facebook Ads,41,2,3820.58,0
CUST_06855,Premium,Facebook Ads,48,3,359.31,0
CUST_06856,Standard,Facebook Ads,37,3,3006.12,0
CUST_06857,Basic,Facebook Ads,12,1,1458.71,0
CUST_06858,Premium,Organic,12,3,1751.0,0
CUST_06859,Basic,Facebook Ads,37,7,243.66,1
CUST_06860,Premium,Email Marketing,36,6,4302.65,0
CUST_06861,Premium,Facebook Ads,4,7,3334.4,0
CUST_06862,Basic,Organic,1,7,290.75,1
CUST_06863,Premium,Email Marketing,46,3,3320.26,0
CUST_06864,Standard,Google Search,34,2,3298.44,0
CUST_06865,Premium,Facebook Ads,25,0,715.87,0
CUST_06866,Basic,Google Search,43,0,1416.62,0
CUST_06867,Premium,Email Marketing,24,3,554.7,0
CUST_06868,Standard,Facebook Ads,32,0,2992.8,0
CUST_06869,Standard,Email Marketing,36,1,1000.26,0
CUST_06870,Premium,Organic,24,4,1512.64,0
CUST_06871,Standard,Email Marketing,23,5,2091.96,0
CUST_06872,Basic,Facebook Ads,30,3,1018.17,0
CUST_06873,Premium,Facebook Ads,22,6,2522.13,0
CUST_06874,Basic,Google Search,17,3,4045.81,0
CUST_06875,Standard,Email Marketing,18,7,2381.61,0
CUST_06876,Basic,Email Marketing,37,6,393.57,1
CUST_06877,Basic,Facebook Ads,43,4,182.25,0
CUST_06878,Basic,Google Search,15,5,179.43,1
CUST_06879,Basic,Organic,27,1,671.85,0
CUST_06880,Premium,Email Marketing,16,0,2844.71,0
CUST_06881,Standard,Google Search,48,3,2531.85,0
CUST_06882,Premium,Email Marketing,12,3,3845.2,0
CUST_06883,Basic,Facebook Ads,39,1,1318.6,0
CUST_06884,Basic,Google Search,31,1,1252.07,0
CUST_06885,Basic,Google Search,32,5,139.38,1
CUST_06886,Premium,Google Search,8,6,2813.03,0
CUST_06887,Basic,Facebook Ads,1,UNKNOWN,1217.1,0
CUST_06888,Standard,Organic,1,5,2392.69,0
CUST_06889,Premium,Facebook Ads,2,2,797.69,0
CUST_06890,Basic,Email Marketing,2,0,3224.53,0
CUST_06891,Premium,Organic,24,7,2109.56,0
CUST_06892,Standard,Google Search,35,7,445.03,0
CUST_06893,Premium,Google Search,47,0,1403.57,0
CUST_06894,Basic,Email Marketing,7,3,3763.87,0
CUST_06895,Standard,Organic,32,4,1315.53,0
CUST_06896,Basic,Organic,47,4,2643.49,0
CUST_06897,Premium,Facebook Ads,7,1,1412.68,0
CUST_06898,Basic,Facebook Ads,13,3,2779.54,0
CUST_06899,Premium,Google Search,19,7,3520.93,0
CUST_06900,Standard,Facebook Ads,13,3,3742.45,0
CUST_06901,Standard,Email Marketing,30,5,413.9,0
CUST_06902,Standard,Facebook Ads,1,1,3375.75,0
CUST_06903,Basic,Facebook Ads,12,4,3001.67,0
CUST_06904,Basic,Google Search,4,7,341.42,1
CUST_06905,Standard,Organic,15,2,3446.97,0
CUST_06906,Basic,Google Search,29,5,296.17,1
CUST_06907,Standard,Email Marketing,19,4,2003.72,0
CUST_06908,Standard,Facebook Ads,23,6,2560.32,0
CUST_06909,Basic,Email Marketing,30,3,1824.14,0
CUST_06910,Standard,Google Search,29,4,1029.64,0
CUST_06911,Standard,Facebook Ads,11,0,1948.93,0
CUST_06912,Basic,Facebook Ads,41,5,388.2,1
CUST_06913,Basic,Email Marketing,34,5,69.02,1
CUST_06914,Standard,Email Marketing,22,3,607.23,1
CUST_06915,Standard,Organic,19,5,1260.18,0
CUST_06916,Standard,Email Marketing,13,1,2292.76,0
CUST_06917,Premium,Google Search,5,5,2161.9,1
CUST_06918,Basic,Facebook Ads,33,5,80.05,1
CUST_06919,Premium,Facebook Ads,48,2,4499.3,0
CUST_06920,Basic,Email Marketing,28,3,4158.81,0
CUST_06921,Basic,Facebook Ads,26,UNKNOWN,3736.46,0
CUST_06922,Basic,Email Marketing,15,7,182.97,1
CUST_06923,Premium,Email Marketing,46,3,253.03,0
CUST_06924,Premium,Email Marketing,12,2,4420.67,1
CUST_06925,Standard,Facebook Ads,31,5,1869.95,0
CUST_06926,Premium,Organic,45,1,1972.57,0
CUST_06927,Standard,Facebook Ads,9,4,2622.41,0
CUST_06928,Basic,Facebook Ads,35,4,1398.86,0
CUST_06929,Premium,Email Marketing,14,7,2158.89,0
CUST_06930,Basic,Email Marketing,40,0,2709.79,0
CUST_06931,Premium,Google Search,42,5,1372.72,0
CUST_06932,Basic,Google Search,36,2,169.43,0
CUST_06933,Basic,Facebook Ads,41,4,1709.05,0
CUST_06934,Standard,Email Marketing,4,4,4175.48,0
CUST_06935,Basic,Facebook Ads,11,1,4197.35,0
CUST_06936,Standard,Email Marketing,45,1,151.87,1
CUST_06937,Premium,Organic,31,3,2979.82,1
CUST_06938,Standard,Facebook Ads,26,0,3330.47,0
CUST_06939,Premium,Google Search,4,1,1580.67,0
CUST_06940,Standard,Organic,3,1,151.51,0
CUST_06941,Premium,Facebook Ads,31,4,3842.39,0
CUST_06942,Premium,Facebook Ads,40,3,4136.93,0
CUST_06943,Basic,Facebook Ads,11,3,1135.97,0
CUST_06944,Basic,Google Search,28,3,2665.1,0
CUST_06945,Basic,Organic,41,2,1953.02,1
CUST_06946,Basic,Facebook Ads,36,0,3060.03,0
CUST_06947,Premium,Email Marketing,22,3,3955.69,0
CUST_06948,Standard,Email Marketing,37,1,690.23,0
CUST_06949,Premium,Google Search,9,7,541.35,0
CUST_06950,Premium,Facebook Ads,15,3,4112.7,0
CUST_06951,Premium,Email Marketing,17,2,1204.94,0
CUST_06952,Basic,Organic,43,3,NaN,0
CUST_06953,Premium,Google Search,39,2,3088.76,0
CUST_06954,Premium,Organic,4,5,631.49,1
CUST_06955,Standard,Facebook Ads,28,2,2115.11,0
CUST_06956,Standard,Facebook Ads,16,1,1946.53,0
CUST_06957,Standard,Google Search,8,5,2598.26,0
CUST_06958,Standard,Organic,30,0,2717.88,0
CUST_06959,Basic,Organic,1,2,4401.98,0
CUST_06960,Basic,Organic,12,6,67.51,0
CUST_06961,Premium,Google Search,20,7,1010.65,0
CUST_06962,Premium,Organic,15,5,1954.11,0
CUST_06963,Standard,Email Marketing,14,0,1157.15,0
CUST_06964,Standard,Facebook Ads,41,3,3016.36,0
CUST_06965,Premium,Email Marketing,40,0,152.86,0
CUST_06966,Premium,Organic,16,6,853.77,0
CUST_06967,Premium,Organic,43,0,4248.93,0
CUST_06968,Basic,Organic,21,1,3132.73,0
CUST_06969,Basic,Organic,24,4,1626.73,0
CUST_06970,Basic,Google Search,17,3,2328.0,0
CUST_06971,Standard,Email Marketing,44,2,575.69,0
CUST_06972,Standard,Facebook Ads,41,1,2531.13,0
CUST_06973,Standard,Organic,41,2,2167.63,0
CUST_06974,Standard,Google Search,32,0,4224.82,0
CUST_06975,Standard,Google Search,8,7,4358.23,0
CUST_06976,Basic,Organic,40,7,178.6,1
CUST_06977,Premium,Facebook Ads,40,6,2168.23,0
CUST_06978,Basic,Google Search,11,5,76.48,1
CUST_06979,Basic,Email Marketing,37,6,399.04,0
CUST_06980,Premium,Organic,35,3,1160.34,1
CUST_06981,Standard,Organic,26,1,659.09,0
CUST_06982,Basic,Organic,46,7,365.99,1
CUST_06983,Premium,Google Search,42,0,1305.5,0
CUST_06984,Standard,Google Search,3,5,NaN,0
CUST_06985,Premium,Google Search,36,3,4052.13,0
CUST_06986,Premium,Organic,31,2,3495.33,0
CUST_06987,Basic,Email Marketing,47,6,308.07,1
CUST_06988,Premium,Facebook Ads,43,1,4004.94,1
CUST_06989,Standard,Organic,34,6,3581.58,0
CUST_06990,Basic,Google Search,5,1,NaN,0
CUST_06991,Basic,Facebook Ads,38,1,2885.92,0
CUST_06992,Premium,Google Search,41,5,3703.61,0
CUST_06993,Premium,Facebook Ads,38,0,1122.25,0
CUST_06994,Standard,Facebook Ads,40,7,3704.2,0
CUST_06995,Premium,Organic,27,0,2517.95,0
CUST_06996,Standard,Organic,38,1,1336.24,1
CUST_06997,Premium,Google Search,34,0,1122.91,0
CUST_06998,Basic,Facebook Ads,17,5,64.45,1
CUST_06999,Premium,Google Search,12,1,2644.06,0
CUST_07000,Premium,Email Marketing,39,4,3942.87,0
CUST_07001,Basic,Organic,29,0,1475.44,0
CUST_07002,Basic,Facebook Ads,26,4,3959.78,0
CUST_07003,Premium,Email Marketing,14,5,4275.41,0
CUST_07004,Basic,Google Search,27,6,136.7,1
CUST_07005,Premium,Organic,5,5,3518.8,0
CUST_07006,Standard,Email Marketing,43,3,4320.71,0
CUST_07007,Standard,Facebook Ads,28,1,974.8,0
CUST_07008,Premium,Email Marketing,6,3,1838.71,0
CUST_07009,Premium,Email Marketing,8,2,4210.15,0
CUST_07010,Basic,Organic,48,4,1114.66,0
CUST_07011,Basic,Google Search,21,4,1649.85,0
CUST_07012,Basic,Email Marketing,9,6,372.14,1
CUST_07013,Basic,Facebook Ads,46,6,175.15,1
CUST_07014,Basic,Organic,44,0,1612.46,0
CUST_07015,Basic,Facebook Ads,31,6,389.29,1
CUST_07016,Premium,Google Search,32,3,4326.39,0
CUST_07017,Premium,Facebook Ads,16,2,4496.26,1
CUST_07018,Basic,Google Search,21,0,237.4,0
CUST_07019,Basic,Facebook Ads,14,3,4448.86,0
CUST_07020,Premium,Facebook Ads,16,2,2927.64,0
CUST_07021,Basic,Email Marketing,26,7,141.79,1
CUST_07022,Basic,Google Search,15,6,105.21,1
CUST_07023,Premium,Facebook Ads,41,4,2290.94,0
CUST_07024,Standard,Google Search,39,5,NaN,0
CUST_07025,Basic,Organic,27,4,1949.53,0
CUST_07026,Premium,Organic,24,3,2072.86,0
CUST_07027,Standard,Organic,34,4,572.24,0
CUST_07028,Standard,Google Search,31,4,4134.35,0
CUST_07029,Standard,Google Search,25,7,2793.7,0
CUST_07030,Basic,Facebook Ads,28,3,2203.76,0
CUST_07031,Basic,Facebook Ads,46,0,2058.89,0
CUST_07032,Basic,Email Marketing,31,3,3522.37,0
CUST_07033,Standard,Facebook Ads,42,3,1487.46,1
CUST_07034,Basic,Facebook Ads,24,5,76.74,1
CUST_07035,Standard,Facebook Ads,36,5,4258.91,0
CUST_07036,Standard,Google Search,39,1,3012.44,0
CUST_07037,Standard,Google Search,42,5,580.94,0
CUST_07038,Basic,Email Marketing,35,5,130.5,0
CUST_07039,Standard,Google Search,16,0,1298.68,0
CUST_07040,Premium,Email Marketing,7,4,2982.11,0
CUST_07041,Basic,Facebook Ads,39,3,2497.87,0
CUST_07042,Standard,Email Marketing,40,6,881.32,0
CUST_07043,Standard,Email Marketing,21,2,328.53,0
CUST_07044,Premium,Facebook Ads,10,4,668.25,0
CUST_07045,Standard,Email Marketing,20,7,NaN,0
CUST_07046,Standard,Google Search,13,7,982.0,0
CUST_07047,Basic,Organic,12,2,1146.68,0
CUST_07048,Standard,Organic,39,6,1594.39,0
CUST_07049,Basic,Facebook Ads,17,5,134.34,0
CUST_07050,Premium,Organic,11,0,3020.71,0
CUST_07051,Basic,Google Search,25,6,284.18,1
CUST_07052,Premium,Facebook Ads,42,6,3540.54,0
CUST_07053,Premium,Facebook Ads,6,2,NaN,0
CUST_07054,Standard,Facebook Ads,37,4,4295.07,0
CUST_07055,Standard,Email Marketing,40,3,2938.33,0
CUST_07056,Premium,Google Search,34,7,3558.75,0
CUST_07057,Basic,Organic,18,6,139.13,1
CUST_07058,Basic,Facebook Ads,22,2,3413.06,0
CUST_07059,Basic,Email Marketing,25,1,2277.94,0
CUST_07060,Basic,Email Marketing,3,0,3502.51,0
CUST_07061,Basic,Email Marketing,28,0,246.36,0
CUST_07062,Basic,Email Marketing,44,4,1719.8,0
CUST_07063,Premium,Google Search,41,7,992.67,0
CUST_07064,Basic,Organic,45,2,157.52,0
CUST_07065,Premium,Organic,15,0,4219.0,0
CUST_07066,Premium,Email Marketing,40,4,2750.08,0
CUST_07067,Basic,Facebook Ads,25,5,343.59,1
CUST_07068,Basic,Organic,11,5,234.41,0
CUST_07069,Basic,Organic,15,2,2155.45,0
CUST_07070,Premium,Organic,40,5,3014.87,0
CUST_07071,Premium,Google Search,47,1,3167.75,0
CUST_07072,Premium,Google Search,18,4,3197.04,0
CUST_07073,Basic,Email Marketing,7,4,1123.16,0
CUST_07074,Standard,Organic,8,5,773.3,0
CUST_07075,Premium,Google Search,31,4,3898.33,0
CUST_07076,Premium,Facebook Ads,2,5,4058.06,1
CUST_07077,Basic,Facebook Ads,23,6,327.66,1
CUST_07078,Basic,Facebook Ads,4,6,302.66,1
CUST_07079,Premium,Facebook Ads,33,6,1827.27,0
CUST_07080,Standard,Facebook Ads,7,6,2864.74,0
CUST_07081,Premium,Email Marketing,39,4,3946.19,0
CUST_07082,Standard,Google Search,29,7,4201.48,0
CUST_07083,Basic,Google Search,34,3,2475.74,0
CUST_07084,Standard,Organic,41,1,4174.06,1
CUST_07085,Basic,Facebook Ads,7,3,4318.75,0
CUST_07086,Standard,Facebook Ads,2,1,1792.29,0
CUST_07087,Standard,Facebook Ads,44,6,1600.4,0
CUST_07088,Premium,Email Marketing,31,7,3437.71,0
CUST_07089,Standard,Google Search,41,3,671.21,0
CUST_07090,Premium,Google Search,22,0,4486.39,0
CUST_07091,Basic,Email Marketing,24,4,4263.37,1
CUST_07092,Standard,Google Search,31,7,2638.83,0
CUST_07093,Standard,Email Marketing,7,7,4228.62,0
CUST_07094,Basic,Google Search,3,3,1453.47,0
CUST_07095,Basic,Facebook Ads,23,1,3117.33,0
CUST_07096,Basic,Email Marketing,26,7,132.57,1
CUST_07097,Standard,Organic,2,4,3137.01,0
CUST_07098,Basic,Google Search,16,4,557.2,0
CUST_07099,Basic,Organic,41,1,3330.51,0
CUST_07100,Basic,Email Marketing,13,2,1783.87,0
CUST_07101,Standard,Email Marketing,21,0,1530.62,0
CUST_07102,Standard,Email Marketing,41,4,4118.99,0
CUST_07103,Basic,Google Search,24,7,162.54,1
CUST_07104,Premium,Facebook Ads,32,4,3522.51,0
CUST_07105,Basic,Organic,30,6,128.49,1
CUST_07106,Standard,Facebook Ads,43,6,1877.33,0
CUST_07107,Premium,Google Search,10,UNKNOWN,4115.83,0
CUST_07108,Standard,Google Search,11,0,2906.99,0
CUST_07109,Basic,Email Marketing,37,7,189.33,1
CUST_07110,Standard,Organic,28,0,4425.17,0
CUST_07111,Standard,Email Marketing,39,4,1473.7,0
CUST_07112,Premium,Email Marketing,16,0,810.49,0
CUST_07113,Basic,Google Search,28,7,218.53,1
CUST_07114,Premium,Facebook Ads,41,4,2629.11,0
CUST_07115,Standard,Email Marketing,38,6,374.61,0
CUST_07116,Basic,Google Search,29,6,137.37,1
CUST_07117,Premium,Facebook Ads,11,7,4277.15,0
CUST_07118,Standard,Organic,2,7,655.75,0
CUST_07119,Basic,Organic,5,6,281.5,1
CUST_07120,Basic,Organic,10,5,381.26,1
CUST_07121,Standard,Facebook Ads,32,6,2230.24,0
CUST_07122,Basic,Google Search,8,5,179.14,1
CUST_07123,Premium,Google Search,13,4,4482.52,0
CUST_07124,Standard,Organic,4,0,3615.55,0
CUST_07125,Basic,Organic,10,6,347.28,1
CUST_07126,Basic,Email Marketing,13,3,520.06,0
CUST_07127,Premium,Organic,5,2,2030.7,0
CUST_07128,Premium,Organic,3,3,2579.84,0
CUST_07129,Standard,Facebook Ads,32,7,961.36,0
CUST_07130,Premium,Google Search,41,1,1430.68,1
CUST_07131,Premium,Facebook Ads,5,6,4002.42,0
CUST_07132,Basic,Email Marketing,30,5,246.67,1
CUST_07133,Basic,Email Marketing,37,2,2694.84,0
CUST_07134,Standard,Google Search,14,4,3340.78,0
CUST_07135,Premium,Email Marketing,20,2,452.59,0
CUST_07136,Standard,Organic,6,2,692.74,0
CUST_07137,Basic,Google Search,33,7,342.4,1
CUST_07138,Basic,Google Search,26,5,268.85,1
CUST_07139,Premium,Google Search,6,1,2739.63,0
CUST_07140,Basic,Email Marketing,5,6,387.7,0
CUST_07141,Standard,Facebook Ads,13,6,3226.64,0
CUST_07142,Premium,Google Search,11,4,454.01,0
CUST_07143,Standard,Email Marketing,47,3,3697.63,0
CUST_07144,Basic,Organic,15,4,4177.6,0
CUST_07145,Premium,Email Marketing,26,1,1184.76,0
CUST_07146,Premium,Facebook Ads,22,0,3700.06,0
CUST_07147,Standard,Email Marketing,38,1,4251.66,0
CUST_07148,Standard,Organic,46,0,2865.45,0
CUST_07149,Premium,Email Marketing,25,3,913.53,0
CUST_07150,Basic,Organic,2,5,114.57,1
CUST_07151,Basic,Organic,24,0,1662.61,0
CUST_07152,Standard,Google Search,18,0,2821.11,0
CUST_07153,Premium,Organic,22,3,3120.41,0
CUST_07154,Basic,Facebook Ads,13,4,2346.54,0
CUST_07155,Premium,Email Marketing,47,4,2455.55,0
CUST_07156,Standard,Google Search,1,0,3474.38,0
CUST_07157,Basic,Facebook Ads,41,5,157.15,1
CUST_07158,Standard,Facebook Ads,33,6,1763.42,0
CUST_07159,Premium,Organic,14,0,3314.57,1
CUST_07160,Basic,Google Search,30,6,236.62,1
CUST_07161,Premium,Email Marketing,8,5,2631.16,0
CUST_07162,Premium,Google Search,5,7,3828.23,0
CUST_07163,Standard,Email Marketing,39,6,3092.35,0
CUST_07164,Standard,Google Search,14,1,4222.46,0
CUST_07165,Premium,Facebook Ads,44,7,3119.83,0
CUST_07166,Basic,Facebook Ads,41,7,103.2,1
CUST_07167,Standard,Facebook Ads,14,3,2860.91,0
CUST_07168,Standard,Google Search,45,4,1934.57,1
CUST_07169,Basic,Facebook Ads,12,3,1980.33,0
CUST_07170,Basic,Email Marketing,1,4,1416.45,0
CUST_07171,Basic,Email Marketing,27,6,85.98,1
CUST_07172,Standard,Facebook Ads,34,4,4432.73,0
CUST_07173,Premium,Google Search,42,3,1316.79,0
CUST_07174,Basic,Facebook Ads,8,4,1256.56,0
CUST_07175,Basic,Email Marketing,44,6,63.4,1
CUST_07176,Premium,Facebook Ads,33,4,3613.31,0
CUST_07177,Standard,Email Marketing,33,4,1653.33,0
CUST_07178,Standard,Email Marketing,25,1,3582.78,0
CUST_07179,Basic,Google Search,1,3,1747.36,0
CUST_07180,Premium,Email Marketing,32,4,3871.25,1
CUST_07181,Premium,Organic,10,7,2110.43,0
CUST_07182,Standard,Email Marketing,17,0,2257.36,0
CUST_07183,Standard,Email Marketing,17,7,1741.46,0
CUST_07184,Basic,Organic,44,0,3796.17,0
CUST_07185,Standard,Email Marketing,14,6,933.73,0
CUST_07186,Basic,Email Marketing,9,2,951.49,0
CUST_07187,Premium,Organic,4,1,3751.66,1
CUST_07188,Standard,Facebook Ads,29,5,2836.58,0
CUST_07189,Basic,Organic,38,4,2965.59,0
CUST_07190,Basic,Email Marketing,44,5,335.29,1
CUST_07191,Standard,Organic,26,5,1197.14,0
CUST_07192,Premium,Email Marketing,35,1,4263.97,1
CUST_07193,Standard,Google Search,48,6,1664.73,0
CUST_07194,Standard,Email Marketing,34,3,1459.08,0
CUST_07195,Premium,Organic,25,0,173.89,0
CUST_07196,Basic,Facebook Ads,46,3,261.23,0
CUST_07197,Basic,Organic,14,4,3475.29,0
CUST_07198,Basic,Facebook Ads,32,7,281.42,1
CUST_07199,Basic,Email Marketing,15,1,2437.75,0
CUST_07200,Premium,Facebook Ads,24,4,664.35,0
CUST_07201,Standard,Facebook Ads,17,2,4097.77,0
CUST_07202,Standard,Facebook Ads,26,0,2591.98,0
CUST_07203,Premium,Organic,5,2,3469.51,0
CUST_07204,Standard,Google Search,29,0,3667.68,0
CUST_07205,Premium,Google Search,23,3,3567.42,0
CUST_07206,Standard,Email Marketing,31,6,3815.91,0
CUST_07207,Premium,Organic,39,7,4216.97,0
CUST_07208,Premium,Facebook Ads,24,5,1456.76,0
CUST_07209,Standard,Facebook Ads,12,5,1899.85,0
CUST_07210,Basic,Facebook Ads,44,0,1285.67,0
CUST_07211,Premium,Organic,6,5,3693.2,0
CUST_07212,Basic,Facebook Ads,39,6,122.59,1
CUST_07213,Basic,Email Marketing,42,0,4118.11,0
CUST_07214,Premium,Facebook Ads,38,0,1887.31,0
CUST_07215,Standard,Google Search,15,5,233.77,0
CUST_07216,Basic,Facebook Ads,9,3,3847.95,0
CUST_07217,Standard,Google Search,10,5,3984.24,0
CUST_07218,Basic,Facebook Ads,48,6,366.95,1
CUST_07219,Basic,Facebook Ads,24,7,263.64,1
CUST_07220,Standard,Google Search,21,1,1653.4,0
CUST_07221,Standard,Email Marketing,47,7,725.98,0
CUST_07222,Standard,Email Marketing,11,1,2601.98,0
CUST_07223,Basic,Organic,32,3,1011.53,0
CUST_07224,Premium,Google Search,43,5,3134.43,0
CUST_07225,Premium,Facebook Ads,6,3,1809.29,0
CUST_07226,Standard,Facebook Ads,30,2,1088.15,0
CUST_07227,Basic,Google Search,33,7,205.23,0
CUST_07228,Basic,Email Marketing,35,6,396.36,0
CUST_07229,Premium,Email Marketing,1,5,2944.69,0
CUST_07230,Standard,Facebook Ads,36,1,2276.86,0
CUST_07231,Premium,Google Search,3,6,1783.52,0
CUST_07232,Basic,Google Search,7,2,854.67,0
CUST_07233,Premium,Google Search,33,0,4091.31,0
CUST_07234,Premium,Facebook Ads,37,3,3262.2,0
CUST_07235,Premium,Organic,35,4,3428.06,0
CUST_07236,Basic,Google Search,14,5,123.52,1
CUST_07237,Basic,Facebook Ads,1,1,1783.71,0
CUST_07238,Premium,Email Marketing,48,6,2906.6,0
CUST_07239,Standard,Facebook Ads,17,4,3726.35,0
CUST_07240,Premium,Organic,14,3,3944.55,0
CUST_07241,Standard,Email Marketing,48,1,761.35,0
CUST_07242,Premium,Google Search,37,7,1311.59,0
CUST_07243,Basic,Email Marketing,17,0,3500.26,0
CUST_07244,Premium,Google Search,24,1,3447.17,0
CUST_07245,Standard,Google Search,13,3,2065.89,0
CUST_07246,Standard,Facebook Ads,23,6,4235.75,0
CUST_07247,Basic,Google Search,9,3,4097.75,1
CUST_07248,Standard,Organic,37,2,1850.75,0
CUST_07249,Premium,Facebook Ads,35,6,2468.44,0
CUST_07250,Premium,Email Marketing,45,7,3441.08,0
CUST_07251,Standard,Facebook Ads,41,4,3882.58,1
CUST_07252,Standard,Email Marketing,40,7,2448.7,0
CUST_07253,Standard,Google Search,20,3,4252.65,0
CUST_07254,Standard,Facebook Ads,33,7,580.92,0
CUST_07255,Standard,Google Search,8,0,3251.19,0
CUST_07256,Standard,Facebook Ads,10,7,258.18,0
CUST_07257,Standard,Organic,11,4,460.34,0
CUST_07258,Basic,Google Search,22,5,342.69,1
CUST_07259,Basic,Email Marketing,19,1,3430.09,1
CUST_07260,Premium,Email Marketing,46,3,1388.18,0
CUST_07261,Standard,Organic,29,7,2914.92,0
CUST_07262,Premium,Google Search,21,3,3187.9,0
CUST_07263,Basic,Organic,15,0,392.72,0
CUST_07264,Standard,Email Marketing,41,1,1228.31,0
CUST_07265,Standard,Google Search,45,6,2822.88,0
CUST_07266,Standard,Google Search,4,6,3023.03,0
CUST_07267,Premium,Facebook Ads,20,7,3299.14,0
CUST_07268,Standard,Facebook Ads,15,3,4168.5,0
CUST_07269,Premium,Facebook Ads,11,5,1266.4,0
CUST_07270,Basic,Organic,41,6,162.53,0
CUST_07271,Standard,Google Search,3,0,3540.61,0
CUST_07272,Basic,Email Marketing,38,3,2649.82,0
CUST_07273,Standard,Facebook Ads,8,1,889.3,0
CUST_07274,Standard,Email Marketing,47,3,4478.94,0
CUST_07275,Basic,Organic,9,0,2523.09,0
CUST_07276,Standard,Organic,24,7,1624.58,0
CUST_07277,Basic,Email Marketing,8,5,333.92,0
CUST_07278,Basic,Facebook Ads,40,3,4006.5,0
CUST_07279,Premium,Email Marketing,25,1,2650.69,0
CUST_07280,Standard,Organic,35,3,3549.49,0
CUST_07281,Standard,Email Marketing,46,5,215.87,0
CUST_07282,Basic,Organic,16,7,290.28,1
CUST_07283,Standard,Organic,32,7,3025.07,0
CUST_07284,Premium,Google Search,7,6,3501.92,0
CUST_07285,Basic,Email Marketing,11,3,312.56,1
CUST_07286,Standard,Organic,38,3,3527.39,0
CUST_07287,Premium,Email Marketing,42,4,3449.17,0
CUST_07288,Basic,Facebook Ads,27,0,2627.41,0
CUST_07289,Standard,Email Marketing,12,1,3659.52,0
CUST_07290,Standard,Facebook Ads,3,7,4323.8,0
CUST_07291,Basic,Facebook Ads,8,0,1140.48,1
CUST_07292,Premium,Facebook Ads,33,6,1005.63,0
CUST_07293,Premium,Email Marketing,30,1,2310.24,0
CUST_07294,Premium,Facebook Ads,39,0,3216.74,0
CUST_07295,Premium,Email Marketing,48,2,3292.75,0
CUST_07296,Standard,Google Search,10,5,1473.73,0
CUST_07297,Standard,Google Search,16,1,2569.04,0
CUST_07298,Standard,Email Marketing,48,4,1305.86,0
CUST_07299,Premium,Google Search,27,3,1599.0,1
CUST_07300,Premium,Google Search,33,0,NaN,0
CUST_07301,Standard,Google Search,12,0,1434.13,0
CUST_07302,Basic,Facebook Ads,32,0,2943.09,0
CUST_07303,Standard,Organic,1,7,1825.12,0
CUST_07304,Basic,Facebook Ads,34,4,2213.14,0
CUST_07305,Standard,Organic,46,1,3822.41,0
CUST_07306,Premium,Facebook Ads,48,2,822.85,0
CUST_07307,Basic,Email Marketing,42,7,236.2,1
CUST_07308,Premium,Google Search,39,4,1897.06,0
CUST_07309,Standard,Facebook Ads,10,5,1961.6,0
CUST_07310,Premium,Facebook Ads,29,0,3123.91,0
CUST_07311,Basic,Organic,47,5,368.16,1
CUST_07312,Basic,Email Marketing,9,1,477.75,0
CUST_07313,Premium,Email Marketing,11,4,1599.15,0
CUST_07314,Basic,Google Search,47,1,156.96,0
CUST_07315,Standard,Organic,28,0,2701.69,0
CUST_07316,Premium,Google Search,13,2,426.55,0
CUST_07317,Standard,Google Search,1,2,4008.28,0
CUST_07318,Standard,Email Marketing,10,3,3559.76,0
CUST_07319,Basic,Facebook Ads,21,1,4406.34,0
CUST_07320,Basic,Facebook Ads,13,2,1272.21,0
CUST_07321,Basic,Facebook Ads,19,6,364.51,1
CUST_07322,Basic,Facebook Ads,42,6,331.01,1
CUST_07323,Standard,Email Marketing,30,4,1719.52,0
CUST_07324,Standard,Organic,25,4,3948.16,0
CUST_07325,Standard,Email Marketing,35,1,1626.2,0
CUST_07326,Basic,Email Marketing,24,7,325.31,0
CUST_07327,Premium,Email Marketing,48,1,267.54,0
CUST_07328,Standard,Organic,42,5,1005.84,0
CUST_07329,Standard,Email Marketing,9,0,1349.28,0
CUST_07330,Standard,Facebook Ads,21,3,3701.87,0
CUST_07331,Premium,Google Search,1,7,1843.57,0
CUST_07332,Premium,Google Search,2,2,1092.47,0
CUST_07333,Standard,Google Search,41,2,2665.16,0
CUST_07334,Premium,Email Marketing,24,3,1726.58,0
CUST_07335,Basic,Facebook Ads,33,3,4020.02,0
CUST_07336,Standard,Google Search,22,5,1413.57,0
CUST_07337,Basic,Organic,15,6,231.85,0
CUST_07338,Premium,Organic,45,2,4310.38,0
CUST_07339,Standard,Google Search,13,0,3151.33,0
CUST_07340,Basic,Email Marketing,48,6,156.08,1
CUST_07341,Premium,Email Marketing,35,0,3450.5,0
CUST_07342,Premium,Google Search,8,1,3644.6,0
CUST_07343,Standard,Facebook Ads,15,1,1974.79,0
CUST_07344,Basic,Organic,39,1,3912.13,0
CUST_07345,Premium,Organic,31,5,438.25,0
CUST_07346,Premium,Facebook Ads,44,4,432.57,1
CUST_07347,Basic,Facebook Ads,29,5,380.15,1
CUST_07348,Premium,Organic,21,7,1949.15,0
CUST_07349,Premium,Google Search,44,0,2595.58,0
CUST_07350,Standard,Facebook Ads,35,4,3486.18,0
CUST_07351,Standard,Google Search,25,2,2883.59,0
CUST_07352,Standard,Email Marketing,7,4,2745.46,0
CUST_07353,Basic,Email Marketing,23,2,977.22,0
CUST_07354,Premium,Email Marketing,6,2,2600.29,0
CUST_07355,Premium,Email Marketing,14,1,1110.85,0
CUST_07356,Premium,Organic,48,5,2644.83,0
CUST_07357,Basic,Organic,2,5,113.85,0
CUST_07358,Basic,Organic,10,3,2829.65,0
CUST_07359,Basic,Organic,21,5,185.41,1
CUST_07360,Basic,Facebook Ads,34,3,2736.08,0
CUST_07361,Standard,Email Marketing,27,0,3328.05,0
CUST_07362,Basic,Facebook Ads,43,5,178.93,0
CUST_07363,Premium,Email Marketing,13,1,3855.95,0
CUST_07364,Standard,Facebook Ads,7,2,2506.51,0
CUST_07365,Basic,Facebook Ads,46,6,62.6,1
CUST_07366,Standard,Email Marketing,3,4,2614.61,0
CUST_07367,Standard,Email Marketing,32,1,1047.9,0
CUST_07368,Basic,Facebook Ads,25,0,1626.6,0
CUST_07369,Premium,Google Search,7,7,571.43,0
CUST_07370,Premium,Google Search,11,7,1058.16,0
CUST_07371,Basic,Facebook Ads,46,1,2207.42,0
CUST_07372,Premium,Organic,25,1,2885.83,0
CUST_07373,Basic,Facebook Ads,38,6,264.82,1
CUST_07374,Standard,Organic,32,0,1199.99,0
CUST_07375,Basic,Facebook Ads,33,5,140.48,1
CUST_07376,Standard,Email Marketing,33,2,3824.75,0
CUST_07377,Premium,Google Search,34,4,2044.55,0
CUST_07378,Premium,Google Search,2,1,3315.17,0
CUST_07379,Premium,Google Search,34,5,2349.04,0
CUST_07380,Premium,Email Marketing,33,6,561.9,0
CUST_07381,Standard,Facebook Ads,35,2,4413.85,0
CUST_07382,Premium,Organic,34,5,1384.58,0
CUST_07383,Premium,Google Search,21,5,359.63,0
CUST_07384,Premium,Organic,25,4,752.17,0
CUST_07385,Basic,Google Search,6,3,1337.83,0
CUST_07386,Standard,Organic,27,0,2673.47,0
CUST_07387,Basic,Google Search,3,7,390.54,0
CUST_07388,Premium,Organic,47,7,2617.61,0
CUST_07389,Basic,Email Marketing,6,1,2661.27,0
CUST_07390,Basic,Organic,43,5,72.73,1
CUST_07391,Premium,Organic,2,5,182.87,0
CUST_07392,Premium,Organic,45,3,518.97,0
CUST_07393,Basic,Email Marketing,9,0,1488.81,0
CUST_07394,Basic,Email Marketing,10,6,252.35,0
CUST_07395,Basic,Email Marketing,3,7,342.52,1
CUST_07396,Premium,Organic,38,5,4472.63,0
CUST_07397,Standard,Facebook Ads,32,4,2173.31,0
CUST_07398,Basic,Facebook Ads,35,5,365.09,1
CUST_07399,Basic,Google Search,2,7,305.87,1
CUST_07400,Basic,Google Search,16,4,3137.33,0
CUST_07401,Basic,Facebook Ads,10,7,140.08,1
CUST_07402,Premium,Facebook Ads,46,4,710.55,0
CUST_07403,Basic,Facebook Ads,17,4,1186.38,0
CUST_07404,Premium,Organic,46,3,2068.26,0
CUST_07405,Premium,Facebook Ads,46,3,2693.02,0
CUST_07406,Standard,Facebook Ads,11,6,NaN,0
CUST_07407,Basic,Google Search,22,5,368.92,1
CUST_07408,Basic,Google Search,14,2,3138.53,0
CUST_07409,Standard,Organic,12,5,1968.49,0
CUST_07410,Basic,Google Search,41,2,2518.3,0
CUST_07411,Basic,Organic,12,1,1050.52,0
CUST_07412,Premium,Google Search,12,2,2459.83,0
CUST_07413,Standard,Email Marketing,18,6,2768.21,0
CUST_07414,Standard,Organic,11,5,2988.68,0
CUST_07415,Basic,Organic,18,2,444.62,0
CUST_07416,Standard,Organic,12,7,754.24,0
CUST_07417,Basic,Email Marketing,39,5,101.61,1
CUST_07418,Standard,Facebook Ads,36,7,1954.63,0
CUST_07419,Premium,Email Marketing,19,2,4243.73,0
CUST_07420,Standard,Facebook Ads,46,4,4437.67,0
CUST_07421,Basic,Email Marketing,3,4,1887.75,1
CUST_07422,Basic,Organic,20,5,138.57,1
CUST_07423,Premium,Email Marketing,19,7,1711.8,1
CUST_07424,Standard,Email Marketing,46,3,4173.59,0
CUST_07425,Premium,Email Marketing,31,6,4081.02,0
CUST_07426,Basic,Organic,24,2,513.01,0
CUST_07427,Basic,Google Search,32,6,155.65,1
CUST_07428,Standard,Organic,42,1,736.94,0
CUST_07429,Standard,Facebook Ads,4,5,2689.24,0
CUST_07430,Standard,Organic,24,7,2970.89,0
CUST_07431,Premium,Google Search,42,0,3648.71,0
CUST_07432,Standard,Email Marketing,48,2,3161.27,0
CUST_07433,Premium,Organic,30,0,2329.98,0
CUST_07434,Premium,Email Marketing,14,3,2182.33,0
CUST_07435,Premium,Email Marketing,5,0,1041.75,0
CUST_07436,Premium,Google Search,7,2,4165.63,0
CUST_07437,Basic,Organic,32,4,4244.14,0
CUST_07438,Standard,Email Marketing,3,1,551.62,0
CUST_07439,Standard,Facebook Ads,38,0,175.95,0
CUST_07440,Basic,Organic,26,1,1527.38,0
CUST_07441,Basic,Organic,31,5,300.57,1
CUST_07442,Basic,Organic,8,0,2218.14,0
CUST_07443,Basic,Organic,17,5,116.41,1
CUST_07444,Premium,Facebook Ads,9,2,1509.16,0
CUST_07445,Basic,Email Marketing,1,6,74.84,1
CUST_07446,Premium,Email Marketing,14,7,3072.95,0
CUST_07447,Premium,Facebook Ads,23,6,934.15,0
CUST_07448,Standard,Google Search,17,0,169.14,0
CUST_07449,Premium,Facebook Ads,9,3,4122.55,0
CUST_07450,Premium,Email Marketing,44,6,2815.79,0
CUST_07451,Basic,Google Search,22,1,1383.63,0
CUST_07452,Premium,Email Marketing,11,0,426.81,0
CUST_07453,Premium,Google Search,15,0,331.01,0
CUST_07454,Basic,Email Marketing,12,3,303.08,1
CUST_07455,Premium,Email Marketing,3,5,359.6,0
CUST_07456,Standard,Organic,45,6,1511.77,0
CUST_07457,Basic,Email Marketing,46,5,107.84,1
CUST_07458,Premium,Email Marketing,47,5,3340.35,0
CUST_07459,Standard,Organic,6,0,3458.56,0
CUST_07460,Premium,Facebook Ads,34,4,2139.5,0
CUST_07461,Basic,Email Marketing,30,2,4416.81,1
CUST_07462,Basic,Email Marketing,28,0,3670.39,0
CUST_07463,Standard,Email Marketing,31,1,4244.57,0
CUST_07464,Standard,Facebook Ads,28,5,3460.53,0
CUST_07465,Premium,Google Search,8,4,3216.42,0
CUST_07466,Premium,Google Search,4,2,2245.69,0
CUST_07467,Basic,Google Search,14,6,353.16,1
CUST_07468,Standard,Facebook Ads,5,3,233.77,0
CUST_07469,Premium,Email Marketing,15,7,3149.31,1
CUST_07470,Standard,Google Search,37,3,3297.15,0
CUST_07471,Premium,Organic,37,1,278.23,0
CUST_07472,Standard,Email Marketing,18,3,1010.35,0
CUST_07473,Standard,Email Marketing,13,5,231.18,0
CUST_07474,Premium,Facebook Ads,47,UNKNOWN,516.52,0
CUST_07475,Basic,Google Search,36,7,51.76,1
CUST_07476,Standard,Facebook Ads,1,2,2088.83,0
CUST_07477,Standard,Email Marketing,39,2,3382.75,0
CUST_07478,Premium,Google Search,29,1,2535.41,0
CUST_07479,Basic,Email Marketing,28,0,1807.68,0
CUST_07480,Standard,Organic,42,4,1034.7,1
CUST_07481,Basic,Email Marketing,10,6,328.53,1
CUST_07482,Premium,Email Marketing,14,0,1288.27,0
CUST_07483,Basic,Organic,22,4,3335.68,0
CUST_07484,Standard,Facebook Ads,25,2,4289.14,0
CUST_07485,Premium,Organic,18,6,NaN,0
CUST_07486,Basic,Google Search,4,4,152.67,0
CUST_07487,Premium,Organic,24,1,3558.72,0
CUST_07488,Standard,Google Search,29,7,3781.76,1
CUST_07489,Premium,Email Marketing,46,4,3928.85,0
CUST_07490,Basic,Google Search,17,4,2091.14,0
CUST_07491,Premium,Google Search,13,4,2626.59,0
CUST_07492,Basic,Email Marketing,42,5,118.64,1
CUST_07493,Premium,Google Search,6,5,3115.95,0
CUST_07494,Premium,Facebook Ads,18,2,2439.03,0
CUST_07495,Premium,Facebook Ads,30,5,1474.72,0
CUST_07496,Standard,Google Search,13,2,2838.93,0
CUST_07497,Premium,Facebook Ads,44,2,3348.5,0
CUST_07498,Premium,Organic,25,5,2416.8,0
CUST_07499,Premium,Organic,44,4,3646.69,0
CUST_07500,Premium,Facebook Ads,31,1,2060.0,0
CUST_07501,Premium,Facebook Ads,39,3,2165.11,0
CUST_07502,Basic,Facebook Ads,46,4,2626.04,0
CUST_07503,Premium,Google Search,5,1,3892.4,0
CUST_07504,Basic,Email Marketing,34,6,171.64,1
CUST_07505,Standard,Organic,15,4,4017.9,0
CUST_07506,Standard,Email Marketing,27,3,3257.44,0
CUST_07507,Basic,Google Search,11,7,152.55,1
CUST_07508,Basic,Organic,30,4,2913.98,0
CUST_07509,Standard,Facebook Ads,44,2,NaN,0
CUST_07510,Premium,Facebook Ads,21,1,2898.67,0
CUST_07511,Premium,Email Marketing,22,5,4252.97,1
CUST_07512,Standard,Facebook Ads,18,2,1355.33,0
CUST_07513,Basic,Facebook Ads,37,3,3650.11,0
CUST_07514,Premium,Facebook Ads,19,6,2152.83,0
CUST_07515,Standard,Google Search,44,2,865.98,0
CUST_07516,Standard,Google Search,44,0,3787.49,0
CUST_07517,Standard,Organic,23,1,4169.9,0
CUST_07518,Standard,Facebook Ads,12,2,1834.8,0
CUST_07519,Standard,Google Search,10,1,685.93,0
CUST_07520,Standard,Organic,7,2,4481.22,0
CUST_07521,Standard,Organic,46,0,3891.75,0
CUST_07522,Premium,Email Marketing,35,0,205.31,0
CUST_07523,Standard,Organic,11,1,4341.66,0
CUST_07524,Premium,Google Search,20,1,2516.56,0
CUST_07525,Premium,Organic,13,6,196.25,0
CUST_07526,Premium,Google Search,27,2,1466.47,0
CUST_07527,Basic,Organic,4,5,252.84,1
CUST_07528,Premium,Facebook Ads,29,6,2890.92,0
CUST_07529,Standard,Email Marketing,25,0,771.84,1
CUST_07530,Basic,Facebook Ads,14,3,423.66,0
CUST_07531,Standard,Email Marketing,23,6,2784.71,0
CUST_07532,Basic,Organic,22,0,2190.53,0
CUST_07533,Basic,Email Marketing,45,1,448.29,1
CUST_07534,Basic,Google Search,1,5,114.96,1
CUST_07535,Premium,Email Marketing,14,3,1717.57,0
CUST_07536,Premium,Email Marketing,39,5,2201.53,0
CUST_07537,Premium,Google Search,48,5,3744.5,0
CUST_07538,Basic,Google Search,8,3,2444.56,0
CUST_07539,Standard,Google Search,47,0,4186.55,0
CUST_07540,Premium,Organic,42,6,NaN,0
CUST_07541,Basic,Google Search,29,3,162.59,0
CUST_07542,Premium,Google Search,45,7,3806.42,0
CUST_07543,Premium,Google Search,25,3,406.92,0
CUST_07544,Premium,Organic,43,4,4394.62,0
CUST_07545,Premium,Facebook Ads,39,1,3183.97,0
CUST_07546,Basic,Facebook Ads,16,0,1111.96,0
CUST_07547,Premium,Organic,41,7,3654.1,0
CUST_07548,Premium,Google Search,29,1,2203.67,0
CUST_07549,Basic,Facebook Ads,36,3,2943.32,0
CUST_07550,Standard,Email Marketing,9,6,2718.79,0
CUST_07551,Basic,Email Marketing,11,7,374.77,0
CUST_07552,Premium,Email Marketing,39,2,1194.06,0
CUST_07553,Premium,Facebook Ads,40,6,3804.5,1
CUST_07554,Basic,Email Marketing,36,2,2528.6,0
CUST_07555,Basic,Facebook Ads,40,3,263.1,1
CUST_07556,Standard,Google Search,20,0,NaN,0
CUST_07557,Premium,Google Search,27,6,NaN,1
CUST_07558,Premium,Email Marketing,45,6,2737.81,0
CUST_07559,Premium,Organic,24,3,3715.04,0
CUST_07560,Basic,Organic,3,UNKNOWN,317.42,1
CUST_07561,Basic,Organic,48,7,339.74,1
CUST_07562,Standard,Google Search,41,UNKNOWN,1653.71,0
CUST_07563,Basic,Organic,8,6,NaN,1
CUST_07564,Premium,Email Marketing,48,4,389.26,0
CUST_07565,Basic,Organic,42,1,3134.32,0
CUST_07566,Basic,Facebook Ads,25,2,1472.81,0
CUST_07567,Standard,Email Marketing,28,0,943.57,0
CUST_07568,Standard,Google Search,22,2,3476.37,0
CUST_07569,Standard,Google Search,44,4,3558.89,1
CUST_07570,Standard,Google Search,45,7,3263.81,0
CUST_07571,Basic,Facebook Ads,48,7,399.93,1
CUST_07572,Premium,Email Marketing,10,7,3014.62,0
CUST_07573,Basic,Organic,1,7,112.43,1
CUST_07574,Premium,Organic,17,5,1654.28,0
CUST_07575,Basic,Facebook Ads,15,1,3729.5,0
CUST_07576,Standard,Organic,28,2,2995.24,0
CUST_07577,Basic,Google Search,34,4,3723.7,0
CUST_07578,Premium,Google Search,15,7,191.03,0
CUST_07579,Premium,Email Marketing,45,6,1396.25,0
CUST_07580,Premium,Organic,8,4,NaN,0
CUST_07581,Basic,Email Marketing,30,1,4204.6,0
CUST_07582,Premium,Google Search,41,4,1034.23,0
CUST_07583,Basic,Facebook Ads,31,1,4441.18,0
CUST_07584,Basic,Facebook Ads,37,0,364.91,0
CUST_07585,Premium,Facebook Ads,20,2,4496.86,0
CUST_07586,Standard,Facebook Ads,32,2,4392.23,0
CUST_07587,Premium,Google Search,26,1,1178.97,0
CUST_07588,Basic,Facebook Ads,48,2,3999.1,0
CUST_07589,Standard,Google Search,37,0,3272.72,0
CUST_07590,Standard,Organic,43,3,2866.96,0
CUST_07591,Premium,Organic,4,2,635.51,0
CUST_07592,Basic,Organic,31,3,4351.72,0
CUST_07593,Standard,Email Marketing,21,3,1976.54,0
CUST_07594,Premium,Google Search,13,0,2258.74,0
CUST_07595,Premium,Google Search,8,2,676.91,0
CUST_07596,Basic,Google Search,34,6,319.73,1
CUST_07597,Basic,Google Search,32,2,2726.55,0
CUST_07598,Standard,Email Marketing,29,3,3263.07,1
CUST_07599,Standard,Organic,20,5,3116.67,0
CUST_07600,Premium,Organic,13,4,1881.89,0
CUST_07601,Premium,Organic,45,3,3146.08,0
CUST_07602,Standard,Facebook Ads,42,2,3553.23,0
CUST_07603,Premium,Google Search,21,3,2398.84,0
CUST_07604,Premium,Google Search,27,0,1562.57,0
CUST_07605,Standard,Facebook Ads,40,1,2114.24,0
CUST_07606,Premium,Facebook Ads,47,7,NaN,0
CUST_07607,Premium,Facebook Ads,17,3,844.45,0
CUST_07608,Standard,Email Marketing,26,7,3220.62,0
CUST_07609,Standard,Facebook Ads,39,6,2226.83,0
CUST_07610,Standard,Email Marketing,35,3,1175.93,0
CUST_07611,Basic,Facebook Ads,14,5,269.0,1
CUST_07612,Premium,Facebook Ads,46,0,1624.75,0
CUST_07613,Premium,Email Marketing,12,0,2714.94,0
CUST_07614,Standard,Organic,34,6,1567.58,0
CUST_07615,Basic,Google Search,23,2,4011.45,0
CUST_07616,Basic,Email Marketing,1,4,608.23,0
CUST_07617,Premium,Google Search,25,7,3088.12,0
CUST_07618,Basic,Organic,35,5,291.88,1
CUST_07619,Standard,Organic,45,2,4353.11,0
CUST_07620,Standard,Organic,28,3,1669.09,0
CUST_07621,Standard,Google Search,32,4,2560.53,0
CUST_07622,Standard,Facebook Ads,25,7,2493.83,0
CUST_07623,Basic,Email Marketing,43,5,183.9,0
CUST_07624,Standard,Email Marketing,46,7,2627.68,1
CUST_07625,Basic,Google Search,2,4,2585.58,0
CUST_07626,Premium,Organic,23,5,989.83,0
CUST_07627,Premium,Facebook Ads,14,5,2266.43,0
CUST_07628,Standard,Facebook Ads,18,1,4497.09,0
CUST_07629,Premium,Organic,26,6,1980.76,0
CUST_07630,Premium,Google Search,48,6,1183.18,0
CUST_07631,Premium,Email Marketing,15,1,341.55,0
CUST_07632,Standard,Facebook Ads,33,6,1760.67,0
CUST_07633,Basic,Google Search,24,4,3252.43,0
CUST_07634,Basic,Email Marketing,15,5,143.63,1
CUST_07635,Standard,Organic,46,7,388.11,0
CUST_07636,Basic,Facebook Ads,48,0,3944.13,0
CUST_07637,Standard,Organic,16,0,2372.25,0
CUST_07638,Basic,Facebook Ads,4,4,4491.62,0
CUST_07639,Premium,Facebook Ads,45,0,1004.92,0
CUST_07640,Standard,Facebook Ads,27,0,365.45,0
CUST_07641,Basic,Email Marketing,28,6,228.48,1
CUST_07642,Standard,Email Marketing,20,4,3479.54,0
CUST_07643,Premium,Facebook Ads,19,0,4047.48,0
CUST_07644,Premium,Organic,26,2,1645.64,0
CUST_07645,Basic,Email Marketing,25,0,413.48,0
CUST_07646,Standard,Organic,48,0,2314.77,0
CUST_07647,Premium,Organic,2,7,811.13,0
CUST_07648,Basic,Facebook Ads,44,1,3358.92,0
CUST_07649,Standard,Email Marketing,12,1,1009.29,1
CUST_07650,Basic,Google Search,34,5,295.66,1
CUST_07651,Basic,Organic,3,1,1221.56,0
CUST_07652,Standard,Facebook Ads,6,0,2473.18,0
CUST_07653,Premium,Email Marketing,17,4,1577.79,0
CUST_07654,Premium,Organic,6,1,2910.32,0
CUST_07655,Premium,Google Search,3,7,4018.05,0
CUST_07656,Basic,Organic,39,7,389.37,1
CUST_07657,Standard,Email Marketing,16,7,1077.68,0
CUST_07658,Premium,Organic,28,7,2926.43,1
CUST_07659,Standard,Facebook Ads,29,4,4298.18,0
CUST_07660,Standard,Organic,28,0,3715.18,0
CUST_07661,Premium,Facebook Ads,17,5,437.55,0
CUST_07662,Standard,Google Search,47,7,1811.12,0
CUST_07663,Premium,Email Marketing,36,6,1992.73,0
CUST_07664,Standard,Organic,28,6,2531.16,0
CUST_07665,Basic,Facebook Ads,13,4,3231.36,0
CUST_07666,Standard,Email Marketing,3,5,1812.46,0
CUST_07667,Standard,Organic,26,6,2177.34,0
CUST_07668,Premium,Google Search,17,4,3822.64,0
CUST_07669,Standard,Facebook Ads,15,3,2834.33,0
CUST_07670,Standard,Facebook Ads,36,4,2102.22,0
CUST_07671,Basic,Facebook Ads,12,5,139.32,1
CUST_07672,Standard,Google Search,36,1,3328.47,0
CUST_07673,Premium,Google Search,16,2,1374.13,0
CUST_07674,Standard,Facebook Ads,13,5,1482.75,0
CUST_07675,Premium,Google Search,39,6,874.12,0
CUST_07676,Premium,Email Marketing,36,UNKNOWN,1569.3,1
CUST_07677,Premium,Facebook Ads,21,3,3276.43,0
CUST_07678,Basic,Organic,43,0,727.72,0
CUST_07679,Basic,Organic,33,0,2434.5,0
CUST_07680,Premium,Google Search,15,4,NaN,0
CUST_07681,Basic,Organic,21,1,171.21,0
CUST_07682,Basic,Facebook Ads,24,3,4344.75,0
CUST_07683,Standard,Email Marketing,5,4,2168.48,0
CUST_07684,Standard,Organic,6,0,2996.72,0
CUST_07685,Premium,Facebook Ads,26,4,4495.69,0
CUST_07686,Premium,Email Marketing,19,4,2850.69,0
CUST_07687,Standard,Organic,4,6,3344.47,0
CUST_07688,Basic,Organic,13,6,80.35,1
CUST_07689,Premium,Google Search,28,5,2960.69,0
CUST_07690,Premium,Organic,41,0,4323.2,0
CUST_07691,Basic,Facebook Ads,37,3,4054.64,0
CUST_07692,Premium,Email Marketing,2,7,1936.87,0
CUST_07693,Premium,Google Search,6,0,1205.91,0
CUST_07694,Standard,Email Marketing,17,0,467.49,0
CUST_07695,Basic,Email Marketing,36,4,1831.52,0
CUST_07696,Premium,Email Marketing,10,2,566.23,0
CUST_07697,Premium,Google Search,19,1,1025.04,0
CUST_07698,Standard,Facebook Ads,10,UNKNOWN,1248.77,0
CUST_07699,Standard,Organic,9,4,1611.32,0
CUST_07700,Standard,Facebook Ads,38,0,1449.75,0
CUST_07701,Basic,Email Marketing,23,2,4273.58,1
CUST_07702,Basic,Organic,16,2,2793.36,0
CUST_07703,Standard,Email Marketing,38,7,3392.0,0
CUST_07704,Premium,Google Search,21,6,2419.25,0
CUST_07705,Basic,Organic,2,5,187.09,1
CUST_07706,Basic,Facebook Ads,42,1,2188.49,1
CUST_07707,Standard,Email Marketing,44,4,740.08,0
CUST_07708,Basic,Google Search,20,7,376.54,1
CUST_07709,Premium,Email Marketing,18,3,3823.39,0
CUST_07710,Premium,Google Search,17,2,938.99,0
CUST_07711,Standard,Google Search,8,7,3460.5,0
CUST_07712,Basic,Email Marketing,14,5,89.33,1
CUST_07713,Premium,Facebook Ads,38,0,748.79,0
CUST_07714,Premium,Facebook Ads,11,2,2854.03,0
CUST_07715,Premium,Facebook Ads,23,5,908.14,0
CUST_07716,Standard,Google Search,31,5,2650.29,0
CUST_07717,Standard,Organic,36,6,2783.57,0
CUST_07718,Basic,Google Search,47,6,158.58,1
CUST_07719,Basic,Facebook Ads,26,6,240.37,1
CUST_07720,Standard,Email Marketing,15,1,279.56,0
CUST_07721,Basic,Email Marketing,17,7,368.63,1
CUST_07722,Standard,Email Marketing,1,7,1625.93,0
CUST_07723,Premium,Facebook Ads,14,2,3786.95,1
CUST_07724,Basic,Facebook Ads,28,3,1236.47,0
CUST_07725,Basic,Google Search,30,4,1488.28,0
CUST_07726,Premium,Organic,32,5,1958.73,0
CUST_07727,Premium,Email Marketing,17,3,1205.82,0
CUST_07728,Basic,Google Search,46,1,3275.18,0
CUST_07729,Basic,Google Search,23,6,349.0,1
CUST_07730,Premium,Email Marketing,9,7,3640.07,0
CUST_07731,Basic,Google Search,20,3,2869.25,0
CUST_07732,Basic,Organic,13,4,1882.9,0
CUST_07733,Basic,Email Marketing,15,0,1372.55,0
CUST_07734,Basic,Facebook Ads,48,1,2433.54,0
CUST_07735,Premium,Facebook Ads,11,7,1365.42,0
CUST_07736,Standard,Google Search,15,0,3032.23,0
CUST_07737,Basic,Facebook Ads,20,3,2912.23,0
CUST_07738,Premium,Facebook Ads,46,5,961.91,0
CUST_07739,Basic,Organic,12,3,1250.5,0
CUST_07740,Standard,Organic,5,4,755.6,0
CUST_07741,Premium,Facebook Ads,42,6,1531.98,0
CUST_07742,Premium,Email Marketing,40,6,2216.42,0
CUST_07743,Standard,Facebook Ads,39,2,2407.39,0
CUST_07744,Premium,Google Search,31,3,585.44,1
CUST_07745,Standard,Google Search,12,2,702.69,1
CUST_07746,Premium,Email Marketing,47,6,3757.74,0
CUST_07747,Premium,Organic,29,3,2703.17,0
CUST_07748,Standard,Organic,7,2,1705.32,0
CUST_07749,Basic,Facebook Ads,18,3,2020.55,0
CUST_07750,Basic,Facebook Ads,24,2,2205.79,0
CUST_07751,Standard,Google Search,39,5,1563.49,0
CUST_07752,Standard,Facebook Ads,41,1,720.0,0
CUST_07753,Premium,Facebook Ads,30,0,3432.83,0
CUST_07754,Premium,Email Marketing,10,5,3195.09,0
CUST_07755,Standard,Email Marketing,2,7,1733.76,0
CUST_07756,Basic,Facebook Ads,14,2,4168.23,0
CUST_07757,Basic,Email Marketing,9,7,315.63,1
CUST_07758,Basic,Organic,4,5,143.4,0
CUST_07759,Basic,Google Search,10,1,949.4,0
CUST_07760,Premium,Email Marketing,14,5,NaN,0
CUST_07761,Basic,Email Marketing,38,5,223.76,0
CUST_07762,Premium,Facebook Ads,20,0,3051.31,0
CUST_07763,Basic,Facebook Ads,26,0,3572.04,0
CUST_07764,Premium,Facebook Ads,31,0,3937.35,0
CUST_07765,Basic,Email Marketing,27,7,357.47,1
CUST_07766,Basic,Email Marketing,25,3,1542.5,0
CUST_07767,Standard,Organic,31,6,2125.15,0
CUST_07768,Standard,Email Marketing,34,0,674.61,1
CUST_07769,Basic,Email Marketing,30,7,373.66,1
CUST_07770,Premium,Google Search,1,3,2870.68,0
CUST_07771,Standard,Google Search,44,2,3437.77,1
CUST_07772,Basic,Facebook Ads,25,3,753.41,0
CUST_07773,Basic,Organic,27,2,2826.71,0
CUST_07774,Standard,Google Search,44,0,2150.01,0
CUST_07775,Basic,Google Search,13,5,50.3,0
CUST_07776,Basic,Google Search,45,0,740.49,0
CUST_07777,Standard,Facebook Ads,20,6,2633.44,0
CUST_07778,Premium,Facebook Ads,45,0,1107.33,0
CUST_07779,Basic,Facebook Ads,47,5,290.16,1
CUST_07780,Premium,Facebook Ads,9,0,817.41,0
CUST_07781,Standard,Organic,5,4,1363.11,0
CUST_07782,Basic,Facebook Ads,29,4,4222.8,0
CUST_07783,Standard,Organic,6,6,692.64,0
CUST_07784,Standard,Facebook Ads,39,6,2681.54,0
CUST_07785,Basic,Email Marketing,16,6,219.35,0
CUST_07786,Basic,Google Search,29,6,76.87,1
CUST_07787,Standard,Facebook Ads,1,4,3489.31,0
CUST_07788,Premium,Facebook Ads,14,1,1381.03,0
CUST_07789,Basic,Organic,40,6,154.22,1
CUST_07790,Standard,Facebook Ads,21,5,3617.61,0
CUST_07791,Premium,Google Search,20,5,717.53,0
CUST_07792,Basic,Organic,31,4,3788.91,0
CUST_07793,Standard,Facebook Ads,8,1,2689.76,0
CUST_07794,Basic,Organic,10,4,909.99,0
CUST_07795,Basic,Facebook Ads,2,4,1996.25,0
CUST_07796,Standard,Organic,24,4,1938.42,0
CUST_07797,Premium,Facebook Ads,34,1,2374.59,0
CUST_07798,Standard,Google Search,37,3,4091.73,0
CUST_07799,Standard,Organic,39,2,4160.33,0
CUST_07800,Basic,Google Search,27,1,3303.07,0
CUST_07801,Premium,Google Search,40,2,1369.59,0
CUST_07802,Basic,Facebook Ads,20,4,3504.81,0
CUST_07803,Basic,Organic,14,7,301.21,1
CUST_07804,Premium,Organic,18,1,627.73,0
CUST_07805,Premium,Google Search,3,0,2494.98,0
CUST_07806,Premium,Google Search,13,2,NaN,0
CUST_07807,Premium,Email Marketing,3,6,2304.8,0
CUST_07808,Basic,Organic,12,0,2857.91,0
CUST_07809,Premium,Facebook Ads,17,3,1254.9,0
CUST_07810,Basic,Google Search,34,2,555.01,0
CUST_07811,Basic,Facebook Ads,42,4,3073.18,0
CUST_07812,Basic,Organic,36,2,3598.22,0
CUST_07813,Standard,Facebook Ads,11,2,675.61,0
CUST_07814,Standard,Organic,40,4,382.89,0
CUST_07815,Standard,Email Marketing,17,3,501.51,0
CUST_07816,Standard,Email Marketing,40,5,4137.21,0
CUST_07817,Premium,Email Marketing,46,2,3165.14,0
CUST_07818,Standard,Email Marketing,32,6,3412.51,0
CUST_07819,Basic,Google Search,17,2,1128.83,0
CUST_07820,Basic,Google Search,32,7,357.8,1
CUST_07821,Standard,Google Search,18,2,3083.49,0
CUST_07822,Premium,Email Marketing,19,3,3118.02,0
CUST_07823,Premium,Facebook Ads,14,5,162.29,0
CUST_07824,Standard,Email Marketing,27,2,3278.44,0
CUST_07825,Standard,Organic,26,2,3057.99,0
CUST_07826,Basic,Google Search,36,5,102.43,1
CUST_07827,Basic,Facebook Ads,32,4,1113.25,0
CUST_07828,Basic,Organic,3,6,214.38,1
CUST_07829,Basic,Google Search,47,4,2965.81,0
CUST_07830,Premium,Facebook Ads,44,3,NaN,0
CUST_07831,Basic,Google Search,21,6,190.17,1
CUST_07832,Basic,Email Marketing,21,1,2173.85,0
CUST_07833,Basic,Email Marketing,45,3,2850.69,0
CUST_07834,Premium,Facebook Ads,20,4,1063.26,0
CUST_07835,Standard,Email Marketing,29,3,3135.29,1
CUST_07836,Premium,Email Marketing,1,1,179.32,1
CUST_07837,Standard,Email Marketing,9,7,4092.09,1
CUST_07838,Premium,Facebook Ads,14,2,530.43,0
CUST_07839,Standard,Organic,8,4,275.01,0
CUST_07840,Standard,Email Marketing,31,1,1739.25,0
CUST_07841,Basic,Facebook Ads,1,1,3854.46,0
CUST_07842,Basic,Email Marketing,16,1,2426.53,0
CUST_07843,Standard,Google Search,4,6,959.86,0
CUST_07844,Standard,Google Search,11,3,2681.66,0
CUST_07845,Basic,Facebook Ads,42,4,669.86,0
CUST_07846,Standard,Email Marketing,38,2,1029.77,0
CUST_07847,Basic,Facebook Ads,42,5,264.76,1
CUST_07848,Basic,Google Search,11,6,217.64,1
CUST_07849,Premium,Facebook Ads,26,7,561.72,0
CUST_07850,Basic,Facebook Ads,29,2,4382.29,0
CUST_07851,Basic,Google Search,42,6,316.22,0
CUST_07852,Standard,Google Search,22,2,3495.18,0
CUST_07853,Standard,Organic,2,5,3029.99,0
CUST_07854,Standard,Google Search,43,UNKNOWN,2478.03,0
CUST_07855,Basic,Facebook Ads,40,7,335.28,1
CUST_07856,Standard,Organic,32,4,2179.74,1
CUST_07857,Premium,Google Search,15,UNKNOWN,586.83,1
CUST_07858,Premium,Facebook Ads,12,1,2786.2,0
CUST_07859,Premium,Organic,28,6,2180.92,0
CUST_07860,Premium,Facebook Ads,4,2,658.58,0
CUST_07861,Premium,Email Marketing,2,6,3830.92,0
CUST_07862,Premium,Email Marketing,30,1,801.55,0
CUST_07863,Standard,Facebook Ads,35,7,1964.78,0
CUST_07864,Premium,Email Marketing,31,5,4180.19,0
CUST_07865,Standard,Google Search,19,3,709.69,0
CUST_07866,Standard,Organic,14,5,3479.05,1
CUST_07867,Standard,Google Search,48,6,4246.01,0
CUST_07868,Basic,Google Search,30,2,2195.84,0
CUST_07869,Premium,Organic,1,4,2209.25,0
CUST_07870,Basic,Email Marketing,7,1,NaN,1
CUST_07871,Premium,Organic,37,3,3189.42,0
CUST_07872,Premium,Email Marketing,28,5,641.59,0
CUST_07873,Premium,Facebook Ads,5,1,499.08,0
CUST_07874,Premium,Organic,42,4,2119.28,0
CUST_07875,Standard,Email Marketing,35,5,3962.12,0
CUST_07876,Standard,Email Marketing,45,5,892.72,0
CUST_07877,Standard,Facebook Ads,21,2,1210.61,0
CUST_07878,Premium,Facebook Ads,14,0,1544.66,0
CUST_07879,Standard,Google Search,29,1,1718.92,0
CUST_07880,Premium,Email Marketing,28,7,401.1,0
CUST_07881,Premium,Organic,31,6,3578.97,0
CUST_07882,Standard,Facebook Ads,26,UNKNOWN,943.84,0
CUST_07883,Standard,Email Marketing,37,7,4096.6,1
CUST_07884,Premium,Google Search,11,2,2118.2,0
CUST_07885,Premium,Google Search,38,6,1272.91,0
CUST_07886,Basic,Google Search,7,1,3055.64,0
CUST_07887,Standard,Google Search,6,6,4153.15,0
CUST_07888,Basic,Facebook Ads,43,1,2781.56,1
CUST_07889,Basic,Email Marketing,3,6,317.78,1
CUST_07890,Standard,Organic,7,5,420.58,0
CUST_07891,Premium,Organic,12,7,4060.05,0
CUST_07892,Standard,Google Search,10,4,1588.32,0
CUST_07893,Basic,Organic,2,6,91.97,1
CUST_07894,Standard,Google Search,18,0,4234.6,0
CUST_07895,Premium,Facebook Ads,38,4,774.58,0
CUST_07896,Standard,Facebook Ads,47,1,1610.48,0
CUST_07897,Basic,Organic,47,7,161.97,1
CUST_07898,Premium,Google Search,36,1,1729.95,0
CUST_07899,Basic,Email Marketing,39,7,170.09,1
CUST_07900,Premium,Google Search,40,0,2707.94,0
CUST_07901,Basic,Email Marketing,33,3,3568.69,0
CUST_07902,Premium,Organic,10,6,4299.91,0
CUST_07903,Premium,Email Marketing,44,7,1302.99,0
CUST_07904,Standard,Organic,38,4,625.73,0
CUST_07905,Standard,Google Search,43,2,3148.59,0
CUST_07906,Premium,Google Search,10,1,4488.09,0
CUST_07907,Standard,Facebook Ads,10,3,4292.73,0
CUST_07908,Basic,Google Search,32,5,92.41,1
CUST_07909,Premium,Organic,44,3,635.86,0
CUST_07910,Standard,Email Marketing,40,6,4493.73,0
CUST_07911,Standard,Google Search,5,6,1199.65,0
CUST_07912,Basic,Facebook Ads,13,1,3878.37,1
CUST_07913,Standard,Facebook Ads,48,5,670.62,0
CUST_07914,Basic,Facebook Ads,19,6,247.34,1
CUST_07915,Premium,Organic,37,2,2489.03,0
CUST_07916,Standard,Facebook Ads,28,5,2525.72,0
CUST_07917,Standard,Google Search,39,5,687.3,0
CUST_07918,Basic,Facebook Ads,26,0,1731.83,0
CUST_07919,Standard,Email Marketing,26,7,2336.96,0
CUST_07920,Basic,Facebook Ads,41,5,121.38,1
CUST_07921,Premium,Email Marketing,28,4,1225.28,0
CUST_07922,Basic,Organic,38,3,1433.15,0
CUST_07923,Standard,Email Marketing,26,3,845.03,0
CUST_07924,Basic,Google Search,19,3,225.56,0
CUST_07925,Basic,Organic,7,1,1949.26,0
CUST_07926,Premium,Google Search,6,3,414.32,0
CUST_07927,Premium,Email Marketing,43,6,898.27,0
CUST_07928,Premium,Facebook Ads,40,3,1477.34,0
CUST_07929,Standard,Google Search,13,1,2294.83,0
CUST_07930,Basic,Google Search,28,3,1098.26,0
CUST_07931,Basic,Facebook Ads,36,0,NaN,0
CUST_07932,Basic,Google Search,12,0,925.42,0
CUST_07933,Premium,Email Marketing,24,6,2475.13,0
CUST_07934,Standard,Google Search,27,1,2010.17,0
CUST_07935,Standard,Email Marketing,35,7,370.13,0
CUST_07936,Basic,Organic,38,7,202.95,1
CUST_07937,Premium,Organic,10,5,4175.69,0
CUST_07938,Basic,Email Marketing,35,4,3846.35,0
CUST_07939,Basic,Google Search,1,3,2786.92,0
CUST_07940,Premium,Google Search,29,0,584.56,0
CUST_07941,Standard,Email Marketing,39,5,2281.43,0
CUST_07942,Standard,Organic,47,5,4313.94,0
CUST_07943,Premium,Email Marketing,10,4,1179.43,0
CUST_07944,Premium,Email Marketing,43,2,345.31,0
CUST_07945,Basic,Facebook Ads,48,5,237.45,1
CUST_07946,Basic,Google Search,21,4,3704.98,0
CUST_07947,Basic,Facebook Ads,47,6,184.17,1
CUST_07948,Basic,Email Marketing,15,5,281.56,1
CUST_07949,Basic,Organic,38,7,139.53,1
CUST_07950,Premium,Organic,31,2,539.73,1
CUST_07951,Basic,Facebook Ads,23,2,4135.02,0
CUST_07952,Standard,Facebook Ads,16,5,798.97,0
CUST_07953,Premium,Organic,30,7,502.58,0
CUST_07954,Basic,Organic,20,2,926.69,0
CUST_07955,Standard,Email Marketing,6,1,1974.43,0
CUST_07956,Premium,Email Marketing,6,0,1550.75,0
CUST_07957,Standard,Email Marketing,37,3,211.45,0
CUST_07958,Basic,Google Search,43,2,180.04,0
CUST_07959,Standard,Google Search,26,6,755.51,0
CUST_07960,Standard,Google Search,3,4,3155.52,0
CUST_07961,Basic,Facebook Ads,1,6,232.53,1
CUST_07962,Standard,Organic,18,6,350.95,1
CUST_07963,Standard,Email Marketing,18,7,3360.1,0
CUST_07964,Basic,Organic,44,3,3982.68,0
CUST_07965,Basic,Organic,23,5,287.52,1
CUST_07966,Standard,Email Marketing,35,6,1715.1,0
CUST_07967,Basic,Google Search,10,0,2412.15,0
CUST_07968,Standard,Organic,35,2,3287.57,0
CUST_07969,Standard,Google Search,28,4,865.18,0
CUST_07970,Standard,Facebook Ads,25,3,3627.77,0
CUST_07971,Basic,Facebook Ads,2,3,4114.64,0
CUST_07972,Basic,Email Marketing,14,2,688.31,0
CUST_07973,Basic,Email Marketing,18,1,3572.7,0
CUST_07974,Standard,Email Marketing,46,2,613.03,0
CUST_07975,Basic,Google Search,47,0,2326.33,0
CUST_07976,Standard,Organic,22,2,3117.48,0
CUST_07977,Basic,Organic,6,1,NaN,0
CUST_07978,Standard,Email Marketing,29,5,2372.92,0
CUST_07979,Premium,Organic,32,4,1863.17,0
CUST_07980,Basic,Google Search,47,1,696.51,1
CUST_07981,Premium,Email Marketing,47,1,3392.45,0
CUST_07982,Basic,Google Search,29,1,3159.56,0
CUST_07983,Premium,Google Search,21,0,3776.65,0
CUST_07984,Standard,Email Marketing,4,5,4248.91,0
CUST_07985,Premium,Email Marketing,35,5,1971.2,0
CUST_07986,Standard,Facebook Ads,21,7,1403.61,0
CUST_07987,Premium,Facebook Ads,32,2,3616.28,0
CUST_07988,Basic,Facebook Ads,11,4,1071.04,0
CUST_07989,Basic,Organic,7,3,378.98,1
CUST_07990,Basic,Email Marketing,5,7,209.72,1
CUST_07991,Standard,Organic,39,5,3272.73,0
CUST_07992,Premium,Email Marketing,5,3,1220.58,0
CUST_07993,Basic,Facebook Ads,27,5,349.91,1
CUST_07994,Basic,Email Marketing,24,0,469.87,0
CUST_07995,Premium,Email Marketing,11,0,2011.88,0
CUST_07996,Premium,Google Search,18,0,1671.76,0
CUST_07997,Standard,Google Search,37,4,1598.36,0
CUST_07998,Basic,Facebook Ads,17,6,375.93,0
CUST_07999,Standard,Facebook Ads,16,0,2650.46,0
CUST_08000,Premium,Organic,44,6,1678.7,0
CUST_08001,Premium,Facebook Ads,13,3,3777.06,0
CUST_08002,Basic,Organic,17,3,2195.89,0
CUST_08003,Standard,Facebook Ads,43,2,393.29,0
CUST_08004,Premium,Email Marketing,10,6,1719.4,0
CUST_08005,Basic,Google Search,41,5,280.32,1
CUST_08006,Basic,Facebook Ads,3,7,62.36,0
CUST_08007,Standard,Google Search,37,5,3355.08,0
CUST_08008,Basic,Google Search,31,6,292.09,0
CUST_08009,Standard,Facebook Ads,11,1,1631.64,0
CUST_08010,Standard,Email Marketing,24,4,2229.55,0
CUST_08011,Basic,Organic,8,3,2430.25,0
CUST_08012,Premium,Google Search,23,2,952.36,0
CUST_08013,Standard,Organic,41,6,243.52,0
CUST_08014,Basic,Email Marketing,8,5,371.43,1
CUST_08015,Standard,Email Marketing,21,2,3331.19,0
CUST_08016,Standard,Email Marketing,31,6,2615.21,0
CUST_08017,Standard,Facebook Ads,46,4,3049.5,0
CUST_08018,Basic,Google Search,16,3,4488.73,0
CUST_08019,Premium,Organic,13,3,1842.04,0
CUST_08020,Basic,Organic,44,5,248.06,1
CUST_08021,Premium,Organic,19,2,4111.19,0
CUST_08022,Standard,Google Search,23,1,4253.56,0
CUST_08023,Basic,Google Search,3,5,67.47,1
CUST_08024,Standard,Google Search,11,3,3396.39,0
CUST_08025,Basic,Facebook Ads,29,6,139.55,1
CUST_08026,Standard,Organic,10,4,1731.23,0
CUST_08027,Standard,Facebook Ads,17,1,2859.84,0
CUST_08028,Standard,Organic,7,4,1591.4,0
CUST_08029,Premium,Facebook Ads,24,1,3825.92,0
CUST_08030,Premium,Google Search,42,4,2276.2,0
CUST_08031,Basic,Email Marketing,9,6,96.61,1
CUST_08032,Basic,Google Search,47,5,240.89,1
CUST_08033,Standard,Facebook Ads,41,6,NaN,0
CUST_08034,Premium,Organic,17,4,2506.17,0
CUST_08035,Premium,Email Marketing,36,UNKNOWN,4395.3,0
CUST_08036,Standard,Facebook Ads,30,7,3789.26,0
CUST_08037,Basic,Facebook Ads,31,3,470.91,0
CUST_08038,Premium,Email Marketing,30,5,2360.27,0
CUST_08039,Basic,Google Search,41,1,2939.73,0
CUST_08040,Standard,Facebook Ads,10,UNKNOWN,3832.21,0
CUST_08041,Basic,Google Search,30,6,140.54,1
CUST_08042,Premium,Facebook Ads,47,7,4004.42,0
CUST_08043,Basic,Facebook Ads,16,4,185.48,0
CUST_08044,Basic,Email Marketing,29,6,313.65,1
CUST_08045,Basic,Email Marketing,43,4,2765.98,0
CUST_08046,Standard,Organic,1,7,1963.11,0
CUST_08047,Premium,Facebook Ads,12,1,1184.66,0
CUST_08048,Premium,Organic,29,2,3923.66,0
CUST_08049,Standard,Organic,32,1,1550.72,0
CUST_08050,Basic,Facebook Ads,24,0,2888.79,0
CUST_08051,Standard,Organic,24,5,2365.25,1
CUST_08052,Premium,Email Marketing,43,4,2695.44,0
CUST_08053,Premium,Google Search,3,0,3970.92,0
CUST_08054,Standard,Organic,35,2,645.43,1
CUST_08055,Standard,Email Marketing,25,5,3340.3,0
CUST_08056,Premium,Organic,22,4,1826.48,1
CUST_08057,Basic,Organic,15,4,1024.88,0
CUST_08058,Standard,Organic,23,4,828.85,0
CUST_08059,Premium,Email Marketing,28,2,995.82,0
CUST_08060,Premium,Organic,11,1,995.18,1
CUST_08061,Standard,Email Marketing,38,6,2452.71,0
CUST_08062,Premium,Organic,25,1,1641.17,0
CUST_08063,Premium,Google Search,30,2,1608.96,0
CUST_08064,Basic,Facebook Ads,9,2,3036.54,0
CUST_08065,Basic,Organic,2,3,3302.52,0
CUST_08066,Standard,Organic,18,3,4095.28,0
CUST_08067,Standard,Email Marketing,22,5,3332.9,0
CUST_08068,Basic,Organic,26,7,184.83,1
CUST_08069,Premium,Email Marketing,26,4,2714.96,0
CUST_08070,Basic,Google Search,31,4,1437.28,0
CUST_08071,Premium,Email Marketing,15,3,4280.67,0
CUST_08072,Standard,Email Marketing,18,4,2573.18,0
CUST_08073,Premium,Organic,25,0,4082.24,0
CUST_08074,Standard,Organic,29,6,2867.55,0
CUST_08075,Basic,Organic,44,3,155.0,0
CUST_08076,Standard,Google Search,20,1,3594.02,0
CUST_08077,Basic,Email Marketing,22,7,130.6,1
CUST_08078,Basic,Facebook Ads,18,5,176.19,1
CUST_08079,Premium,Organic,27,2,2156.61,0
CUST_08080,Basic,Google Search,17,4,4110.15,0
CUST_08081,Basic,Google Search,40,0,790.81,0
CUST_08082,Standard,Google Search,22,7,2851.71,0
CUST_08083,Basic,Facebook Ads,31,2,1509.36,0
CUST_08084,Basic,Facebook Ads,29,7,120.44,0
CUST_08085,Premium,Organic,19,2,4026.87,0
CUST_08086,Standard,Facebook Ads,17,6,3854.36,0
CUST_08087,Premium,Email Marketing,43,4,2509.86,0
CUST_08088,Premium,Email Marketing,44,7,1036.56,0
CUST_08089,Basic,Google Search,22,7,235.65,1
CUST_08090,Basic,Facebook Ads,25,1,905.75,0
CUST_08091,Standard,Organic,45,7,2393.38,0
CUST_08092,Basic,Organic,13,3,602.73,0
CUST_08093,Premium,Organic,46,0,1197.25,0
CUST_08094,Standard,Organic,16,4,1217.02,0
CUST_08095,Basic,Google Search,23,3,NaN,0
CUST_08096,Standard,Facebook Ads,46,0,817.88,0
CUST_08097,Basic,Email Marketing,14,1,3309.79,0
CUST_08098,Standard,Email Marketing,1,6,NaN,0
CUST_08099,Standard,Email Marketing,33,3,710.66,0
CUST_08100,Standard,Email Marketing,17,1,2375.22,0
CUST_08101,Basic,Email Marketing,40,2,234.22,1
CUST_08102,Premium,Facebook Ads,15,6,NaN,0
CUST_08103,Premium,Email Marketing,44,4,3456.63,0
CUST_08104,Premium,Facebook Ads,34,7,3561.37,0
CUST_08105,Standard,Google Search,30,0,3309.89,0
CUST_08106,Basic,Organic,41,6,220.75,1
CUST_08107,Premium,Organic,35,4,3902.87,0
CUST_08108,Premium,Organic,23,1,4440.0,0
CUST_08109,Basic,Email Marketing,39,6,335.55,1
CUST_08110,Standard,Organic,38,3,3616.78,0
CUST_08111,Basic,Facebook Ads,36,1,1015.85,0
CUST_08112,Basic,Facebook Ads,36,5,78.97,1
CUST_08113,Standard,Google Search,8,2,2263.57,0
CUST_08114,Basic,Google Search,28,3,2675.4,0
CUST_08115,Standard,Google Search,4,6,233.98,0
CUST_08116,Standard,Email Marketing,2,5,4344.26,0
CUST_08117,Basic,Organic,25,1,3978.02,0
CUST_08118,Basic,Organic,7,4,1312.3,0
CUST_08119,Premium,Email Marketing,10,3,3223.65,0
CUST_08120,Premium,Organic,12,0,520.73,0
CUST_08121,Premium,Organic,25,7,4084.25,0
CUST_08122,Basic,Email Marketing,2,6,322.11,1
CUST_08123,Basic,Facebook Ads,24,4,3912.9,0
CUST_08124,Basic,Facebook Ads,8,3,NaN,0
CUST_08125,Standard,Facebook Ads,3,4,322.81,0
CUST_08126,Premium,Organic,44,2,229.88,0
CUST_08127,Premium,Email Marketing,6,1,2956.44,0
CUST_08128,Standard,Email Marketing,18,1,1437.71,0
CUST_08129,Standard,Email Marketing,21,4,783.9,0
CUST_08130,Premium,Google Search,28,6,2703.43,0
CUST_08131,Premium,Organic,14,5,4266.45,1
CUST_08132,Standard,Organic,18,6,2682.84,1
CUST_08133,Standard,Google Search,44,1,1832.95,0
CUST_08134,Standard,Organic,13,1,4166.6,0
CUST_08135,Premium,Google Search,11,7,2997.89,1
CUST_08136,Premium,Organic,44,7,2983.08,0
CUST_08137,Premium,Facebook Ads,41,3,1384.79,0
CUST_08138,Standard,Organic,27,0,3819.81,0
CUST_08139,Premium,Organic,13,4,2182.97,0
CUST_08140,Standard,Facebook Ads,14,1,4441.59,1
CUST_08141,Standard,Organic,22,0,2150.57,0
CUST_08142,Basic,Facebook Ads,7,1,943.92,0
CUST_08143,Basic,Facebook Ads,22,7,119.61,1
CUST_08144,Standard,Organic,47,6,1498.69,0
CUST_08145,Premium,Organic,10,2,4169.59,0
CUST_08146,Standard,Facebook Ads,23,7,4395.94,0
CUST_08147,Premium,Organic,32,2,3636.57,0
CUST_08148,Basic,Facebook Ads,12,4,4377.27,0
CUST_08149,Standard,Facebook Ads,3,3,2166.18,0
CUST_08150,Standard,Facebook Ads,48,6,986.21,0
CUST_08151,Premium,Organic,4,4,1865.01,0
CUST_08152,Standard,Organic,16,4,429.14,0
CUST_08153,Premium,Organic,48,0,2556.66,1
CUST_08154,Premium,Email Marketing,46,2,2203.3,0
CUST_08155,Basic,Google Search,20,1,1076.06,0
CUST_08156,Standard,Facebook Ads,26,7,1979.43,0
CUST_08157,Premium,Email Marketing,20,7,1168.62,0
CUST_08158,Premium,Facebook Ads,33,5,841.36,0
CUST_08159,Premium,Organic,41,2,657.07,0
CUST_08160,Basic,Organic,25,1,3066.81,0
CUST_08161,Premium,Google Search,1,2,NaN,0
CUST_08162,Premium,Google Search,14,7,2084.53,0
CUST_08163,Premium,Organic,2,3,827.64,0
CUST_08164,Premium,Email Marketing,15,2,2022.73,0
CUST_08165,Standard,Email Marketing,21,2,335.57,0
CUST_08166,Premium,Organic,21,2,745.28,0
CUST_08167,Basic,Email Marketing,25,6,277.18,1
CUST_08168,Standard,Email Marketing,9,5,2222.59,0
CUST_08169,Standard,Email Marketing,18,5,3170.89,0
CUST_08170,Standard,Facebook Ads,26,4,1879.48,0
CUST_08171,Basic,Email Marketing,34,2,3557.55,0
CUST_08172,Premium,Google Search,46,4,1357.14,0
CUST_08173,Premium,Facebook Ads,3,2,4013.47,0
CUST_08174,Premium,Google Search,18,0,761.01,0
CUST_08175,Basic,Facebook Ads,33,5,135.58,1
CUST_08176,Premium,Email Marketing,26,3,2524.44,0
CUST_08177,Standard,Organic,48,3,1864.78,0
CUST_08178,Basic,Email Marketing,16,7,208.56,1
CUST_08179,Premium,Organic,22,7,1160.38,0
CUST_08180,Standard,Email Marketing,23,0,2851.26,0
CUST_08181,Premium,Organic,33,1,4228.04,0
CUST_08182,Premium,Organic,29,6,1004.42,0
CUST_08183,Basic,Google Search,32,4,792.44,0
CUST_08184,Basic,Organic,2,7,282.63,0
CUST_08185,Basic,Facebook Ads,42,3,952.95,0
CUST_08186,Premium,Facebook Ads,1,5,3105.42,0
CUST_08187,Standard,Email Marketing,48,1,2234.78,0
CUST_08188,Premium,Google Search,23,4,3308.28,0
CUST_08189,Premium,Google Search,46,6,791.58,0
CUST_08190,Basic,Email Marketing,45,6,254.4,1
CUST_08191,Standard,Organic,47,4,350.21,1
CUST_08192,Standard,Facebook Ads,32,2,2427.07,0
CUST_08193,Premium,Google Search,7,6,2645.67,0
CUST_08194,Standard,Google Search,30,6,2963.98,0
CUST_08195,Premium,Facebook Ads,18,5,768.38,0
CUST_08196,Standard,Facebook Ads,29,2,2428.28,0
CUST_08197,Standard,Facebook Ads,39,0,1552.95,0
CUST_08198,Standard,Email Marketing,18,0,927.87,0
CUST_08199,Basic,Facebook Ads,42,1,1422.57,1
CUST_08200,Standard,Facebook Ads,41,7,2592.61,0
CUST_08201,Standard,Organic,13,4,4342.04,0
CUST_08202,Basic,Facebook Ads,13,4,1087.66,0
CUST_08203,Standard,Google Search,44,2,3113.3,0
CUST_08204,Standard,Email Marketing,4,6,3352.57,0
CUST_08205,Premium,Organic,13,1,2821.44,0
CUST_08206,Standard,Google Search,11,1,1045.74,0
CUST_08207,Standard,Facebook Ads,19,0,3713.95,0
CUST_08208,Standard,Facebook Ads,18,0,1691.51,0
CUST_08209,Standard,Organic,33,5,3036.86,0
CUST_08210,Premium,Email Marketing,4,7,2308.9,0
CUST_08211,Premium,Facebook Ads,15,7,1787.29,0
CUST_08212,Basic,Facebook Ads,6,4,2363.67,0
CUST_08213,Basic,Facebook Ads,24,5,161.77,1
CUST_08214,Standard,Email Marketing,35,5,4299.91,0
CUST_08215,Basic,Email Marketing,36,1,4420.46,0
CUST_08216,Premium,Facebook Ads,15,5,4049.01,0
CUST_08217,Standard,Organic,26,5,1406.98,0
CUST_08218,Basic,Organic,43,7,51.05,1
CUST_08219,Basic,Organic,28,0,2412.13,0
CUST_08220,Standard,Organic,31,7,4251.15,0
CUST_08221,Standard,Email Marketing,18,5,4320.5,0
CUST_08222,Premium,Email Marketing,42,5,195.46,0
CUST_08223,Basic,Google Search,16,4,4453.16,0
CUST_08224,Standard,Google Search,34,4,2534.63,0
CUST_08225,Basic,Organic,33,4,2781.46,0
CUST_08226,Standard,Google Search,48,5,2670.25,0
CUST_08227,Premium,Email Marketing,28,0,1185.08,0
CUST_08228,Basic,Facebook Ads,40,1,3866.57,0
CUST_08229,Standard,Email Marketing,19,0,1516.44,0
CUST_08230,Standard,Email Marketing,41,6,3275.39,0
CUST_08231,Basic,Organic,24,1,4265.69,0
CUST_08232,Premium,Google Search,20,0,841.62,0
CUST_08233,Basic,Google Search,1,6,283.44,1
CUST_08234,Basic,Email Marketing,37,3,3816.74,0
CUST_08235,Standard,Facebook Ads,26,5,718.59,0
CUST_08236,Premium,Facebook Ads,14,2,1688.62,0
CUST_08237,Standard,Google Search,30,0,3090.54,0
CUST_08238,Standard,Organic,24,3,1863.27,1
CUST_08239,Premium,Email Marketing,17,6,2655.6,0
CUST_08240,Premium,Organic,25,3,1210.03,0
CUST_08241,Standard,Email Marketing,34,3,2232.01,0
CUST_08242,Standard,Organic,34,6,4078.53,0
CUST_08243,Basic,Google Search,5,6,194.11,1
CUST_08244,Standard,Organic,22,1,4154.24,0
CUST_08245,Basic,Google Search,47,7,377.86,1
CUST_08246,Basic,Google Search,25,5,NaN,1
CUST_08247,Standard,Google Search,5,5,975.67,0
CUST_08248,Basic,Facebook Ads,5,2,2738.51,0
CUST_08249,Basic,Google Search,20,4,1489.57,0
CUST_08250,Basic,Email Marketing,26,3,3545.6,0
CUST_08251,Basic,Google Search,29,6,68.47,0
CUST_08252,Standard,Google Search,1,2,4003.34,0
CUST_08253,Premium,Organic,41,5,1693.83,0
CUST_08254,Standard,Google Search,5,0,685.15,0
CUST_08255,Basic,Facebook Ads,22,7,270.79,1
CUST_08256,Basic,Facebook Ads,28,5,374.53,0
CUST_08257,Premium,Email Marketing,9,5,749.56,0
CUST_08258,Basic,Facebook Ads,41,6,80.0,1
CUST_08259,Premium,Google Search,30,4,3755.19,0
CUST_08260,Basic,Google Search,26,7,346.53,1
CUST_08261,Premium,Email Marketing,9,3,3818.87,0
CUST_08262,Standard,Email Marketing,45,2,2689.2,0
CUST_08263,Standard,Organic,39,4,831.45,0
CUST_08264,Standard,Email Marketing,26,6,3841.73,0
CUST_08265,Premium,Email Marketing,35,7,2008.23,0
CUST_08266,Standard,Organic,19,7,1671.89,0
CUST_08267,Standard,Facebook Ads,46,2,3080.72,0
CUST_08268,Standard,Organic,9,6,1118.72,0
CUST_08269,Premium,Organic,28,4,3462.66,0
CUST_08270,Basic,Google Search,16,3,305.59,0
CUST_08271,Standard,Email Marketing,25,4,1213.32,0
CUST_08272,Premium,Google Search,45,4,3413.86,0
CUST_08273,Standard,Facebook Ads,46,5,259.93,0
CUST_08274,Standard,Facebook Ads,25,2,2799.65,0
CUST_08275,Premium,Email Marketing,28,4,2328.13,0
CUST_08276,Premium,Email Marketing,21,3,677.59,1
CUST_08277,Standard,Organic,36,3,1917.92,0
CUST_08278,Basic,Google Search,37,5,343.26,1
CUST_08279,Standard,Organic,21,6,1653.83,0
CUST_08280,Standard,Facebook Ads,31,1,3417.45,0
CUST_08281,Standard,Google Search,45,4,716.73,0
CUST_08282,Basic,Organic,28,4,3066.69,0
CUST_08283,Premium,Organic,9,1,762.62,0
CUST_08284,Standard,Facebook Ads,6,4,NaN,0
CUST_08285,Premium,Facebook Ads,15,5,4446.03,1
CUST_08286,Premium,Organic,19,7,4355.97,0
CUST_08287,Basic,Email Marketing,40,2,1401.32,1
CUST_08288,Standard,Facebook Ads,47,0,1649.7,1
CUST_08289,Premium,Email Marketing,43,2,2269.97,0
CUST_08290,Premium,Facebook Ads,30,7,2225.87,1
CUST_08291,Basic,Organic,2,6,325.43,0
CUST_08292,Premium,Organic,48,4,798.9,0
CUST_08293,Premium,Email Marketing,29,7,2512.81,0
CUST_08294,Premium,Organic,1,5,1795.46,0
CUST_08295,Standard,Organic,45,4,4031.02,0
CUST_08296,Standard,Organic,9,2,490.43,0
CUST_08297,Standard,Facebook Ads,5,6,1877.44,0
CUST_08298,Basic,Organic,24,2,3755.83,0
CUST_08299,Premium,Facebook Ads,17,0,4010.73,1
CUST_08300,Premium,Organic,4,2,4279.67,0
CUST_08301,Premium,Facebook Ads,22,7,3906.67,0
CUST_08302,Premium,Email Marketing,32,4,3085.08,1
CUST_08303,Premium,Organic,25,5,3283.91,0
CUST_08304,Basic,Organic,20,7,284.58,1
CUST_08305,Basic,Email Marketing,41,2,489.87,0
CUST_08306,Standard,Google Search,11,7,4401.31,0
CUST_08307,Premium,Facebook Ads,22,6,622.01,0
CUST_08308,Premium,Email Marketing,16,6,2046.09,0
CUST_08309,Basic,Organic,4,7,197.88,1
CUST_08310,Standard,Facebook Ads,36,5,1075.56,0
CUST_08311,Premium,Google Search,43,3,3873.3,0
CUST_08312,Basic,Google Search,33,1,4081.08,0
CUST_08313,Basic,Facebook Ads,22,2,2370.18,0
CUST_08314,Basic,Email Marketing,9,2,4323.89,0
CUST_08315,Basic,Facebook Ads,44,3,677.24,0
CUST_08316,Basic,Email Marketing,32,7,355.77,1
CUST_08317,Premium,Email Marketing,42,2,2137.5,0
CUST_08318,Premium,Email Marketing,4,0,270.08,0
CUST_08319,Basic,Google Search,6,7,376.55,1
CUST_08320,Basic,Facebook Ads,18,4,2550.98,0
CUST_08321,Basic,Facebook Ads,1,1,1666.94,0
CUST_08322,Premium,Facebook Ads,5,0,1582.69,0
CUST_08323,Standard,Facebook Ads,13,4,1606.46,0
CUST_08324,Premium,Google Search,19,4,2969.26,0
CUST_08325,Premium,Organic,41,0,1697.81,0
CUST_08326,Premium,Email Marketing,43,4,3872.77,0
CUST_08327,Premium,Facebook Ads,22,1,973.53,0
CUST_08328,Standard,Facebook Ads,47,6,3176.13,0
CUST_08329,Standard,Email Marketing,1,4,3077.95,0
CUST_08330,Premium,Organic,15,2,963.42,0
CUST_08331,Standard,Organic,11,1,3649.19,0
CUST_08332,Standard,Organic,23,3,4239.94,0
CUST_08333,Standard,Email Marketing,7,4,3243.07,0
CUST_08334,Standard,Organic,33,6,863.4,0
CUST_08335,Standard,Google Search,27,6,2877.38,0
CUST_08336,Standard,Organic,10,3,158.11,0
CUST_08337,Premium,Email Marketing,43,0,3082.11,1
CUST_08338,Basic,Google Search,29,5,149.62,1
CUST_08339,Standard,Google Search,43,5,3094.9,0
CUST_08340,Basic,Organic,1,0,2459.37,0
CUST_08341,Basic,Organic,28,0,NaN,0
CUST_08342,Premium,Google Search,2,4,4236.85,0
CUST_08343,Standard,Organic,24,4,648.69,0
CUST_08344,Standard,Google Search,7,7,217.17,0
CUST_08345,Basic,Google Search,34,3,1021.01,0
CUST_08346,Standard,Facebook Ads,35,5,2681.96,0
CUST_08347,Standard,Facebook Ads,2,5,606.23,0
CUST_08348,Premium,Facebook Ads,32,6,2496.88,0
CUST_08349,Premium,Facebook Ads,44,3,3377.9,0
CUST_08350,Standard,Organic,38,1,3633.66,0
CUST_08351,Basic,Google Search,26,2,3563.86,0
CUST_08352,Standard,Organic,21,0,760.98,0
CUST_08353,Basic,Email Marketing,42,3,2729.0,0
CUST_08354,Standard,Facebook Ads,26,2,2285.93,1
CUST_08355,Basic,Email Marketing,42,7,229.43,1
CUST_08356,Basic,Organic,39,7,243.74,1
CUST_08357,Premium,Email Marketing,6,2,817.76,0
CUST_08358,Premium,Google Search,2,5,1440.98,0
CUST_08359,Standard,Google Search,33,1,NaN,0
CUST_08360,Premium,Facebook Ads,41,5,2126.34,0
CUST_08361,Premium,Google Search,22,0,2366.5,0
CUST_08362,Premium,Email Marketing,7,3,4113.49,0
CUST_08363,Standard,Organic,38,3,2223.6,0
CUST_08364,Standard,Facebook Ads,3,3,NaN,0
CUST_08365,Premium,Google Search,15,1,2837.28,0
CUST_08366,Standard,Email Marketing,24,3,2506.79,0
CUST_08367,Basic,Organic,33,6,57.83,1
CUST_08368,Basic,Facebook Ads,27,7,158.84,1
CUST_08369,Premium,Facebook Ads,12,0,1703.38,0
CUST_08370,Basic,Organic,7,3,3795.36,0
CUST_08371,Standard,Google Search,37,3,2108.78,0
CUST_08372,Premium,Organic,14,0,2563.07,0
CUST_08373,Standard,Organic,4,0,4131.14,0
CUST_08374,Basic,Email Marketing,33,7,68.1,1
CUST_08375,Standard,Email Marketing,28,7,751.72,0
CUST_08376,Standard,Google Search,7,0,2947.92,0
CUST_08377,Premium,Facebook Ads,32,UNKNOWN,4106.92,0
CUST_08378,Standard,Google Search,9,5,4191.22,1
CUST_08379,Premium,Facebook Ads,34,0,4125.2,0
CUST_08380,Standard,Facebook Ads,34,3,3141.81,0
CUST_08381,Premium,Google Search,44,5,497.38,0
CUST_08382,Premium,Facebook Ads,15,2,3482.57,0
CUST_08383,Basic,Facebook Ads,43,5,249.16,1
CUST_08384,Basic,Google Search,40,6,215.36,0
CUST_08385,Premium,Facebook Ads,18,1,1640.45,0
CUST_08386,Basic,Facebook Ads,45,3,3327.04,0
CUST_08387,Premium,Facebook Ads,14,1,4349.23,0
CUST_08388,Standard,Email Marketing,36,0,1689.83,0
CUST_08389,Premium,Organic,47,7,4372.95,0
CUST_08390,Basic,Organic,29,4,2138.91,1
CUST_08391,Standard,Google Search,7,1,2914.78,0
CUST_08392,Premium,Facebook Ads,8,6,2031.11,0
CUST_08393,Basic,Email Marketing,38,3,1476.84,0
CUST_08394,Premium,Google Search,40,7,2161.81,0
CUST_08395,Standard,Facebook Ads,8,2,189.53,0
CUST_08396,Premium,Email Marketing,18,5,417.37,0
CUST_08397,Standard,Email Marketing,17,0,1977.99,0
CUST_08398,Premium,Google Search,29,5,656.2,0
CUST_08399,Premium,Facebook Ads,44,5,3395.29,0
CUST_08400,Basic,Google Search,20,3,894.17,0
CUST_08401,Standard,Facebook Ads,17,3,3908.98,0
CUST_08402,Basic,Organic,25,7,183.36,1
CUST_08403,Basic,Email Marketing,23,1,2945.21,0
CUST_08404,Premium,Facebook Ads,11,7,1460.08,0
CUST_08405,Premium,Google Search,18,7,3444.87,0
CUST_08406,Premium,Facebook Ads,37,4,1715.68,0
CUST_08407,Basic,Facebook Ads,11,0,2138.85,0
CUST_08408,Premium,Facebook Ads,13,0,1810.98,1
CUST_08409,Premium,Facebook Ads,34,6,2316.26,0
CUST_08410,Basic,Facebook Ads,29,7,241.65,1
CUST_08411,Standard,Email Marketing,3,7,873.97,1
CUST_08412,Basic,Organic,26,2,1040.35,0
CUST_08413,Basic,Facebook Ads,30,0,NaN,0
CUST_08414,Basic,Organic,47,3,1442.74,0
CUST_08415,Standard,Organic,10,2,1723.1,0
CUST_08416,Basic,Facebook Ads,17,2,4253.5,0
CUST_08417,Premium,Facebook Ads,23,2,4328.24,0
CUST_08418,Premium,Google Search,6,6,2920.15,0
CUST_08419,Standard,Google Search,43,0,792.61,0
CUST_08420,Basic,Email Marketing,9,1,211.27,0
CUST_08421,Premium,Google Search,29,0,1889.78,0
CUST_08422,Basic,Google Search,29,6,141.68,1
CUST_08423,Standard,Organic,27,7,3399.65,0
CUST_08424,Standard,Email Marketing,32,2,2301.63,0
CUST_08425,Premium,Email Marketing,37,5,1848.5,0
CUST_08426,Premium,Google Search,46,6,3636.31,0
CUST_08427,Standard,Facebook Ads,46,6,2000.67,0
CUST_08428,Premium,Organic,25,5,1293.78,0
CUST_08429,Basic,Email Marketing,37,2,919.69,0
CUST_08430,Standard,Facebook Ads,45,4,2155.84,0
CUST_08431,Basic,Email Marketing,26,2,359.31,0
CUST_08432,Premium,Organic,43,5,3026.65,0
CUST_08433,Premium,Facebook Ads,8,UNKNOWN,3355.84,0
CUST_08434,Standard,Google Search,23,6,4253.1,0
CUST_08435,Premium,Facebook Ads,35,0,2551.78,0
CUST_08436,Premium,Email Marketing,40,4,3217.72,0
CUST_08437,Standard,Email Marketing,15,6,848.89,0
CUST_08438,Premium,Organic,46,6,1582.33,0
CUST_08439,Basic,Organic,5,5,369.98,0
CUST_08440,Standard,Google Search,30,2,2659.92,0
CUST_08441,Premium,Facebook Ads,16,4,1643.66,0
CUST_08442,Basic,Email Marketing,48,5,80.65,1
CUST_08443,Premium,Email Marketing,1,3,579.99,0
CUST_08444,Basic,Google Search,34,6,217.83,1
CUST_08445,Premium,Organic,27,7,3676.57,0
CUST_08446,Premium,Organic,45,4,255.77,0
CUST_08447,Basic,Email Marketing,24,3,3267.09,1
CUST_08448,Basic,Facebook Ads,1,4,2598.85,0
CUST_08449,Standard,Organic,9,1,166.94,0
CUST_08450,Standard,Facebook Ads,41,6,4026.15,0
CUST_08451,Premium,Organic,40,0,477.19,0
CUST_08452,Premium,Email Marketing,42,3,3550.86,0
CUST_08453,Premium,Email Marketing,24,3,868.57,1
CUST_08454,Basic,Organic,48,7,206.15,1
CUST_08455,Standard,Google Search,48,7,325.99,0
CUST_08456,Basic,Facebook Ads,44,5,240.59,1
CUST_08457,Standard,Email Marketing,37,1,3088.94,0
CUST_08458,Premium,Email Marketing,16,3,3612.62,0
CUST_08459,Basic,Organic,42,3,1816.33,0
CUST_08460,Premium,Facebook Ads,16,6,3701.76,0
CUST_08461,Premium,Google Search,30,5,1526.93,0
CUST_08462,Basic,Google Search,36,4,3128.03,0
CUST_08463,Premium,Google Search,25,6,2205.2,0
CUST_08464,Basic,Organic,4,1,4312.63,0
CUST_08465,Standard,Facebook Ads,27,3,465.26,0
CUST_08466,Basic,Email Marketing,4,0,2507.11,0
CUST_08467,Standard,Organic,25,2,3375.2,0
CUST_08468,Standard,Email Marketing,13,0,310.47,0
CUST_08469,Premium,Email Marketing,44,5,1021.98,0
CUST_08470,Basic,Organic,43,7,361.87,1
CUST_08471,Basic,Email Marketing,44,4,4008.14,1
CUST_08472,Premium,Organic,7,1,1557.27,0
CUST_08473,Basic,Google Search,16,1,1485.39,1
CUST_08474,Standard,Facebook Ads,4,1,2458.35,0
CUST_08475,Standard,Facebook Ads,8,6,4004.18,0
CUST_08476,Premium,Google Search,34,4,1853.09,0
CUST_08477,Premium,Organic,18,6,3762.58,0
CUST_08478,Basic,Facebook Ads,3,6,199.02,1
CUST_08479,Basic,Email Marketing,40,4,2422.25,0
CUST_08480,Standard,Google Search,47,2,2505.15,0
CUST_08481,Premium,Email Marketing,37,1,437.66,0
CUST_08482,Basic,Organic,16,0,3393.64,0
CUST_08483,Basic,Google Search,8,3,2676.26,0
CUST_08484,Premium,Facebook Ads,8,1,2801.35,0
CUST_08485,Basic,Google Search,41,3,244.23,0
CUST_08486,Premium,Email Marketing,19,6,2745.6,0
CUST_08487,Premium,Email Marketing,42,2,3656.11,0
CUST_08488,Premium,Organic,31,1,3501.01,0
CUST_08489,Standard,Organic,37,2,818.32,0
CUST_08490,Basic,Organic,34,5,365.8,1
CUST_08491,Premium,Facebook Ads,16,2,3041.98,0
CUST_08492,Basic,Email Marketing,17,4,2348.26,0
CUST_08493,Premium,Email Marketing,20,5,4354.47,0
CUST_08494,Premium,Facebook Ads,20,2,2693.78,0
CUST_08495,Standard,Google Search,26,7,981.4,0
CUST_08496,Basic,Facebook Ads,38,5,384.74,1
CUST_08497,Standard,Organic,23,4,1542.91,0
CUST_08498,Basic,Organic,31,5,245.01,1
CUST_08499,Premium,Facebook Ads,17,2,1612.42,0
CUST_08500,Standard,Facebook Ads,2,7,2711.93,0
CUST_08501,Basic,Google Search,3,2,3419.8,0
CUST_08502,Standard,Organic,47,6,1031.2,0
CUST_08503,Basic,Organic,42,7,NaN,1
CUST_08504,Standard,Email Marketing,36,7,4369.43,1
CUST_08505,Standard,Google Search,20,6,3285.57,0
CUST_08506,Basic,Google Search,34,2,340.39,0
CUST_08507,Basic,Google Search,46,2,341.27,0
CUST_08508,Basic,Email Marketing,35,7,62.24,1
CUST_08509,Standard,Email Marketing,20,4,2068.9,0
CUST_08510,Standard,Organic,28,UNKNOWN,4411.34,0
CUST_08511,Premium,Google Search,38,1,2308.48,0
CUST_08512,Premium,Organic,15,5,2383.81,0
CUST_08513,Premium,Facebook Ads,21,2,412.64,0
CUST_08514,Standard,Google Search,43,1,1934.78,0
CUST_08515,Premium,Organic,10,3,4002.04,0
CUST_08516,Basic,Google Search,10,7,256.92,1
CUST_08517,Premium,Email Marketing,35,1,2577.67,0
CUST_08518,Premium,Organic,22,6,936.39,1
CUST_08519,Premium,Facebook Ads,4,1,4410.92,0
CUST_08520,Basic,Facebook Ads,18,4,3906.62,0
CUST_08521,Premium,Email Marketing,8,0,2310.45,0
CUST_08522,Basic,Organic,17,2,4463.44,0
CUST_08523,Standard,Facebook Ads,21,5,2094.28,0
CUST_08524,Basic,Organic,40,UNKNOWN,2415.54,0
CUST_08525,Standard,Organic,5,6,2969.6,0
CUST_08526,Premium,Facebook Ads,29,7,1228.29,0
CUST_08527,Basic,Google Search,15,3,1964.65,0
CUST_08528,Basic,Organic,36,0,2646.45,1
CUST_08529,Standard,Organic,1,0,2053.8,0
CUST_08530,Premium,Organic,27,4,4425.45,0
CUST_08531,Premium,Google Search,22,1,1584.62,0
CUST_08532,Premium,Email Marketing,23,2,4102.41,1
CUST_08533,Standard,Organic,5,3,2201.38,0
CUST_08534,Basic,Facebook Ads,23,2,4004.69,0
CUST_08535,Premium,Organic,15,2,2296.76,0
CUST_08536,Basic,Organic,42,7,348.94,1
CUST_08537,Standard,Google Search,34,0,3247.74,0
CUST_08538,Premium,Organic,28,6,3468.07,0
CUST_08539,Basic,Organic,27,7,220.42,1
CUST_08540,Standard,Facebook Ads,45,2,2566.8,0
CUST_08541,Basic,Facebook Ads,12,5,254.78,1
CUST_08542,Premium,Organic,47,2,2000.51,0
CUST_08543,Standard,Google Search,10,UNKNOWN,2789.36,0
CUST_08544,Standard,Organic,9,4,3732.21,0
CUST_08545,Basic,Email Marketing,1,7,371.68,1
CUST_08546,Standard,Facebook Ads,13,4,NaN,0
CUST_08547,Standard,Organic,4,5,1770.74,0
CUST_08548,Standard,Organic,29,0,1570.48,0
CUST_08549,Standard,Email Marketing,45,0,2234.22,0
CUST_08550,Standard,Facebook Ads,14,6,4149.25,0
CUST_08551,Standard,Google Search,31,4,3556.79,0
CUST_08552,Basic,Facebook Ads,20,7,399.59,0
CUST_08553,Basic,Email Marketing,24,UNKNOWN,3338.07,0
CUST_08554,Standard,Google Search,33,2,2611.88,1
CUST_08555,Premium,Google Search,34,0,3819.44,0
CUST_08556,Premium,Email Marketing,36,3,3341.85,0
CUST_08557,Standard,Organic,46,5,724.14,0
CUST_08558,Standard,Facebook Ads,45,1,3434.98,0
CUST_08559,Premium,Organic,45,4,1856.37,1
CUST_08560,Premium,Facebook Ads,22,3,493.89,0
CUST_08561,Basic,Email Marketing,27,7,368.69,1
CUST_08562,Premium,Facebook Ads,13,0,985.25,0
CUST_08563,Premium,Google Search,28,1,2153.29,0
CUST_08564,Basic,Organic,20,3,2951.97,0
CUST_08565,Standard,Google Search,13,4,3257.16,0
CUST_08566,Standard,Organic,4,3,1837.67,0
CUST_08567,Basic,Google Search,34,6,121.88,1
CUST_08568,Premium,Facebook Ads,13,4,3581.58,0
CUST_08569,Premium,Facebook Ads,41,2,735.19,0
CUST_08570,Premium,Organic,19,7,1953.86,0
CUST_08571,Premium,Email Marketing,7,2,4321.56,0
CUST_08572,Standard,Google Search,12,3,1255.06,0
CUST_08573,Premium,Organic,9,0,4244.63,0
CUST_08574,Basic,Facebook Ads,5,7,259.77,1
CUST_08575,Basic,Google Search,10,3,NaN,0
CUST_08576,Basic,Google Search,39,6,152.62,1
CUST_08577,Standard,Google Search,48,4,2002.56,0
CUST_08578,Premium,Organic,14,2,1482.64,0
CUST_08579,Basic,Google Search,30,0,4039.26,0
CUST_08580,Standard,Email Marketing,26,2,3745.37,0
CUST_08581,Standard,Email Marketing,24,5,1182.4,0
CUST_08582,Standard,Email Marketing,18,2,458.58,0
CUST_08583,Premium,Google Search,9,6,815.87,0
CUST_08584,Standard,Google Search,44,3,796.04,0
CUST_08585,Standard,Google Search,31,0,2993.38,1
CUST_08586,Basic,Facebook Ads,1,6,65.05,1
CUST_08587,Basic,Email Marketing,2,2,1562.96,0
CUST_08588,Basic,Facebook Ads,31,7,169.73,0
CUST_08589,Basic,Facebook Ads,32,7,158.14,1
CUST_08590,Basic,Google Search,7,4,3185.09,0
CUST_08591,Basic,Email Marketing,19,4,617.18,0
CUST_08592,Standard,Facebook Ads,39,1,3550.86,0
CUST_08593,Premium,Email Marketing,36,1,2676.86,0
CUST_08594,Basic,Organic,5,7,353.33,1
CUST_08595,Basic,Organic,13,0,2577.41,0
CUST_08596,Basic,Email Marketing,13,1,1806.87,0
CUST_08597,Standard,Organic,42,5,2319.71,0
CUST_08598,Basic,Organic,25,6,226.64,1
CUST_08599,Basic,Facebook Ads,17,3,2034.39,0
CUST_08600,Basic,Email Marketing,8,4,1107.37,0
CUST_08601,Premium,Facebook Ads,23,6,3372.45,0
CUST_08602,Basic,Google Search,15,1,1075.75,0
CUST_08603,Standard,Organic,42,7,3873.59,0
CUST_08604,Standard,Google Search,17,4,3441.99,0
CUST_08605,Standard,Organic,40,4,549.44,0
CUST_08606,Basic,Email Marketing,13,2,3394.45,0
CUST_08607,Standard,Facebook Ads,8,2,3952.0,0
CUST_08608,Premium,Facebook Ads,11,4,2709.44,0
CUST_08609,Standard,Organic,14,6,2083.67,0
CUST_08610,Standard,Google Search,44,6,2811.26,0
CUST_08611,Premium,Google Search,26,0,2201.19,0
CUST_08612,Premium,Google Search,14,2,3493.48,0
CUST_08613,Basic,Google Search,22,2,2833.92,1
CUST_08614,Premium,Organic,23,4,1245.17,0
CUST_08615,Standard,Email Marketing,42,0,485.89,0
CUST_08616,Basic,Organic,4,7,335.38,1
CUST_08617,Premium,Email Marketing,6,4,4426.52,0
CUST_08618,Premium,Organic,44,0,4251.69,0
CUST_08619,Standard,Facebook Ads,42,6,3865.8,0
CUST_08620,Premium,Email Marketing,46,5,564.45,0
CUST_08621,Basic,Organic,9,0,1783.36,0
CUST_08622,Standard,Organic,17,4,1875.64,0
CUST_08623,Basic,Facebook Ads,29,1,368.81,0
CUST_08624,Standard,Google Search,17,6,2186.34,0
CUST_08625,Premium,Google Search,25,7,175.82,1
CUST_08626,Standard,Organic,16,3,3536.9,0
CUST_08627,Basic,Facebook Ads,16,0,NaN,0
CUST_08628,Basic,Facebook Ads,8,5,68.88,1
CUST_08629,Standard,Email Marketing,26,7,4493.85,0
CUST_08630,Standard,Email Marketing,41,1,4325.26,0
CUST_08631,Standard,Email Marketing,20,5,947.98,0
CUST_08632,Basic,Google Search,5,6,171.59,1
CUST_08633,Basic,Google Search,31,3,2166.81,0
CUST_08634,Premium,Facebook Ads,1,4,2470.85,0
CUST_08635,Standard,Organic,29,0,4399.14,0
CUST_08636,Basic,Google Search,39,6,283.32,1
CUST_08637,Basic,Email Marketing,38,0,3370.24,0
CUST_08638,Standard,Google Search,11,2,2785.62,0
CUST_08639,Basic,Email Marketing,43,3,1660.57,0
CUST_08640,Basic,Organic,43,4,1371.71,0
CUST_08641,Standard,Organic,23,0,3379.17,1
CUST_08642,Premium,Google Search,29,4,1119.45,0
CUST_08643,Standard,Google Search,3,2,2093.23,0
CUST_08644,Basic,Facebook Ads,15,7,362.77,1
CUST_08645,Standard,Organic,45,6,530.04,0
CUST_08646,Premium,Organic,20,6,576.6,0
CUST_08647,Premium,Facebook Ads,3,6,1402.22,0
CUST_08648,Standard,Google Search,20,0,534.68,0
CUST_08649,Standard,Email Marketing,40,3,4212.66,0
CUST_08650,Standard,Facebook Ads,24,2,1790.93,1
CUST_08651,Standard,Organic,36,3,2573.42,0
CUST_08652,Basic,Organic,20,1,2033.35,1
CUST_08653,Basic,Organic,25,5,62.65,0
CUST_08654,Basic,Organic,40,0,692.3,0
CUST_08655,Premium,Email Marketing,35,UNKNOWN,4303.15,0
CUST_08656,Basic,Email Marketing,11,0,2684.07,0
CUST_08657,Basic,Organic,29,7,120.85,0
CUST_08658,Premium,Google Search,28,1,732.8,0
CUST_08659,Premium,Facebook Ads,15,5,3467.06,0
CUST_08660,Standard,Facebook Ads,24,0,3269.74,1
CUST_08661,Premium,Google Search,16,3,237.21,0
CUST_08662,Standard,Google Search,16,5,4012.14,0
CUST_08663,Premium,Organic,19,2,2681.11,0
CUST_08664,Premium,Google Search,4,1,677.22,0
CUST_08665,Basic,Facebook Ads,28,7,162.46,1
CUST_08666,Standard,Email Marketing,36,6,2829.62,0
CUST_08667,Basic,Organic,39,4,597.39,0
CUST_08668,Basic,Organic,33,5,234.67,1
CUST_08669,Standard,Google Search,24,7,152.95,0
CUST_08670,Premium,Google Search,12,6,2956.82,0
CUST_08671,Standard,Email Marketing,47,7,3870.43,0
CUST_08672,Premium,Email Marketing,13,3,1707.22,0
CUST_08673,Basic,Organic,29,2,480.03,0
CUST_08674,Standard,Organic,23,6,NaN,0
CUST_08675,Premium,Organic,44,UNKNOWN,1810.33,0
CUST_08676,Premium,Organic,15,6,2303.47,0
CUST_08677,Basic,Email Marketing,35,6,284.78,1
CUST_08678,Premium,Organic,19,0,677.28,0
CUST_08679,Standard,Facebook Ads,24,7,1099.71,0
CUST_08680,Premium,Facebook Ads,46,2,1058.9,0
CUST_08681,Premium,Email Marketing,17,5,3962.07,0
CUST_08682,Premium,Email Marketing,43,3,2782.9,0
CUST_08683,Premium,Organic,2,0,1934.99,0
CUST_08684,Standard,Organic,28,0,3791.64,0
CUST_08685,Basic,Email Marketing,20,5,194.69,1
CUST_08686,Standard,Google Search,7,2,2625.92,0
CUST_08687,Premium,Email Marketing,9,7,2871.12,0
CUST_08688,Standard,Email Marketing,11,7,577.14,0
CUST_08689,Standard,Email Marketing,17,4,1463.33,0
CUST_08690,Standard,Email Marketing,13,4,2224.29,0
CUST_08691,Basic,Organic,9,6,320.63,1
CUST_08692,Premium,Facebook Ads,23,6,512.35,0
CUST_08693,Basic,Organic,47,4,525.18,0
CUST_08694,Basic,Google Search,8,3,1543.09,1
CUST_08695,Premium,Organic,11,3,3776.86,0
CUST_08696,Basic,Email Marketing,10,2,3055.39,0
CUST_08697,Standard,Google Search,39,0,2336.49,0
CUST_08698,Basic,Google Search,26,1,1969.79,0
CUST_08699,Standard,Organic,21,5,2992.03,0
CUST_08700,Premium,Facebook Ads,16,2,2704.12,0
CUST_08701,Standard,Google Search,1,6,3864.88,1
CUST_08702,Basic,Facebook Ads,44,0,1283.37,0
CUST_08703,Basic,Facebook Ads,19,1,2600.89,1
CUST_08704,Standard,Email Marketing,25,2,3753.29,0
CUST_08705,Premium,Organic,2,7,2767.99,0
CUST_08706,Premium,Organic,24,1,2775.84,0
CUST_08707,Basic,Facebook Ads,19,3,1472.38,0
CUST_08708,Basic,Google Search,12,2,4392.93,0
CUST_08709,Basic,Organic,34,6,204.74,1
CUST_08710,Premium,Organic,44,0,1732.09,0
CUST_08711,Standard,Organic,10,6,1119.25,0
CUST_08712,Standard,Google Search,9,4,4268.46,0
CUST_08713,Premium,Organic,25,7,3830.06,0
CUST_08714,Basic,Facebook Ads,31,6,296.34,1
CUST_08715,Premium,Organic,25,1,499.1,0
CUST_08716,Standard,Organic,48,6,3807.52,0
CUST_08717,Standard,Google Search,21,3,4272.78,0
CUST_08718,Standard,Google Search,16,UNKNOWN,3710.11,0
CUST_08719,Premium,Facebook Ads,36,1,4203.04,0
CUST_08720,Basic,Organic,44,5,294.69,1
CUST_08721,Premium,Organic,25,6,3246.82,0
CUST_08722,Basic,Email Marketing,14,5,290.03,1
CUST_08723,Standard,Email Marketing,4,4,3580.72,0
CUST_08724,Standard,Organic,40,7,3194.42,0
CUST_08725,Standard,Email Marketing,11,1,1352.88,0
CUST_08726,Standard,Facebook Ads,28,1,363.71,0
CUST_08727,Standard,Google Search,4,5,3253.11,0
CUST_08728,Basic,Google Search,13,4,1879.64,0
CUST_08729,Basic,Facebook Ads,46,2,4157.44,0
CUST_08730,Basic,Organic,41,5,275.12,1
CUST_08731,Basic,Email Marketing,10,6,89.22,0
CUST_08732,Basic,Facebook Ads,3,4,3118.46,1
CUST_08733,Premium,Email Marketing,20,4,3992.98,0
CUST_08734,Basic,Organic,29,7,188.52,0
CUST_08735,Standard,Email Marketing,6,3,1304.29,0
CUST_08736,Standard,Google Search,5,3,1645.46,0
CUST_08737,Premium,Facebook Ads,25,2,2570.38,0
CUST_08738,Premium,Google Search,22,7,4202.66,0
CUST_08739,Basic,Google Search,2,3,1209.02,0
CUST_08740,Basic,Email Marketing,20,5,169.45,0
CUST_08741,Premium,Organic,5,4,3900.64,0
CUST_08742,Standard,Email Marketing,1,6,3095.64,0
CUST_08743,Basic,Google Search,38,7,250.68,0
CUST_08744,Premium,Facebook Ads,46,0,3070.33,0
CUST_08745,Basic,Email Marketing,27,2,2555.91,0
CUST_08746,Basic,Google Search,36,7,138.23,1
CUST_08747,Premium,Organic,22,0,1380.7,0
CUST_08748,Premium,Organic,1,1,1277.83,0
CUST_08749,Standard,Organic,20,6,3499.12,0
CUST_08750,Basic,Facebook Ads,20,1,2794.1,0
CUST_08751,Standard,Organic,46,1,3264.89,1
CUST_08752,Premium,Facebook Ads,43,5,315.31,0
CUST_08753,Basic,Email Marketing,45,0,710.94,0
CUST_08754,Basic,Facebook Ads,41,2,3454.66,0
CUST_08755,Basic,Email Marketing,29,3,1929.55,0
CUST_08756,Standard,Facebook Ads,36,2,4131.41,0
CUST_08757,Premium,Facebook Ads,7,7,NaN,0
CUST_08758,Standard,Google Search,4,3,1087.57,0
CUST_08759,Premium,Organic,3,1,1912.87,0
CUST_08760,Basic,Organic,19,6,348.27,0
CUST_08761,Basic,Google Search,37,5,303.9,0
CUST_08762,Premium,Organic,21,2,4032.68,0
CUST_08763,Standard,Organic,34,1,3338.34,0
CUST_08764,Basic,Organic,16,UNKNOWN,1432.02,0
CUST_08765,Standard,Facebook Ads,1,5,4254.19,0
CUST_08766,Standard,Organic,37,7,4071.18,0
CUST_08767,Premium,Google Search,5,0,999.67,0
CUST_08768,Standard,Facebook Ads,25,2,4319.94,0
CUST_08769,Basic,Organic,30,7,159.2,1
CUST_08770,Basic,Email Marketing,30,1,666.24,0
CUST_08771,Basic,Email Marketing,46,UNKNOWN,288.21,1
CUST_08772,Basic,Google Search,20,3,3354.31,0
CUST_08773,Premium,Google Search,24,5,3665.26,0
CUST_08774,Standard,Email Marketing,17,1,1262.1,0
CUST_08775,Basic,Facebook Ads,31,7,303.76,1
CUST_08776,Basic,Facebook Ads,11,5,89.74,0
CUST_08777,Standard,Facebook Ads,24,7,378.13,0
CUST_08778,Premium,Facebook Ads,2,1,4370.88,0
CUST_08779,Basic,Google Search,21,1,2229.88,0
CUST_08780,Premium,Google Search,17,3,712.51,0
CUST_08781,Premium,Google Search,5,1,1546.19,0
CUST_08782,Standard,Google Search,22,3,1645.56,0
CUST_08783,Basic,Facebook Ads,14,2,1320.09,0
CUST_08784,Premium,Facebook Ads,29,0,1688.69,0
CUST_08785,Premium,Email Marketing,14,7,4087.21,1
CUST_08786,Basic,Facebook Ads,48,1,4484.51,0
CUST_08787,Basic,Organic,44,5,132.37,0
CUST_08788,Premium,Email Marketing,3,1,1090.23,0
CUST_08789,Basic,Email Marketing,5,7,217.77,1
CUST_08790,Basic,Facebook Ads,11,4,1876.25,0
CUST_08791,Basic,Organic,42,0,3593.59,1
CUST_08792,Premium,Facebook Ads,46,1,925.28,0
CUST_08793,Premium,Organic,20,6,1424.13,0
CUST_08794,Standard,Email Marketing,31,7,548.64,0
CUST_08795,Premium,Email Marketing,18,2,2505.67,0
CUST_08796,Standard,Email Marketing,38,4,3652.6,0
CUST_08797,Basic,Google Search,1,2,834.44,0
CUST_08798,Basic,Facebook Ads,12,UNKNOWN,4083.51,0
CUST_08799,Standard,Google Search,7,7,1827.76,0
CUST_08800,Basic,Google Search,29,0,3796.16,0
CUST_08801,Basic,Email Marketing,48,5,386.89,1
CUST_08802,Standard,Facebook Ads,30,1,4426.27,0
CUST_08803,Standard,Facebook Ads,40,4,2206.96,0
CUST_08804,Premium,Email Marketing,48,3,3262.35,0
CUST_08805,Basic,Facebook Ads,43,7,302.37,1
CUST_08806,Premium,Organic,45,0,1017.78,0
CUST_08807,Basic,Organic,45,2,1062.11,1
CUST_08808,Standard,Google Search,5,7,2167.98,0
CUST_08809,Premium,Organic,37,5,3656.21,0
CUST_08810,Standard,Facebook Ads,2,7,3954.86,0
CUST_08811,Premium,Google Search,4,6,3143.83,0
CUST_08812,Standard,Email Marketing,31,6,360.55,0
CUST_08813,Premium,Facebook Ads,38,0,2678.16,0
CUST_08814,Standard,Email Marketing,8,4,3063.19,0
CUST_08815,Premium,Email Marketing,15,0,2348.15,1
CUST_08816,Standard,Email Marketing,22,5,3654.05,0
CUST_08817,Basic,Email Marketing,26,0,676.45,0
CUST_08818,Premium,Google Search,32,1,555.48,0
CUST_08819,Basic,Organic,10,7,183.93,0
CUST_08820,Standard,Email Marketing,27,0,693.0,0
CUST_08821,Standard,Google Search,33,4,3253.35,0
CUST_08822,Premium,Facebook Ads,30,0,NaN,0
CUST_08823,Premium,Google Search,43,5,422.03,0
CUST_08824,Premium,Organic,8,7,741.27,0
CUST_08825,Premium,Google Search,31,4,NaN,0
CUST_08826,Standard,Organic,9,5,3177.49,0
CUST_08827,Basic,Facebook Ads,44,6,232.44,1
CUST_08828,Basic,Email Marketing,10,2,2601.0,0
CUST_08829,Premium,Email Marketing,42,3,3703.76,0
CUST_08830,Standard,Facebook Ads,6,4,2913.24,0
CUST_08831,Standard,Organic,21,1,2575.37,0
CUST_08832,Basic,Email Marketing,19,2,189.18,0
CUST_08833,Standard,Facebook Ads,8,1,1147.3,0
CUST_08834,Standard,Google Search,40,6,1419.95,0
CUST_08835,Basic,Email Marketing,42,6,80.64,0
CUST_08836,Standard,Facebook Ads,43,5,773.09,0
CUST_08837,Basic,Organic,24,4,1378.01,0
CUST_08838,Premium,Facebook Ads,30,6,637.42,0
CUST_08839,Premium,Facebook Ads,6,5,3141.96,0
CUST_08840,Premium,Google Search,28,7,1209.35,0
CUST_08841,Premium,Facebook Ads,13,5,921.55,0
CUST_08842,Premium,Organic,3,0,976.28,1
CUST_08843,Basic,Organic,10,7,176.51,1
CUST_08844,Standard,Google Search,30,4,1427.02,0
CUST_08845,Standard,Organic,48,6,1201.11,0
CUST_08846,Standard,Email Marketing,18,7,4270.22,0
CUST_08847,Basic,Google Search,30,2,3929.87,0
CUST_08848,Standard,Google Search,31,4,1583.99,0
CUST_08849,Premium,Facebook Ads,36,1,231.06,0
CUST_08850,Basic,Google Search,1,3,864.55,0
CUST_08851,Standard,Organic,4,1,2093.69,0
CUST_08852,Premium,Google Search,34,0,2017.98,0
CUST_08853,Basic,Google Search,39,3,4363.45,0
CUST_08854,Standard,Email Marketing,40,5,2855.99,0
CUST_08855,Basic,Google Search,1,7,302.67,0
CUST_08856,Basic,Facebook Ads,4,6,189.05,1
CUST_08857,Standard,Organic,40,1,2295.4,0
CUST_08858,Basic,Email Marketing,18,6,339.12,1
CUST_08859,Premium,Google Search,18,3,4039.47,0
CUST_08860,Premium,Email Marketing,10,0,2747.02,0
CUST_08861,Basic,Email Marketing,16,6,286.22,1
CUST_08862,Basic,Organic,42,2,2147.23,0
CUST_08863,Premium,Google Search,11,3,2862.64,0
CUST_08864,Standard,Google Search,22,1,1886.47,0
CUST_08865,Basic,Organic,32,4,2816.25,0
CUST_08866,Basic,Email Marketing,29,4,2156.83,0
CUST_08867,Premium,Email Marketing,2,5,2087.41,0
CUST_08868,Standard,Email Marketing,27,0,4322.97,0
CUST_08869,Premium,Email Marketing,27,4,654.11,0
CUST_08870,Standard,Google Search,45,7,2289.35,0
CUST_08871,Standard,Email Marketing,9,5,2790.44,0
CUST_08872,Premium,Email Marketing,13,1,609.48,0
CUST_08873,Standard,Organic,29,3,2902.63,0
CUST_08874,Basic,Organic,38,3,824.15,0
CUST_08875,Standard,Organic,42,1,667.9,0
CUST_08876,Premium,Google Search,24,6,2730.7,0
CUST_08877,Basic,Google Search,9,4,3425.24,0
CUST_08878,Standard,Organic,16,1,1738.11,0
CUST_08879,Basic,Facebook Ads,36,2,2153.69,0
CUST_08880,Standard,Organic,47,3,1552.75,0
CUST_08881,Basic,Email Marketing,46,5,278.51,1
CUST_08882,Premium,Facebook Ads,39,1,3838.62,0
CUST_08883,Premium,Organic,37,0,1193.2,1
CUST_08884,Premium,Google Search,32,7,3719.66,0
CUST_08885,Premium,Organic,24,7,1141.98,0
CUST_08886,Basic,Facebook Ads,13,1,1057.55,0
CUST_08887,Standard,Email Marketing,25,5,3141.47,0
CUST_08888,Standard,Google Search,20,5,2296.86,0
CUST_08889,Premium,Email Marketing,4,7,1489.7,0
CUST_08890,Premium,Email Marketing,26,6,1990.14,0
CUST_08891,Premium,Google Search,8,5,3026.95,0
CUST_08892,Standard,Organic,24,2,4420.75,0
CUST_08893,Premium,Email Marketing,45,5,2499.13,0
CUST_08894,Standard,Facebook Ads,31,3,1586.34,0
CUST_08895,Basic,Facebook Ads,27,5,245.26,1
CUST_08896,Standard,Email Marketing,28,4,4387.36,0
CUST_08897,Basic,Facebook Ads,45,5,275.84,0
CUST_08898,Basic,Facebook Ads,33,0,3838.55,0
CUST_08899,Standard,Email Marketing,4,0,2968.34,0
CUST_08900,Standard,Facebook Ads,22,2,2547.69,0
CUST_08901,Premium,Facebook Ads,9,1,3966.87,0
CUST_08902,Basic,Google Search,39,5,153.06,1
CUST_08903,Standard,Email Marketing,8,5,1373.43,0
CUST_08904,Standard,Organic,38,0,1909.03,0
CUST_08905,Premium,Google Search,3,6,3214.2,0
CUST_08906,Basic,Facebook Ads,22,7,59.74,1
CUST_08907,Standard,Email Marketing,7,7,1783.67,0
CUST_08908,Premium,Google Search,34,4,778.85,0
CUST_08909,Standard,Google Search,44,2,2968.91,1
CUST_08910,Premium,Organic,40,5,955.36,0
CUST_08911,Premium,Google Search,35,1,3972.94,0
CUST_08912,Basic,Google Search,28,7,233.34,1
CUST_08913,Standard,Organic,8,7,3389.01,0
CUST_08914,Basic,Email Marketing,40,4,2090.18,0
CUST_08915,Premium,Email Marketing,3,UNKNOWN,2170.32,0
CUST_08916,Standard,Email Marketing,42,7,1215.64,0
CUST_08917,Standard,Email Marketing,15,2,4343.95,0
CUST_08918,Premium,Email Marketing,18,3,2064.56,0
CUST_08919,Premium,Google Search,25,1,4420.6,0
CUST_08920,Premium,Facebook Ads,7,7,558.34,0
CUST_08921,Standard,Organic,9,4,1918.24,0
CUST_08922,Basic,Organic,46,5,361.66,1
CUST_08923,Premium,Email Marketing,13,1,4347.68,0
CUST_08924,Basic,Google Search,11,1,1936.86,0
CUST_08925,Premium,Organic,3,6,1245.93,0
CUST_08926,Premium,Organic,12,3,1244.51,0
CUST_08927,Basic,Email Marketing,36,0,3646.63,0
CUST_08928,Standard,Facebook Ads,48,5,236.42,0
CUST_08929,Standard,Facebook Ads,15,6,2418.49,0
CUST_08930,Standard,Email Marketing,23,6,166.13,0
CUST_08931,Premium,Email Marketing,36,3,373.88,1
CUST_08932,Basic,Google Search,12,1,2778.87,0
CUST_08933,Basic,Facebook Ads,12,4,2969.83,0
CUST_08934,Basic,Facebook Ads,31,7,394.46,1
CUST_08935,Premium,Facebook Ads,8,2,3490.43,0
CUST_08936,Basic,Organic,24,5,66.3,1
CUST_08937,Basic,Facebook Ads,27,0,3339.36,0
CUST_08938,Standard,Email Marketing,33,7,4396.95,0
CUST_08939,Basic,Google Search,46,6,138.04,1
CUST_08940,Standard,Organic,46,2,2395.0,0
CUST_08941,Premium,Organic,46,7,515.95,0
CUST_08942,Premium,Email Marketing,43,5,2295.55,0
CUST_08943,Standard,Google Search,27,0,4151.69,0
CUST_08944,Basic,Organic,25,4,1974.04,0
CUST_08945,Premium,Organic,34,7,1545.26,0
CUST_08946,Basic,Organic,15,3,1239.16,0
CUST_08947,Premium,Organic,44,2,1518.2,0
CUST_08948,Standard,Organic,10,3,2548.78,0
CUST_08949,Basic,Organic,48,7,341.24,1
CUST_08950,Standard,Organic,11,1,3610.35,0
CUST_08951,Basic,Organic,42,1,2789.84,0
CUST_08952,Premium,Google Search,40,6,607.62,0
CUST_08953,Basic,Email Marketing,5,1,3521.59,0
CUST_08954,Premium,Organic,30,3,2618.2,0
CUST_08955,Standard,Google Search,42,1,1583.2,0
CUST_08956,Standard,Organic,9,6,414.39,0
CUST_08957,Standard,Facebook Ads,33,5,991.62,0
CUST_08958,Basic,Email Marketing,47,4,2354.41,0
CUST_08959,Premium,Organic,39,5,371.98,0
CUST_08960,Premium,Organic,47,1,4441.15,0
CUST_08961,Standard,Google Search,44,0,557.8,0
CUST_08962,Premium,Google Search,9,1,2430.56,0
CUST_08963,Basic,Facebook Ads,29,1,1008.31,0
CUST_08964,Standard,Email Marketing,21,6,3866.65,0
CUST_08965,Basic,Google Search,12,4,330.9,1
CUST_08966,Standard,Facebook Ads,29,5,3757.57,0
CUST_08967,Premium,Facebook Ads,15,6,3724.36,0
CUST_08968,Standard,Email Marketing,6,2,3644.06,0
CUST_08969,Standard,Organic,46,1,1605.43,0
CUST_08970,Basic,Facebook Ads,29,4,2234.94,0
CUST_08971,Basic,Google Search,17,3,2459.65,0
CUST_08972,Basic,Google Search,9,1,1571.91,0
CUST_08973,Standard,Organic,23,7,1551.33,0
CUST_08974,Premium,Facebook Ads,24,7,387.41,0
CUST_08975,Basic,Google Search,1,5,319.78,1
CUST_08976,Basic,Facebook Ads,12,4,2318.26,0
CUST_08977,Standard,Email Marketing,48,3,2875.75,0
CUST_08978,Premium,Organic,44,0,3555.4,1
CUST_08979,Premium,Google Search,46,0,2801.4,0
CUST_08980,Standard,Email Marketing,34,3,715.71,0
CUST_08981,Premium,Email Marketing,5,7,2292.49,0
CUST_08982,Standard,Organic,43,3,3252.55,0
CUST_08983,Standard,Google Search,21,6,4110.92,0
CUST_08984,Premium,Organic,39,5,2613.18,0
CUST_08985,Standard,Facebook Ads,13,6,498.31,0
CUST_08986,Basic,Organic,5,2,3961.35,0
CUST_08987,Basic,Email Marketing,2,7,393.04,1
CUST_08988,Standard,Facebook Ads,38,3,1611.69,0
CUST_08989,Basic,Facebook Ads,3,3,3417.2,0
CUST_08990,Standard,Facebook Ads,4,7,1751.76,0
CUST_08991,Basic,Organic,6,7,392.02,1
CUST_08992,Standard,Facebook Ads,37,7,914.71,1
CUST_08993,Standard,Google Search,20,4,2709.89,0
CUST_08994,Basic,Email Marketing,6,6,200.49,1
CUST_08995,Premium,Organic,5,4,1946.29,0
CUST_08996,Basic,Email Marketing,44,1,2281.93,0
CUST_08997,Basic,Google Search,38,5,225.88,1
CUST_08998,Premium,Email Marketing,11,4,383.87,0
CUST_08999,Standard,Facebook Ads,18,3,1739.93,0
CUST_09000,Premium,Google Search,44,3,4268.68,0
CUST_09001,Basic,Facebook Ads,20,6,380.03,1
CUST_09002,Basic,Organic,7,5,99.23,1
CUST_09003,Basic,Google Search,2,5,287.86,1
CUST_09004,Premium,Email Marketing,41,0,1042.36,1
CUST_09005,Premium,Email Marketing,32,3,4120.7,0
CUST_09006,Standard,Email Marketing,45,2,617.5,0
CUST_09007,Premium,Email Marketing,48,6,3323.44,0
CUST_09008,Standard,Facebook Ads,4,6,2219.86,0
CUST_09009,Basic,Email Marketing,4,0,278.1,0
CUST_09010,Standard,Facebook Ads,11,6,2868.53,0
CUST_09011,Basic,Email Marketing,40,4,2774.96,0
CUST_09012,Premium,Organic,45,0,560.86,0
CUST_09013,Standard,Google Search,1,7,768.26,1
CUST_09014,Standard,Email Marketing,28,1,3185.74,0
CUST_09015,Basic,Facebook Ads,16,6,101.67,0
CUST_09016,Basic,Google Search,46,1,4407.81,0
CUST_09017,Basic,Email Marketing,1,6,152.86,1
CUST_09018,Basic,Google Search,19,1,1220.85,0
CUST_09019,Basic,Google Search,29,1,4125.26,0
CUST_09020,Premium,Organic,16,6,1140.11,0
CUST_09021,Premium,Email Marketing,40,1,1999.24,0
CUST_09022,Standard,Google Search,44,2,NaN,0
CUST_09023,Standard,Google Search,10,0,2996.66,0
CUST_09024,Basic,Google Search,29,5,343.64,1
CUST_09025,Basic,Facebook Ads,8,1,4027.92,0
CUST_09026,Standard,Google Search,29,3,4413.68,1
CUST_09027,Basic,Facebook Ads,1,6,106.28,1
CUST_09028,Standard,Organic,18,2,4431.52,0
CUST_09029,Premium,Google Search,36,5,971.56,0
CUST_09030,Basic,Google Search,44,0,1375.16,0
CUST_09031,Basic,Email Marketing,23,6,NaN,1
CUST_09032,Standard,Email Marketing,28,2,3490.33,0
CUST_09033,Premium,Organic,3,1,2375.77,0
CUST_09034,Basic,Google Search,16,1,3430.47,0
CUST_09035,Standard,Email Marketing,22,2,682.81,0
CUST_09036,Basic,Facebook Ads,26,5,341.24,1
CUST_09037,Basic,Email Marketing,13,3,3865.04,0
CUST_09038,Basic,Google Search,10,1,3448.36,0
CUST_09039,Basic,Organic,34,5,296.09,1
CUST_09040,Basic,Email Marketing,1,5,222.29,1
CUST_09041,Premium,Organic,21,3,995.73,0
CUST_09042,Basic,Google Search,35,3,691.18,0
CUST_09043,Premium,Email Marketing,9,4,175.06,0
CUST_09044,Basic,Facebook Ads,46,5,154.55,1
CUST_09045,Basic,Google Search,3,3,2714.13,0
CUST_09046,Premium,Organic,19,3,935.26,0
CUST_09047,Basic,Google Search,31,5,290.45,1
CUST_09048,Standard,Organic,12,4,2393.25,0
CUST_09049,Standard,Organic,4,6,1008.25,0
CUST_09050,Standard,Google Search,25,4,2683.29,0
CUST_09051,Basic,Organic,13,1,1144.99,0
CUST_09052,Premium,Email Marketing,45,7,380.62,0
CUST_09053,Basic,Facebook Ads,26,3,2927.59,0
CUST_09054,Standard,Google Search,10,6,NaN,0
CUST_09055,Basic,Email Marketing,47,1,3106.24,0
CUST_09056,Standard,Google Search,17,2,3404.09,0
CUST_09057,Standard,Facebook Ads,11,4,4256.25,0
CUST_09058,Premium,Organic,39,1,251.26,0
CUST_09059,Standard,Facebook Ads,43,1,NaN,0
CUST_09060,Premium,Facebook Ads,11,6,783.17,0
CUST_09061,Standard,Google Search,16,6,4430.68,0
CUST_09062,Basic,Facebook Ads,2,3,2331.34,0
CUST_09063,Premium,Organic,10,5,1387.24,0
CUST_09064,Standard,Email Marketing,28,7,1809.06,0
CUST_09065,Standard,Organic,31,1,3283.33,0
CUST_09066,Standard,Facebook Ads,30,UNKNOWN,2854.07,0
CUST_09067,Premium,Facebook Ads,30,6,1385.73,0
CUST_09068,Standard,Email Marketing,26,1,1354.56,0
CUST_09069,Premium,Email Marketing,47,5,2463.25,0
CUST_09070,Standard,Organic,41,3,3445.16,0
CUST_09071,Standard,Google Search,46,0,3147.15,0
CUST_09072,Standard,Google Search,44,5,2625.65,0
CUST_09073,Standard,Facebook Ads,46,7,1763.45,1
CUST_09074,Basic,Google Search,23,4,4360.94,1
CUST_09075,Premium,Organic,33,3,3255.53,1
CUST_09076,Basic,Email Marketing,32,4,3861.7,0
CUST_09077,Basic,Organic,10,6,327.88,1
CUST_09078,Standard,Email Marketing,13,0,1559.16,0
CUST_09079,Standard,Facebook Ads,17,7,3363.01,0
CUST_09080,Basic,Organic,16,4,591.89,0
CUST_09081,Premium,Google Search,1,7,3914.44,0
CUST_09082,Basic,Facebook Ads,13,3,1143.4,0
CUST_09083,Premium,Organic,17,6,1903.21,0
CUST_09084,Standard,Facebook Ads,24,2,1695.48,0
CUST_09085,Standard,Facebook Ads,25,2,762.34,0
CUST_09086,Standard,Facebook Ads,22,2,2440.5,0
CUST_09087,Premium,Google Search,1,7,2733.45,0
CUST_09088,Standard,Email Marketing,30,3,1667.54,0
CUST_09089,Basic,Google Search,44,1,2020.46,0
CUST_09090,Premium,Google Search,42,1,395.23,0
CUST_09091,Basic,Organic,18,2,615.54,0
CUST_09092,Premium,Facebook Ads,28,6,4037.21,1
CUST_09093,Basic,Google Search,23,3,2832.47,0
CUST_09094,Premium,Google Search,15,1,4023.28,0
CUST_09095,Standard,Organic,36,7,1896.91,0
CUST_09096,Standard,Organic,3,3,NaN,0
CUST_09097,Basic,Email Marketing,25,1,NaN,0
CUST_09098,Premium,Email Marketing,21,5,3437.04,0
CUST_09099,Standard,Email Marketing,14,2,4055.82,0
CUST_09100,Premium,Facebook Ads,25,7,423.83,0
CUST_09101,Basic,Facebook Ads,35,5,268.23,1
CUST_09102,Standard,Organic,1,4,2396.8,0
CUST_09103,Basic,Email Marketing,31,0,3386.14,0
CUST_09104,Premium,Email Marketing,5,6,1141.9,0
CUST_09105,Basic,Facebook Ads,35,6,255.63,0
CUST_09106,Standard,Organic,31,1,3592.99,0
CUST_09107,Basic,Google Search,32,1,3930.54,0
CUST_09108,Premium,Email Marketing,43,0,2642.95,0
CUST_09109,Premium,Email Marketing,35,0,3668.2,0
CUST_09110,Basic,Google Search,36,5,77.81,1
CUST_09111,Premium,Organic,41,2,158.68,0
CUST_09112,Basic,Organic,3,6,291.97,1
CUST_09113,Standard,Organic,22,5,1123.68,0
CUST_09114,Standard,Facebook Ads,32,6,1724.66,0
CUST_09115,Basic,Email Marketing,36,1,3122.05,0
CUST_09116,Premium,Organic,20,4,662.72,0
CUST_09117,Standard,Facebook Ads,43,0,3910.6,0
CUST_09118,Basic,Google Search,16,4,2493.93,0
CUST_09119,Standard,Email Marketing,44,0,1076.03,1
CUST_09120,Premium,Facebook Ads,5,5,2967.85,0
CUST_09121,Standard,Email Marketing,12,7,1041.34,0
CUST_09122,Basic,Email Marketing,46,4,2873.13,0
CUST_09123,Premium,Organic,9,2,1064.45,0
CUST_09124,Basic,Organic,2,3,1032.53,0
CUST_09125,Standard,Organic,18,4,894.38,0
CUST_09126,Standard,Google Search,20,3,1687.49,0
CUST_09127,Premium,Facebook Ads,15,4,2675.5,0
CUST_09128,Basic,Facebook Ads,7,0,1889.5,0
CUST_09129,Premium,Google Search,48,4,483.19,0
CUST_09130,Standard,Email Marketing,37,5,2393.54,0
CUST_09131,Standard,Organic,13,5,2667.34,1
CUST_09132,Premium,Email Marketing,27,3,NaN,0
CUST_09133,Premium,Email Marketing,14,6,457.97,0
CUST_09134,Premium,Facebook Ads,33,3,714.83,0
CUST_09135,Basic,Google Search,22,1,253.45,0
CUST_09136,Basic,Facebook Ads,36,5,255.71,0
CUST_09137,Basic,Organic,21,2,3084.76,0
CUST_09138,Standard,Google Search,31,0,4168.01,0
CUST_09139,Premium,Google Search,30,1,1198.95,0
CUST_09140,Premium,Organic,44,5,3898.98,0
CUST_09141,Premium,Email Marketing,9,0,287.44,0
CUST_09142,Basic,Email Marketing,47,6,108.2,1
CUST_09143,Basic,Facebook Ads,1,2,2672.58,0
CUST_09144,Standard,Email Marketing,41,5,3821.55,0
CUST_09145,Premium,Google Search,12,5,2493.63,0
CUST_09146,Basic,Facebook Ads,23,2,918.85,0
CUST_09147,Premium,Google Search,39,5,2592.4,0
CUST_09148,Basic,Organic,22,1,2563.37,0
CUST_09149,Premium,Google Search,31,1,2938.12,0
CUST_09150,Standard,Email Marketing,35,2,2172.95,0
CUST_09151,Standard,Google Search,33,6,3826.32,0
CUST_09152,Premium,Organic,3,6,352.99,0
CUST_09153,Premium,Email Marketing,17,7,4057.33,0
CUST_09154,Premium,Email Marketing,30,2,1171.55,1
CUST_09155,Basic,Organic,30,1,1599.2,0
CUST_09156,Basic,Facebook Ads,14,1,2149.74,0
CUST_09157,Basic,Facebook Ads,47,6,140.79,1
CUST_09158,Basic,Organic,31,3,609.57,0
CUST_09159,Basic,Email Marketing,46,1,3802.42,0
CUST_09160,Standard,Facebook Ads,14,5,700.26,0
CUST_09161,Premium,Facebook Ads,13,7,1501.0,0
CUST_09162,Basic,Google Search,48,2,2420.33,1
CUST_09163,Premium,Email Marketing,21,6,4051.52,1
CUST_09164,Basic,Facebook Ads,40,5,129.81,1
CUST_09165,Standard,Google Search,29,0,2100.99,0
CUST_09166,Basic,Email Marketing,13,6,258.81,1
CUST_09167,Premium,Organic,40,0,857.09,0
CUST_09168,Basic,Email Marketing,16,1,2168.11,0
CUST_09169,Premium,Email Marketing,9,7,2918.39,0
CUST_09170,Premium,Organic,3,3,2010.43,0
CUST_09171,Premium,Email Marketing,29,5,2496.33,0
CUST_09172,Premium,Email Marketing,28,2,4456.04,1
CUST_09173,Premium,Facebook Ads,10,1,3135.96,1
CUST_09174,Basic,Organic,45,7,378.24,1
CUST_09175,Basic,Email Marketing,30,6,380.04,1
CUST_09176,Premium,Organic,29,2,1323.2,0
CUST_09177,Premium,Email Marketing,33,7,780.75,1
CUST_09178,Standard,Facebook Ads,7,6,1332.15,0
CUST_09179,Basic,Organic,1,2,688.23,0
CUST_09180,Premium,Facebook Ads,14,7,1622.15,0
CUST_09181,Standard,Google Search,15,3,2762.07,0
CUST_09182,Standard,Email Marketing,44,0,271.12,0
CUST_09183,Premium,Facebook Ads,18,1,1093.99,0
CUST_09184,Premium,Email Marketing,24,3,4490.2,0
CUST_09185,Basic,Email Marketing,32,5,227.54,0
CUST_09186,Premium,Email Marketing,18,4,960.57,0
CUST_09187,Basic,Email Marketing,45,7,180.66,1
CUST_09188,Standard,Google Search,35,5,4049.39,0
CUST_09189,Basic,Email Marketing,34,0,2571.72,0
CUST_09190,Basic,Email Marketing,9,7,84.02,0
CUST_09191,Basic,Organic,44,1,1318.93,0
CUST_09192,Basic,Email Marketing,5,6,211.76,1
CUST_09193,Standard,Google Search,29,0,4191.55,0
CUST_09194,Basic,Email Marketing,24,5,318.95,1
CUST_09195,Standard,Facebook Ads,9,6,1333.97,0
CUST_09196,Basic,Facebook Ads,10,1,419.5,0
CUST_09197,Standard,Email Marketing,40,0,NaN,0
CUST_09198,Standard,Facebook Ads,43,1,2147.86,0
CUST_09199,Basic,Google Search,4,3,3550.4,0
CUST_09200,Basic,Organic,11,5,129.7,1
CUST_09201,Basic,Email Marketing,3,0,1060.77,0
CUST_09202,Basic,Organic,2,7,129.25,0
CUST_09203,Basic,Email Marketing,6,0,2009.54,0
CUST_09204,Premium,Facebook Ads,2,3,2939.89,0
CUST_09205,Basic,Email Marketing,25,2,2579.17,0
CUST_09206,Basic,Google Search,7,2,1406.26,0
CUST_09207,Standard,Organic,22,2,3907.14,0
CUST_09208,Standard,Email Marketing,33,4,1793.04,0
CUST_09209,Standard,Google Search,44,4,321.38,0
CUST_09210,Standard,Facebook Ads,28,3,3950.42,0
CUST_09211,Standard,Facebook Ads,29,7,3483.61,0
CUST_09212,Standard,Google Search,14,1,3992.08,0
CUST_09213,Premium,Facebook Ads,36,6,1982.68,0
CUST_09214,Standard,Organic,43,4,2147.48,0
CUST_09215,Basic,Google Search,44,5,115.44,0
CUST_09216,Premium,Email Marketing,45,2,3130.55,0
CUST_09217,Premium,Organic,46,3,2216.26,0
CUST_09218,Basic,Organic,32,4,363.01,0
CUST_09219,Premium,Google Search,39,0,2755.84,0
CUST_09220,Premium,Facebook Ads,9,2,1173.05,0
CUST_09221,Basic,Organic,3,0,2921.6,0
CUST_09222,Premium,Facebook Ads,30,0,3598.57,0
CUST_09223,Basic,Facebook Ads,38,5,145.2,1
CUST_09224,Premium,Email Marketing,18,1,3266.07,0
CUST_09225,Basic,Google Search,28,1,944.47,0
CUST_09226,Premium,Facebook Ads,13,2,2654.59,0
CUST_09227,Standard,Facebook Ads,24,4,2918.86,0
CUST_09228,Premium,Google Search,14,0,3021.5,0
CUST_09229,Premium,Facebook Ads,6,3,491.69,0
CUST_09230,Basic,Facebook Ads,20,4,1379.1,0
CUST_09231,Basic,Email Marketing,29,6,246.41,1
CUST_09232,Basic,Email Marketing,2,4,737.52,0
CUST_09233,Standard,Google Search,25,1,1868.37,0
CUST_09234,Premium,Organic,10,0,4354.12,0
CUST_09235,Standard,Facebook Ads,18,7,3959.27,0
CUST_09236,Basic,Facebook Ads,5,5,283.84,1
CUST_09237,Basic,Organic,48,7,267.3,0
CUST_09238,Basic,Organic,20,1,2066.38,0
CUST_09239,Premium,Organic,42,6,3745.49,0
CUST_09240,Basic,Organic,32,3,396.51,0
CUST_09241,Premium,Facebook Ads,28,5,823.08,0
CUST_09242,Premium,Organic,39,0,2346.8,0
CUST_09243,Basic,Google Search,5,2,1800.79,0
CUST_09244,Basic,Email Marketing,8,7,247.23,1
CUST_09245,Premium,Organic,27,7,3809.07,0
CUST_09246,Premium,Email Marketing,44,5,298.51,0
CUST_09247,Standard,Organic,8,5,353.71,0
CUST_09248,Premium,Organic,30,7,257.85,0
CUST_09249,Standard,Organic,28,5,2261.19,0
CUST_09250,Standard,Email Marketing,17,1,3006.53,0
CUST_09251,Standard,Email Marketing,31,5,NaN,0
CUST_09252,Basic,Email Marketing,40,1,2126.38,0
CUST_09253,Premium,Google Search,23,2,709.59,0
CUST_09254,Premium,Facebook Ads,22,3,3172.27,0
CUST_09255,Basic,Organic,11,0,1748.32,0
CUST_09256,Standard,Organic,11,0,2415.63,0
CUST_09257,Standard,Google Search,39,7,338.88,0
CUST_09258,Premium,Email Marketing,8,4,3800.08,0
CUST_09259,Premium,Organic,13,6,899.94,0
CUST_09260,Standard,Organic,41,4,1840.15,1
CUST_09261,Premium,Facebook Ads,8,1,2163.33,0
CUST_09262,Basic,Facebook Ads,13,5,217.49,1
CUST_09263,Standard,Email Marketing,34,6,854.69,0
CUST_09264,Basic,Email Marketing,39,2,3066.69,0
CUST_09265,Premium,Google Search,30,2,865.82,0
CUST_09266,Premium,Organic,17,5,2413.39,0
CUST_09267,Premium,Google Search,3,2,283.66,0
CUST_09268,Standard,Organic,26,6,3196.59,0
CUST_09269,Basic,Google Search,27,7,118.81,1
CUST_09270,Premium,Organic,34,3,4162.74,0
CUST_09271,Basic,Facebook Ads,7,3,2507.54,0
CUST_09272,Basic,Organic,3,6,341.9,1
CUST_09273,Standard,Google Search,23,3,3227.46,0
CUST_09274,Premium,Facebook Ads,21,7,604.36,0
CUST_09275,Basic,Google Search,46,2,2059.85,0
CUST_09276,Premium,Organic,48,4,458.62,0
CUST_09277,Basic,Email Marketing,39,7,339.12,1
CUST_09278,Standard,Organic,43,2,3511.18,0
CUST_09279,Premium,Google Search,43,3,3754.12,0
CUST_09280,Basic,Organic,38,5,357.85,0
CUST_09281,Standard,Organic,27,0,1847.37,1
CUST_09282,Premium,Facebook Ads,6,5,259.06,0
CUST_09283,Standard,Facebook Ads,7,0,4357.19,0
CUST_09284,Premium,Organic,7,6,NaN,0
CUST_09285,Standard,Google Search,15,7,2686.47,0
CUST_09286,Basic,Google Search,48,0,3064.76,0
CUST_09287,Premium,Email Marketing,5,0,4029.65,0
CUST_09288,Basic,Organic,27,3,NaN,0
CUST_09289,Standard,Google Search,43,3,2251.15,0
CUST_09290,Basic,Organic,46,2,2688.01,0
CUST_09291,Premium,Google Search,23,7,3806.94,0
CUST_09292,Basic,Facebook Ads,17,2,1550.36,0
CUST_09293,Premium,Email Marketing,36,0,818.6,0
CUST_09294,Standard,Email Marketing,14,2,2157.77,0
CUST_09295,Standard,Email Marketing,3,6,1547.98,0
CUST_09296,Premium,Email Marketing,41,3,2453.5,0
CUST_09297,Premium,Facebook Ads,22,2,429.92,0
CUST_09298,Standard,Facebook Ads,32,1,688.63,0
CUST_09299,Premium,Facebook Ads,23,7,2478.89,0
CUST_09300,Standard,Organic,16,6,1915.2,0
CUST_09301,Standard,Facebook Ads,13,4,2750.25,0
CUST_09302,Basic,Google Search,30,6,147.32,1
CUST_09303,Standard,Facebook Ads,11,5,420.78,0
CUST_09304,Standard,Google Search,32,1,2144.93,0
CUST_09305,Premium,Organic,16,4,2094.16,1
CUST_09306,Standard,Organic,38,3,2131.08,0
CUST_09307,Premium,Email Marketing,30,4,980.78,0
CUST_09308,Premium,Organic,8,0,2657.8,0
CUST_09309,Standard,Google Search,42,3,560.1,1
CUST_09310,Premium,Google Search,39,7,2046.8,0
CUST_09311,Basic,Organic,5,5,167.03,1
CUST_09312,Standard,Email Marketing,4,7,4481.52,0
CUST_09313,Standard,Facebook Ads,43,6,1225.49,0
CUST_09314,Standard,Organic,31,4,1985.6,0
CUST_09315,Standard,Google Search,13,7,2323.3,0
CUST_09316,Standard,Google Search,38,4,1409.13,0
CUST_09317,Premium,Email Marketing,43,3,1388.52,0
CUST_09318,Premium,Organic,32,7,903.03,0
CUST_09319,Premium,Email Marketing,14,4,720.72,0
CUST_09320,Standard,Google Search,46,3,2678.59,0
CUST_09321,Standard,Email Marketing,32,1,688.71,0
CUST_09322,Basic,Organic,29,2,1722.88,0
CUST_09323,Premium,Organic,21,1,816.3,0
CUST_09324,Standard,Organic,33,4,662.19,0
CUST_09325,Standard,Organic,24,6,3639.36,0
CUST_09326,Standard,Facebook Ads,2,6,3692.45,0
CUST_09327,Premium,Email Marketing,8,3,4422.62,0
CUST_09328,Basic,Organic,25,6,281.88,1
CUST_09329,Basic,Organic,32,3,4068.41,0
CUST_09330,Standard,Facebook Ads,16,3,1785.03,0
CUST_09331,Standard,Organic,1,4,1290.95,1
CUST_09332,Premium,Organic,38,7,2153.75,0
CUST_09333,Basic,Google Search,28,3,1446.06,0
CUST_09334,Basic,Email Marketing,22,1,3318.36,0
CUST_09335,Premium,Facebook Ads,9,1,4142.85,0
CUST_09336,Premium,Email Marketing,4,4,1222.96,0
CUST_09337,Basic,Facebook Ads,45,0,773.22,0
CUST_09338,Standard,Google Search,39,6,1323.76,0
CUST_09339,Basic,Organic,11,6,291.47,1
CUST_09340,Basic,Facebook Ads,6,3,3374.2,0
CUST_09341,Standard,Facebook Ads,24,6,295.85,0
CUST_09342,Standard,Organic,28,1,392.57,1
CUST_09343,Standard,Google Search,42,3,3811.65,0
CUST_09344,Standard,Facebook Ads,21,7,3296.79,0
CUST_09345,Standard,Google Search,9,1,1775.77,0
CUST_09346,Premium,Email Marketing,13,0,1039.26,0
CUST_09347,Standard,Facebook Ads,47,0,430.22,0
CUST_09348,Basic,Email Marketing,11,5,197.31,1
CUST_09349,Basic,Facebook Ads,26,1,234.62,0
CUST_09350,Standard,Organic,9,3,3435.01,0
CUST_09351,Basic,Google Search,10,2,665.82,0
CUST_09352,Standard,Google Search,9,4,2163.06,0
CUST_09353,Premium,Email Marketing,39,1,1362.99,0
CUST_09354,Premium,Organic,1,1,763.71,0
CUST_09355,Premium,Email Marketing,12,5,460.02,0
CUST_09356,Standard,Organic,5,6,2735.03,0
CUST_09357,Basic,Organic,48,6,216.43,1
CUST_09358,Basic,Facebook Ads,43,0,2783.31,0
CUST_09359,Premium,Organic,2,4,3694.48,0
CUST_09360,Premium,Email Marketing,7,6,2438.31,0
CUST_09361,Standard,Google Search,10,6,413.97,0
CUST_09362,Premium,Facebook Ads,17,4,2394.17,0
CUST_09363,Basic,Facebook Ads,7,5,77.51,1
CUST_09364,Premium,Organic,24,7,969.33,1
CUST_09365,Standard,Organic,45,2,307.86,0
CUST_09366,Premium,Email Marketing,31,4,3335.8,0
CUST_09367,Basic,Email Marketing,27,5,55.87,1
CUST_09368,Basic,Email Marketing,11,0,1761.62,0
CUST_09369,Premium,Organic,14,6,3668.16,0
CUST_09370,Basic,Facebook Ads,33,4,1079.21,0
CUST_09371,Basic,Facebook Ads,36,4,1817.24,0
CUST_09372,Premium,Email Marketing,27,6,NaN,1
CUST_09373,Basic,Google Search,18,4,1444.9,0
CUST_09374,Basic,Organic,17,1,2090.38,0
CUST_09375,Basic,Email Marketing,31,3,4149.34,0
CUST_09376,Basic,Email Marketing,4,0,3401.07,0
CUST_09377,Standard,Facebook Ads,44,3,1218.42,0
CUST_09378,Premium,Email Marketing,42,7,2690.4,0
CUST_09379,Premium,Organic,14,3,2970.53,0
CUST_09380,Premium,Organic,47,6,2784.82,1
CUST_09381,Basic,Google Search,47,5,95.62,0
CUST_09382,Standard,Organic,12,6,2063.46,0
CUST_09383,Standard,Facebook Ads,14,4,1086.74,0
CUST_09384,Premium,Email Marketing,28,6,3789.22,0
CUST_09385,Basic,Email Marketing,7,6,234.98,0
CUST_09386,Standard,Organic,44,2,1836.06,0
CUST_09387,Basic,Facebook Ads,4,2,4049.78,0
CUST_09388,Basic,Email Marketing,44,7,146.61,1
CUST_09389,Premium,Email Marketing,24,7,4096.46,0
CUST_09390,Premium,Organic,46,2,4430.18,0
CUST_09391,Premium,Google Search,2,4,4359.63,0
CUST_09392,Basic,Facebook Ads,23,3,2426.17,0
CUST_09393,Premium,Organic,14,2,4294.92,0
CUST_09394,Basic,Google Search,25,7,130.58,1
CUST_09395,Basic,Organic,35,3,1898.04,0
CUST_09396,Basic,Facebook Ads,43,6,346.83,1
CUST_09397,Standard,Organic,40,5,4354.28,0
CUST_09398,Basic,Google Search,3,4,2432.25,0
CUST_09399,Basic,Email Marketing,9,7,87.38,1
CUST_09400,Basic,Google Search,24,5,176.36,1
CUST_09401,Premium,Google Search,39,2,3152.68,0
CUST_09402,Basic,Facebook Ads,32,7,300.59,1
CUST_09403,Standard,Facebook Ads,5,1,2884.85,0
CUST_09404,Basic,Email Marketing,19,6,291.54,1
CUST_09405,Standard,Facebook Ads,5,5,3301.95,0
CUST_09406,Standard,Email Marketing,8,6,975.33,0
CUST_09407,Standard,Email Marketing,40,7,476.08,0
CUST_09408,Standard,Organic,47,0,3789.82,0
CUST_09409,Standard,Facebook Ads,44,0,2178.44,0
CUST_09410,Basic,Organic,38,6,264.45,1
CUST_09411,Basic,Google Search,23,0,333.79,1
CUST_09412,Standard,Facebook Ads,46,3,1174.15,0
CUST_09413,Standard,Google Search,41,2,1651.96,0
CUST_09414,Basic,Google Search,26,0,2999.44,0
CUST_09415,Premium,Facebook Ads,39,7,4345.15,0
CUST_09416,Basic,Email Marketing,40,3,4205.07,0
CUST_09417,Premium,Google Search,4,2,4153.88,0
CUST_09418,Premium,Google Search,41,0,3390.09,0
CUST_09419,Premium,Organic,28,5,4312.26,0
CUST_09420,Basic,Organic,11,5,160.87,1
CUST_09421,Premium,Email Marketing,2,3,3990.85,0
CUST_09422,Premium,Email Marketing,46,1,2313.85,1
CUST_09423,Basic,Organic,35,1,2164.68,0
CUST_09424,Basic,Organic,28,6,125.93,1
CUST_09425,Premium,Email Marketing,19,5,2016.18,0
CUST_09426,Premium,Email Marketing,41,3,1015.01,0
CUST_09427,Standard,Organic,14,6,2570.75,0
CUST_09428,Premium,Organic,45,5,1527.1,0
CUST_09429,Premium,Facebook Ads,1,5,1556.25,0
CUST_09430,Premium,Email Marketing,8,4,4412.71,0
CUST_09431,Standard,Facebook Ads,44,3,3729.98,0
CUST_09432,Premium,Organic,28,2,3225.61,0
CUST_09433,Standard,Organic,39,7,1890.85,0
CUST_09434,Standard,Email Marketing,48,0,3275.44,1
CUST_09435,Premium,Organic,47,4,3253.9,0
CUST_09436,Basic,Organic,32,5,186.28,1
CUST_09437,Premium,Email Marketing,35,1,1326.57,0
CUST_09438,Premium,Facebook Ads,44,2,405.54,0
CUST_09439,Premium,Facebook Ads,41,1,649.13,0
CUST_09440,Premium,Organic,18,7,2965.51,0
CUST_09441,Basic,Google Search,38,1,3120.11,0
CUST_09442,Premium,Email Marketing,39,5,2244.69,1
CUST_09443,Basic,Email Marketing,12,5,106.06,0
CUST_09444,Premium,Google Search,3,1,2680.28,0
CUST_09445,Basic,Facebook Ads,22,7,107.91,1
CUST_09446,Basic,Google Search,6,3,1917.49,0
CUST_09447,Basic,Facebook Ads,2,3,1143.91,0
CUST_09448,Basic,Google Search,18,2,1060.56,0
CUST_09449,Standard,Email Marketing,3,2,326.22,0
CUST_09450,Basic,Google Search,38,2,3358.47,0
CUST_09451,Standard,Google Search,3,5,1441.5,0
CUST_09452,Premium,Google Search,15,0,2463.12,1
CUST_09453,Standard,Facebook Ads,41,3,1258.23,1
CUST_09454,Standard,Organic,7,3,711.39,0
CUST_09455,Standard,Organic,27,5,3970.84,0
CUST_09456,Premium,Facebook Ads,2,2,1057.8,0
CUST_09457,Standard,Google Search,26,1,3657.95,0
CUST_09458,Standard,Google Search,19,2,556.8,0
CUST_09459,Premium,Organic,35,6,1390.21,0
CUST_09460,Standard,Organic,8,2,2202.65,0
CUST_09461,Standard,Organic,6,7,2668.13,0
CUST_09462,Premium,Email Marketing,25,7,858.72,1
CUST_09463,Premium,Facebook Ads,17,1,471.68,0
CUST_09464,Basic,Google Search,1,2,2350.9,0
CUST_09465,Basic,Organic,18,2,835.97,0
CUST_09466,Premium,Email Marketing,13,5,1513.81,0
CUST_09467,Standard,Google Search,24,6,3669.73,0
CUST_09468,Basic,Email Marketing,10,6,73.38,1
CUST_09469,Standard,Google Search,28,7,4093.62,0
CUST_09470,Basic,Google Search,19,4,4014.2,0
CUST_09471,Premium,Email Marketing,28,2,2033.02,0
CUST_09472,Premium,Facebook Ads,3,6,2171.82,0
CUST_09473,Basic,Facebook Ads,25,1,4007.08,0
CUST_09474,Basic,Email Marketing,20,6,360.21,1
CUST_09475,Premium,Facebook Ads,21,2,4193.53,0
CUST_09476,Premium,Organic,29,4,4496.9,0
CUST_09477,Premium,Facebook Ads,20,5,3882.33,1
CUST_09478,Standard,Organic,38,4,4384.8,0
CUST_09479,Basic,Google Search,21,6,115.64,1
CUST_09480,Premium,Facebook Ads,44,2,3615.8,0
CUST_09481,Standard,Organic,3,5,1656.22,0
CUST_09482,Basic,Google Search,46,1,1706.8,0
CUST_09483,Basic,Google Search,39,5,220.36,0
CUST_09484,Basic,Google Search,33,6,245.66,1
CUST_09485,Premium,Email Marketing,12,0,3949.17,0
CUST_09486,Basic,Google Search,35,0,2697.78,0
CUST_09487,Premium,Facebook Ads,13,2,2940.53,0
CUST_09488,Basic,Email Marketing,35,0,2966.73,1
CUST_09489,Premium,Google Search,45,5,1539.38,1
CUST_09490,Basic,Google Search,40,4,2090.79,0
CUST_09491,Standard,Email Marketing,30,4,1894.32,0
CUST_09492,Basic,Organic,1,1,1707.28,0
CUST_09493,Premium,Organic,19,5,1641.05,0
CUST_09494,Standard,Google Search,15,3,285.81,0
CUST_09495,Premium,Facebook Ads,36,0,4370.6,0
CUST_09496,Basic,Organic,38,6,157.27,1
CUST_09497,Standard,Organic,40,4,3456.91,0
CUST_09498,Premium,Google Search,39,0,485.96,0
CUST_09499,Basic,Email Marketing,36,6,271.63,1
CUST_09500,Premium,Email Marketing,31,4,2487.74,0
CUST_09501,Basic,Email Marketing,24,3,1335.2,0
CUST_09502,Standard,Email Marketing,34,3,3424.72,0
CUST_09503,Standard,Organic,48,0,3912.72,0
CUST_09504,Standard,Email Marketing,15,1,2043.44,0
CUST_09505,Premium,Google Search,25,1,3364.02,0
CUST_09506,Standard,Organic,10,0,2022.11,0
CUST_09507,Premium,Organic,12,7,1878.18,0
CUST_09508,Premium,Organic,30,5,1710.82,0
CUST_09509,Basic,Organic,44,3,1837.67,0
CUST_09510,Basic,Google Search,2,7,361.08,0
CUST_09511,Premium,Organic,39,7,788.29,0
CUST_09512,Standard,Organic,26,7,4185.73,0
CUST_09513,Standard,Email Marketing,14,7,4328.27,0
CUST_09514,Standard,Email Marketing,43,3,2500.47,1
CUST_09515,Premium,Facebook Ads,40,2,3906.62,0
CUST_09516,Standard,Google Search,20,7,1261.61,0
CUST_09517,Standard,Email Marketing,29,0,3618.48,0
CUST_09518,Basic,Organic,6,4,3213.97,0
CUST_09519,Basic,Facebook Ads,4,0,3164.63,0
CUST_09520,Basic,Facebook Ads,23,1,1342.63,0
CUST_09521,Standard,Facebook Ads,37,3,4270.2,1
CUST_09522,Premium,Organic,1,1,2720.8,0
CUST_09523,Premium,Facebook Ads,47,7,417.19,0
CUST_09524,Basic,Google Search,21,7,270.55,1
CUST_09525,Basic,Email Marketing,25,5,196.42,1
CUST_09526,Basic,Organic,1,2,4192.55,0
CUST_09527,Basic,Facebook Ads,30,7,90.95,1
CUST_09528,Standard,Email Marketing,43,7,908.91,0
CUST_09529,Basic,Email Marketing,10,0,919.35,1
CUST_09530,Standard,Google Search,1,6,3896.4,0
CUST_09531,Premium,Google Search,2,1,1215.39,0
CUST_09532,Premium,Facebook Ads,7,2,3867.89,0
CUST_09533,Standard,Google Search,19,4,633.17,0
CUST_09534,Basic,Facebook Ads,21,6,291.13,0
CUST_09535,Standard,Organic,25,2,2047.35,0
CUST_09536,Premium,Organic,19,2,1459.49,0
CUST_09537,Premium,Organic,7,2,481.8,0
CUST_09538,Premium,Google Search,22,7,2184.41,0
CUST_09539,Standard,Facebook Ads,22,3,2316.29,0
CUST_09540,Premium,Google Search,20,5,577.05,0
CUST_09541,Premium,Facebook Ads,29,7,545.35,0
CUST_09542,Basic,Google Search,1,0,2958.25,0
CUST_09543,Basic,Organic,24,5,167.56,1
CUST_09544,Premium,Facebook Ads,31,0,1016.98,0
CUST_09545,Basic,Organic,28,1,2319.96,0
CUST_09546,Premium,Google Search,35,1,3397.26,0
CUST_09547,Basic,Facebook Ads,20,7,237.1,1
CUST_09548,Basic,Organic,8,4,2496.22,0
CUST_09549,Premium,Email Marketing,5,4,3391.44,0
CUST_09550,Basic,Facebook Ads,33,1,1442.64,0
CUST_09551,Basic,Organic,7,6,294.55,0
CUST_09552,Standard,Facebook Ads,43,5,1265.44,0
CUST_09553,Premium,Facebook Ads,38,4,3741.48,0
CUST_09554,Standard,Organic,43,2,NaN,0
CUST_09555,Basic,Facebook Ads,8,5,254.95,1
CUST_09556,Basic,Organic,25,2,3331.54,0
CUST_09557,Basic,Google Search,21,1,2197.08,1
CUST_09558,Standard,Facebook Ads,48,2,1053.8,0
CUST_09559,Standard,Facebook Ads,17,7,625.45,0
CUST_09560,Premium,Facebook Ads,35,5,1083.32,0
CUST_09561,Standard,Google Search,6,4,3312.53,0
CUST_09562,Premium,Organic,44,7,2783.65,1
CUST_09563,Basic,Organic,43,6,67.86,1
CUST_09564,Standard,Facebook Ads,31,0,4296.06,1
CUST_09565,Standard,Google Search,20,7,3246.41,0
CUST_09566,Basic,Google Search,36,1,4198.39,0
CUST_09567,Premium,Google Search,29,3,4107.19,0
CUST_09568,Standard,Organic,39,0,NaN,1
CUST_09569,Standard,Google Search,30,7,1418.59,1
CUST_09570,Basic,Organic,32,2,1374.5,0
CUST_09571,Basic,Google Search,14,6,393.16,0
CUST_09572,Premium,Organic,46,7,2444.73,0
CUST_09573,Premium,Facebook Ads,38,0,2591.61,0
CUST_09574,Premium,Email Marketing,7,5,3387.16,0
CUST_09575,Premium,Facebook Ads,13,4,2845.23,0
CUST_09576,Premium,Google Search,11,0,1927.13,0
CUST_09577,Premium,Email Marketing,33,5,4247.36,0
CUST_09578,Basic,Organic,44,4,3913.65,0
CUST_09579,Premium,Email Marketing,29,3,4092.55,0
CUST_09580,Basic,Facebook Ads,24,2,3047.72,0
CUST_09581,Premium,Facebook Ads,21,7,1800.15,0
CUST_09582,Basic,Email Marketing,30,5,222.09,0
CUST_09583,Basic,Email Marketing,46,4,NaN,0
CUST_09584,Premium,Email Marketing,19,1,2496.16,0
CUST_09585,Standard,Organic,46,1,2367.96,0
CUST_09586,Basic,Google Search,18,3,2152.84,0
CUST_09587,Premium,Google Search,16,0,1459.47,0
CUST_09588,Premium,Facebook Ads,16,3,3537.77,0
CUST_09589,Premium,Organic,21,7,431.37,0
CUST_09590,Premium,Email Marketing,31,6,3810.01,0
CUST_09591,Standard,Facebook Ads,30,0,1791.45,1
CUST_09592,Standard,Organic,27,1,3971.69,0
CUST_09593,Standard,Organic,1,4,NaN,0
CUST_09594,Standard,Organic,32,0,506.3,0
CUST_09595,Standard,Facebook Ads,26,7,3306.59,0
CUST_09596,Standard,Email Marketing,23,0,2085.75,1
CUST_09597,Basic,Email Marketing,35,6,220.65,1
CUST_09598,Premium,Email Marketing,20,2,3315.34,0
CUST_09599,Standard,Organic,9,6,3963.33,0
CUST_09600,Standard,Facebook Ads,19,3,4228.4,0
CUST_09601,Premium,Facebook Ads,35,4,4272.49,0
CUST_09602,Basic,Organic,35,2,2220.32,0
CUST_09603,Standard,Google Search,43,6,3107.31,1
CUST_09604,Basic,Facebook Ads,11,6,234.18,0
CUST_09605,Basic,Email Marketing,16,4,1077.72,0
CUST_09606,Basic,Email Marketing,11,2,3676.15,0
CUST_09607,Basic,Organic,24,1,4176.33,0
CUST_09608,Basic,Email Marketing,10,5,137.12,1
CUST_09609,Premium,Facebook Ads,11,7,4376.73,0
CUST_09610,Basic,Google Search,37,0,312.22,0
CUST_09611,Standard,Google Search,1,0,3074.55,0
CUST_09612,Basic,Google Search,18,4,164.28,0
CUST_09613,Premium,Google Search,8,0,2490.83,0
CUST_09614,Standard,Email Marketing,23,3,1153.36,0
CUST_09615,Standard,Google Search,39,1,2370.01,0
CUST_09616,Basic,Google Search,6,3,1553.68,0
CUST_09617,Standard,Email Marketing,8,7,4111.52,0
CUST_09618,Premium,Email Marketing,20,7,968.61,0
CUST_09619,Basic,Google Search,44,0,1465.65,0
CUST_09620,Premium,Facebook Ads,41,2,2089.1,0
CUST_09621,Basic,Facebook Ads,3,2,1533.39,0
CUST_09622,Basic,Organic,23,7,156.24,1
CUST_09623,Basic,Email Marketing,23,6,257.68,1
CUST_09624,Basic,Organic,31,3,546.5,0
CUST_09625,Standard,Facebook Ads,44,0,3256.14,0
CUST_09626,Standard,Google Search,45,UNKNOWN,4243.34,0
CUST_09627,Premium,Google Search,32,7,2521.53,0
CUST_09628,Standard,Facebook Ads,24,3,323.35,0
CUST_09629,Standard,Email Marketing,10,7,497.73,0
CUST_09630,Basic,Facebook Ads,27,6,233.7,1
CUST_09631,Premium,Google Search,21,0,NaN,0
CUST_09632,Basic,Facebook Ads,15,0,1512.46,0
CUST_09633,Premium,Organic,47,7,1126.05,0
CUST_09634,Premium,Facebook Ads,11,1,1773.36,0
CUST_09635,Standard,Organic,15,0,1772.91,0
CUST_09636,Basic,Email Marketing,46,3,1871.81,1
CUST_09637,Basic,Email Marketing,23,4,1871.68,0
CUST_09638,Basic,Facebook Ads,38,7,140.18,1
CUST_09639,Premium,Email Marketing,43,2,907.93,0
CUST_09640,Standard,Facebook Ads,10,3,1725.97,0
CUST_09641,Basic,Organic,36,5,164.76,1
CUST_09642,Premium,Email Marketing,26,4,3984.0,0
CUST_09643,Standard,Google Search,41,5,1156.45,0
CUST_09644,Premium,Email Marketing,27,6,4242.89,0
CUST_09645,Basic,Organic,27,1,680.35,0
CUST_09646,Premium,Facebook Ads,5,5,3481.63,0
CUST_09647,Basic,Email Marketing,46,3,3311.96,0
CUST_09648,Standard,Facebook Ads,15,1,1610.31,0
CUST_09649,Premium,Email Marketing,48,4,2923.25,0
CUST_09650,Basic,Google Search,35,6,139.94,1
CUST_09651,Basic,Email Marketing,40,6,333.45,0
CUST_09652,Basic,Google Search,38,4,2546.85,0
CUST_09653,Premium,Google Search,42,4,3439.15,1
CUST_09654,Standard,Organic,12,0,3940.67,0
CUST_09655,Standard,Email Marketing,8,0,2739.05,0
CUST_09656,Standard,Email Marketing,44,4,805.68,0
CUST_09657,Premium,Facebook Ads,3,4,2427.52,0
CUST_09658,Basic,Facebook Ads,17,2,3637.62,0
CUST_09659,Premium,Google Search,34,6,405.37,0
CUST_09660,Basic,Google Search,18,5,213.6,1
CUST_09661,Basic,Email Marketing,8,1,3640.2,0
CUST_09662,Standard,Google Search,10,0,1805.35,0
CUST_09663,Basic,Facebook Ads,4,7,385.97,1
CUST_09664,Basic,Organic,30,1,1019.37,0
CUST_09665,Basic,Email Marketing,31,2,4009.29,0
CUST_09666,Premium,Email Marketing,39,1,538.34,0
CUST_09667,Standard,Facebook Ads,26,3,4039.04,0
CUST_09668,Basic,Organic,46,1,2887.2,1
CUST_09669,Premium,Email Marketing,24,2,4466.7,0
CUST_09670,Standard,Email Marketing,17,3,1808.48,1
CUST_09671,Standard,Email Marketing,39,1,402.98,0
CUST_09672,Standard,Facebook Ads,2,2,2187.82,0
CUST_09673,Premium,Email Marketing,16,3,2010.76,0
CUST_09674,Premium,Google Search,28,3,4321.9,0
CUST_09675,Basic,Organic,5,0,2150.34,0
CUST_09676,Standard,Email Marketing,41,4,1158.49,0
CUST_09677,Basic,Google Search,24,5,307.77,1
CUST_09678,Basic,Email Marketing,39,0,341.67,0
CUST_09679,Premium,Email Marketing,26,3,1360.71,0
CUST_09680,Premium,Google Search,14,6,4003.78,1
CUST_09681,Basic,Google Search,40,3,4370.25,0
CUST_09682,Basic,Facebook Ads,1,3,2672.84,0
CUST_09683,Basic,Email Marketing,28,2,1761.78,0
CUST_09684,Premium,Google Search,14,1,1092.96,0
CUST_09685,Premium,Organic,26,7,2191.18,0
CUST_09686,Standard,Facebook Ads,32,4,297.79,0
CUST_09687,Basic,Email Marketing,42,4,984.9,0
CUST_09688,Standard,Facebook Ads,46,7,1635.87,0
CUST_09689,Premium,Google Search,9,0,1309.93,0
CUST_09690,Basic,Google Search,25,2,2265.87,0
CUST_09691,Standard,Facebook Ads,15,0,902.74,0
CUST_09692,Standard,Email Marketing,10,5,1980.5,0
CUST_09693,Basic,Google Search,40,1,NaN,0
CUST_09694,Basic,Google Search,6,5,121.1,1
CUST_09695,Premium,Email Marketing,32,5,874.82,0
CUST_09696,Premium,Facebook Ads,44,7,1204.52,0
CUST_09697,Premium,Google Search,28,3,1796.81,0
CUST_09698,Premium,Google Search,48,5,471.7,0
CUST_09699,Premium,Google Search,19,2,2438.61,0
CUST_09700,Premium,Google Search,28,1,172.68,1
CUST_09701,Standard,Organic,21,0,3637.84,0
CUST_09702,Standard,Organic,1,1,2530.9,0
CUST_09703,Standard,Organic,15,7,2258.94,0
CUST_09704,Standard,Email Marketing,12,7,1624.2,0
CUST_09705,Premium,Google Search,8,1,2556.7,1
CUST_09706,Basic,Google Search,21,1,2829.92,0
CUST_09707,Basic,Google Search,42,5,215.29,1
CUST_09708,Premium,Organic,41,0,947.58,1
CUST_09709,Premium,Google Search,46,5,893.26,0
CUST_09710,Basic,Organic,24,5,128.55,1
CUST_09711,Basic,Facebook Ads,42,1,1146.18,0
CUST_09712,Premium,Facebook Ads,28,0,2748.6,0
CUST_09713,Standard,Facebook Ads,8,0,2484.31,0
CUST_09714,Standard,Google Search,15,2,377.6,0
CUST_09715,Standard,Facebook Ads,35,6,1451.07,0
CUST_09716,Standard,Organic,44,2,3923.81,0
CUST_09717,Basic,Organic,23,2,3103.0,1
CUST_09718,Standard,Google Search,31,0,2938.79,0
CUST_09719,Standard,Facebook Ads,16,1,1620.48,0
CUST_09720,Premium,Facebook Ads,44,5,3038.1,0
CUST_09721,Standard,Google Search,23,6,199.1,0
CUST_09722,Standard,Organic,31,2,1796.91,0
CUST_09723,Premium,Facebook Ads,6,6,1702.83,0
CUST_09724,Premium,Email Marketing,40,4,4397.19,0
CUST_09725,Standard,Facebook Ads,29,7,2143.04,0
CUST_09726,Basic,Organic,6,0,NaN,0
CUST_09727,Premium,Email Marketing,32,4,2358.93,0
CUST_09728,Basic,Google Search,17,5,155.0,1
CUST_09729,Standard,Email Marketing,43,1,2094.23,0
CUST_09730,Standard,Email Marketing,1,5,443.41,1
CUST_09731,Standard,Email Marketing,30,0,1600.79,1
CUST_09732,Basic,Organic,34,1,2901.66,0
CUST_09733,Standard,Organic,8,5,3338.68,0
CUST_09734,Standard,Organic,2,5,2409.02,1
CUST_09735,Premium,Organic,11,7,3146.92,0
CUST_09736,Premium,Email Marketing,37,1,190.51,0
CUST_09737,Basic,Facebook Ads,46,1,3669.91,0
CUST_09738,Basic,Facebook Ads,5,5,147.88,1
CUST_09739,Premium,Organic,11,7,752.9,0
CUST_09740,Basic,Facebook Ads,41,2,337.65,0
CUST_09741,Basic,Google Search,37,7,383.58,1
CUST_09742,Standard,Organic,36,7,NaN,0
CUST_09743,Standard,Email Marketing,13,3,4242.12,0
CUST_09744,Premium,Facebook Ads,5,6,3930.93,0
CUST_09745,Basic,Facebook Ads,44,0,824.6,0
CUST_09746,Basic,Organic,41,2,3736.73,0
CUST_09747,Premium,Google Search,7,5,3724.05,0
CUST_09748,Basic,Google Search,42,0,3417.82,0
CUST_09749,Standard,Organic,27,6,531.72,0
CUST_09750,Basic,Organic,4,7,125.17,1
CUST_09751,Basic,Organic,13,6,189.02,1
CUST_09752,Standard,Organic,7,4,1027.8,0
CUST_09753,Premium,Facebook Ads,47,7,1423.1,0
CUST_09754,Standard,Email Marketing,46,7,2483.65,0
CUST_09755,Basic,Organic,24,2,4416.86,0
CUST_09756,Standard,Organic,47,1,3490.94,0
CUST_09757,Basic,Facebook Ads,40,2,3969.8,0
CUST_09758,Standard,Organic,43,2,2603.8,0
CUST_09759,Standard,Email Marketing,47,7,4190.95,0
CUST_09760,Premium,Email Marketing,8,7,1225.94,0
CUST_09761,Standard,Facebook Ads,34,2,2290.41,0
CUST_09762,Basic,Google Search,8,2,1259.85,0
CUST_09763,Standard,Google Search,5,7,917.84,0
CUST_09764,Standard,Google Search,7,7,387.67,0
CUST_09765,Standard,Email Marketing,17,0,3838.59,0
CUST_09766,Basic,Facebook Ads,33,6,223.31,1
CUST_09767,Premium,Google Search,26,6,4365.0,0
CUST_09768,Premium,Email Marketing,20,3,2890.96,0
CUST_09769,Premium,Facebook Ads,46,2,339.0,0
CUST_09770,Basic,Email Marketing,24,5,219.93,1
CUST_09771,Basic,Facebook Ads,20,0,2651.88,0
CUST_09772,Premium,Google Search,46,3,2305.11,0
CUST_09773,Basic,Google Search,37,1,571.71,0
CUST_09774,Standard,Google Search,34,2,530.29,0
CUST_09775,Standard,Facebook Ads,38,2,3186.68,0
CUST_09776,Standard,Facebook Ads,41,7,3688.03,0
CUST_09777,Standard,Facebook Ads,48,1,3982.24,1
CUST_09778,Basic,Organic,6,4,4339.43,0
CUST_09779,Standard,Email Marketing,24,2,2951.98,0
CUST_09780,Standard,Organic,28,7,3914.69,0
CUST_09781,Premium,Facebook Ads,26,7,1269.73,0
CUST_09782,Standard,Organic,34,6,3053.1,0
CUST_09783,Standard,Organic,45,4,2191.27,0
CUST_09784,Premium,Email Marketing,13,4,1026.27,0
CUST_09785,Basic,Email Marketing,20,5,122.4,1
CUST_09786,Premium,Email Marketing,43,7,4211.98,0
CUST_09787,Premium,Facebook Ads,47,7,3610.84,0
CUST_09788,Basic,Organic,14,2,2492.07,0
CUST_09789,Basic,Google Search,41,5,313.34,1
CUST_09790,Premium,Email Marketing,28,2,1519.03,0
CUST_09791,Standard,Email Marketing,19,1,4270.38,0
CUST_09792,Premium,Facebook Ads,12,4,3362.67,0
CUST_09793,Basic,Organic,10,2,3411.37,0
CUST_09794,Premium,Organic,33,4,2862.72,0
CUST_09795,Basic,Facebook Ads,15,2,3179.73,0
CUST_09796,Premium,Organic,10,6,1518.58,1
CUST_09797,Premium,Facebook Ads,5,7,2872.87,0
CUST_09798,Premium,Email Marketing,2,0,490.75,1
CUST_09799,Premium,Facebook Ads,20,2,2585.4,0
CUST_09800,Basic,Organic,46,3,3863.2,0
CUST_09801,Premium,Organic,22,6,1700.67,1
CUST_09802,Standard,Google Search,18,1,684.72,0
CUST_09803,Premium,Facebook Ads,2,1,2144.91,0
CUST_09804,Standard,Email Marketing,24,6,3298.12,0
CUST_09805,Basic,Facebook Ads,37,7,234.92,1
CUST_09806,Standard,Facebook Ads,26,5,198.85,0
CUST_09807,Basic,Organic,4,4,453.79,0
CUST_09808,Standard,Google Search,5,1,2456.43,0
CUST_09809,Standard,Google Search,48,3,1451.78,0
CUST_09810,Standard,Email Marketing,40,6,234.3,0
CUST_09811,Basic,Email Marketing,29,7,101.15,1
CUST_09812,Premium,Facebook Ads,14,1,3255.67,0
CUST_09813,Standard,Facebook Ads,45,4,1344.82,0
CUST_09814,Premium,Organic,23,7,4409.55,1
CUST_09815,Basic,Organic,41,2,3418.94,0
CUST_09816,Standard,Google Search,7,5,3030.35,0
CUST_09817,Premium,Email Marketing,5,6,912.73,0
CUST_09818,Premium,Facebook Ads,39,3,1570.06,0
CUST_09819,Premium,Google Search,8,4,4204.92,0
CUST_09820,Standard,Email Marketing,31,5,257.9,0
CUST_09821,Basic,Email Marketing,2,0,1840.36,0
CUST_09822,Premium,Google Search,41,7,2278.81,1
CUST_09823,Standard,Facebook Ads,25,0,3366.95,1
CUST_09824,Premium,Google Search,25,3,1148.07,0
CUST_09825,Premium,Email Marketing,16,3,3300.1,0
CUST_09826,Standard,Google Search,30,6,3944.41,0
CUST_09827,Standard,Email Marketing,36,4,3932.0,0
CUST_09828,Basic,Organic,28,2,1897.12,0
CUST_09829,Premium,Google Search,39,3,3431.35,0
CUST_09830,Standard,Organic,21,2,2492.3,0
CUST_09831,Premium,Email Marketing,39,4,2661.84,0
CUST_09832,Premium,Organic,45,0,1127.4,1
CUST_09833,Standard,Google Search,43,5,3477.81,0
CUST_09834,Standard,Google Search,9,6,1717.58,0
CUST_09835,Standard,Organic,14,4,3653.65,0
CUST_09836,Premium,Facebook Ads,46,4,4179.68,0
CUST_09837,Standard,Google Search,4,2,2294.82,1
CUST_09838,Premium,Facebook Ads,28,4,1670.35,0
CUST_09839,Standard,Email Marketing,10,7,3641.5,0
CUST_09840,Premium,Facebook Ads,8,2,2319.91,0
CUST_09841,Premium,Facebook Ads,15,2,930.81,0
CUST_09842,Basic,Google Search,40,2,3403.41,0
CUST_09843,Standard,Organic,16,4,1806.38,0
CUST_09844,Premium,Google Search,10,1,847.06,1
CUST_09845,Standard,Organic,42,1,4110.15,0
CUST_09846,Premium,Facebook Ads,44,5,1256.8,0
CUST_09847,Basic,Organic,18,2,236.82,0
CUST_09848,Basic,Email Marketing,28,7,251.94,1
CUST_09849,Standard,Facebook Ads,6,4,155.23,0
CUST_09850,Basic,Email Marketing,35,5,156.02,1
CUST_09851,Premium,Facebook Ads,16,4,1799.77,0
CUST_09852,Standard,Email Marketing,25,6,258.52,0
CUST_09853,Basic,Email Marketing,30,5,346.88,1
CUST_09854,Basic,Email Marketing,5,1,1692.09,0
CUST_09855,Basic,Email Marketing,31,4,1290.8,0
CUST_09856,Premium,Email Marketing,14,3,3700.42,0
CUST_09857,Premium,Organic,32,2,3063.29,0
CUST_09858,Premium,Organic,48,1,355.76,0
CUST_09859,Premium,Facebook Ads,33,5,2094.01,0
CUST_09860,Basic,Organic,5,7,314.41,1
CUST_09861,Basic,Google Search,27,1,502.96,0
CUST_09862,Basic,Email Marketing,12,4,1721.92,0
CUST_09863,Premium,Google Search,48,UNKNOWN,1192.56,0
CUST_09864,Premium,Email Marketing,33,UNKNOWN,1923.69,0
CUST_09865,Basic,Google Search,13,5,364.14,1
CUST_09866,Standard,Email Marketing,27,0,440.22,0
CUST_09867,Basic,Google Search,14,4,3530.84,0
CUST_09868,Standard,Google Search,22,6,2273.24,0
CUST_09869,Basic,Facebook Ads,6,5,331.9,1
CUST_09870,Basic,Google Search,28,7,80.15,1
CUST_09871,Basic,Google Search,21,1,3247.15,1
CUST_09872,Basic,Organic,39,2,2126.85,0
CUST_09873,Standard,Facebook Ads,9,6,2389.87,0
CUST_09874,Basic,Google Search,16,5,235.74,1
CUST_09875,Standard,Organic,43,6,4178.62,0
CUST_09876,Premium,Email Marketing,35,2,2857.64,0
CUST_09877,Premium,Facebook Ads,12,3,3923.13,0
CUST_09878,Premium,Google Search,16,5,622.47,0
CUST_09879,Basic,Facebook Ads,42,7,264.63,1
CUST_09880,Premium,Email Marketing,42,0,2204.92,0
CUST_09881,Premium,Organic,28,2,3339.19,0
CUST_09882,Premium,Organic,8,1,2459.31,0
CUST_09883,Standard,Email Marketing,15,1,1620.82,0
CUST_09884,Basic,Organic,19,1,4146.24,0
CUST_09885,Standard,Email Marketing,11,3,4132.68,0
CUST_09886,Basic,Facebook Ads,12,4,2313.16,0
CUST_09887,Premium,Facebook Ads,42,2,3065.91,0
CUST_09888,Standard,Google Search,8,5,2605.41,0
CUST_09889,Premium,Google Search,42,0,2302.13,0
CUST_09890,Basic,Google Search,33,3,1155.23,0
CUST_09891,Premium,Email Marketing,47,7,791.07,0
CUST_09892,Basic,Organic,34,7,375.4,1
CUST_09893,Premium,Organic,16,4,3877.13,0
CUST_09894,Premium,Organic,24,2,1822.72,0
CUST_09895,Standard,Email Marketing,39,2,4049.51,0
CUST_09896,Standard,Google Search,38,2,666.42,0
CUST_09897,Basic,Email Marketing,23,7,107.5,1
CUST_09898,Standard,Organic,44,3,3860.69,0
CUST_09899,Standard,Google Search,2,2,4014.79,1
CUST_09900,Standard,Organic,3,3,1740.04,0
CUST_09901,Premium,Google Search,30,4,2937.44,0
CUST_09902,Premium,Email Marketing,9,1,3708.3,0
CUST_09903,Premium,Email Marketing,39,7,3828.24,0
CUST_09904,Premium,Google Search,46,3,1544.36,1
CUST_09905,Premium,Organic,25,2,3871.72,0
CUST_09906,Standard,Facebook Ads,2,6,3280.83,0
CUST_09907,Standard,Email Marketing,18,3,3915.82,0
CUST_09908,Standard,Email Marketing,19,6,3749.54,1
CUST_09909,Premium,Facebook Ads,12,4,3423.43,0
CUST_09910,Premium,Google Search,9,6,3930.09,0
CUST_09911,Premium,Email Marketing,31,6,2297.46,0
CUST_09912,Standard,Facebook Ads,3,3,3939.28,0
CUST_09913,Premium,Organic,6,1,1590.51,0
CUST_09914,Standard,Facebook Ads,38,0,3638.08,0
CUST_09915,Standard,Organic,5,4,2958.71,0
CUST_09916,Premium,Google Search,35,0,338.66,0
CUST_09917,Basic,Google Search,34,2,299.16,1
CUST_09918,Premium,Google Search,27,6,1105.19,0
CUST_09919,Premium,Organic,33,5,2673.77,0
CUST_09920,Standard,Google Search,11,3,365.49,0
CUST_09921,Basic,Email Marketing,13,3,3262.86,0
CUST_09922,Basic,Facebook Ads,1,0,2819.27,0
CUST_09923,Premium,Email Marketing,21,UNKNOWN,4349.7,0
CUST_09924,Standard,Google Search,39,2,2840.8,0
CUST_09925,Basic,Google Search,29,0,440.72,0
CUST_09926,Basic,Facebook Ads,36,2,1604.03,0
CUST_09927,Premium,Google Search,40,3,2775.93,0
CUST_09928,Standard,Email Marketing,6,4,1013.06,0
CUST_09929,Basic,Google Search,23,3,1028.71,0
CUST_09930,Basic,Email Marketing,47,5,387.04,1
CUST_09931,Basic,Organic,11,5,277.53,1
CUST_09932,Premium,Email Marketing,7,6,3210.68,0
CUST_09933,Basic,Organic,43,7,303.45,1
CUST_09934,Premium,Facebook Ads,38,7,3712.99,0
CUST_09935,Basic,Facebook Ads,17,2,2669.51,0
CUST_09936,Premium,Google Search,27,4,1778.65,0
CUST_09937,Basic,Organic,41,4,2787.48,0
CUST_09938,Premium,Facebook Ads,27,5,4490.97,0
CUST_09939,Basic,Email Marketing,4,3,280.25,0
CUST_09940,Premium,Organic,44,3,2264.83,0
CUST_09941,Basic,Google Search,14,3,2725.77,0
CUST_09942,Basic,Google Search,38,5,348.12,1
CUST_09943,Standard,Email Marketing,17,6,3886.34,0
CUST_09944,Basic,Facebook Ads,38,0,3265.45,0
CUST_09945,Basic,Google Search,10,1,624.5,0
CUST_09946,Basic,Facebook Ads,45,5,61.09,1
CUST_09947,Standard,Organic,32,6,3719.99,0
CUST_09948,Premium,Facebook Ads,36,0,4144.38,0
CUST_09949,Basic,Organic,43,5,242.64,1
CUST_09950,Basic,Organic,19,3,1807.37,0
CUST_09951,Standard,Facebook Ads,16,7,3867.08,0
CUST_09952,Basic,Organic,36,2,2617.67,0
CUST_09953,Premium,Google Search,35,5,1703.91,0
CUST_09954,Basic,Email Marketing,5,3,4184.38,0
CUST_09955,Basic,Email Marketing,12,1,3768.14,0
CUST_09956,Premium,Email Marketing,17,2,695.03,0
CUST_09957,Premium,Email Marketing,24,4,4378.19,0
CUST_09958,Standard,Facebook Ads,1,7,3404.25,0
CUST_09959,Premium,Email Marketing,15,4,1287.25,0
CUST_09960,Standard,Google Search,44,1,1412.63,0
CUST_09961,Standard,Google Search,3,6,2701.08,0
CUST_09962,Premium,Organic,17,UNKNOWN,2720.86,0
CUST_09963,Premium,Google Search,27,4,915.36,0
CUST_09964,Premium,Google Search,19,7,2784.06,0
CUST_09965,Premium,Email Marketing,19,5,1652.54,0
CUST_09966,Basic,Google Search,27,2,4276.78,1
CUST_09967,Basic,Google Search,26,4,3039.19,0
CUST_09968,Premium,Facebook Ads,40,0,4418.78,0
CUST_09969,Premium,Email Marketing,19,3,3056.51,0
CUST_09970,Premium,Google Search,37,5,1014.64,0
CUST_09971,Standard,Facebook Ads,43,0,4028.17,0
CUST_09972,Standard,Email Marketing,44,3,2415.04,0
CUST_09973,Premium,Google Search,28,2,3685.57,0
CUST_09974,Basic,Google Search,45,5,176.05,1
CUST_09975,Basic,Facebook Ads,48,7,116.79,1
CUST_09976,Standard,Email Marketing,18,7,4307.65,1
CUST_09977,Basic,Email Marketing,17,7,292.85,1
CUST_09978,Basic,Facebook Ads,15,4,3798.85,0
CUST_09979,Standard,Google Search,4,0,478.95,0
CUST_09980,Standard,Organic,8,0,237.35,0
CUST_09981,Basic,Organic,16,7,298.02,1
CUST_09982,Standard,Email Marketing,9,5,411.01,0
CUST_09983,Premium,Facebook Ads,9,6,3904.68,0
CUST_09984,Basic,Google Search,13,3,244.23,0
CUST_09985,Standard,Organic,39,4,3492.13,0
CUST_09986,Standard,Facebook Ads,26,5,1768.11,1
CUST_09987,Premium,Google Search,4,5,4034.22,0
CUST_09988,Standard,Google Search,17,5,944.78,0
CUST_09989,Premium,Organic,1,0,933.19,0
CUST_09990,Standard,Google Search,34,1,1100.55,0
CUST_09991,Basic,Facebook Ads,34,5,124.72,0
CUST_09992,Premium,Organic,47,0,2989.57,0
CUST_09993,Basic,Organic,33,6,54.0,1
CUST_09994,Premium,Google Search,8,5,3261.46,0
CUST_09995,Basic,Organic,24,4,4006.77,0
CUST_09996,Basic,Facebook Ads,31,0,503.61,0
CUST_09997,Basic,Organic,36,6,360.11,0
CUST_09998,Basic,Facebook Ads,18,5,340.91,1
CUST_09999,Basic,Email Marketing,30,6,83.83,1
CUST_10000,Standard,Organic,42,6,3148.79,0
CUST_10001,Standard,Organic,10,2,4326.04,0
CUST_10002,Basic,Google Search,6,5,357.55,1
CUST_10003,Premium,Facebook Ads,16,1,4493.06,0
CUST_10004,Premium,Facebook Ads,33,4,3795.13,0
CUST_10005,Premium,Email Marketing,5,0,1835.87,0
CUST_10006,Premium,Email Marketing,45,5,2290.26,0
CUST_10007,Standard,Google Search,25,1,220.72,0
CUST_10008,Standard,Google Search,36,7,508.35,0
CUST_10009,Premium,Google Search,47,6,1456.9,1
CUST_10010,Premium,Email Marketing,18,5,3842.55,0
CUST_10011,Basic,Organic,45,0,3541.0,0
CUST_10012,Basic,Facebook Ads,18,1,1934.56,0
CUST_10013,Premium,Google Search,41,3,2184.2,0
CUST_10014,Standard,Organic,29,5,1941.14,0
CUST_10015,Premium,Facebook Ads,29,3,607.5,0
CUST_10016,Basic,Facebook Ads,11,3,2168.52,0
CUST_10017,Standard,Email Marketing,39,1,893.47,0
CUST_10018,Standard,Google Search,47,7,4148.25,0
CUST_10019,Basic,Facebook Ads,29,5,287.34,1
CUST_10020,Premium,Organic,27,4,3880.95,0
CUST_10021,Standard,Organic,44,4,2723.23,0
CUST_10022,Basic,Organic,19,3,195.85,0
CUST_10023,Standard,Facebook Ads,40,5,2756.01,0
CUST_10024,Premium,Organic,8,3,3761.28,0
CUST_10025,Standard,Email Marketing,31,5,3284.07,0
CUST_10026,Standard,Facebook Ads,35,7,NaN,0
CUST_10027,Standard,Email Marketing,35,1,1116.06,0
CUST_10028,Standard,Organic,18,0,4036.4,0
CUST_10029,Basic,Facebook Ads,8,2,2995.51,0
CUST_10030,Standard,Google Search,11,0,1695.6,0
CUST_10031,Premium,Google Search,45,5,622.15,0
CUST_10032,Standard,Facebook Ads,48,3,4139.19,0
CUST_10033,Premium,Facebook Ads,26,2,2072.01,0
CUST_10034,Standard,Facebook Ads,44,4,2795.69,0
CUST_10035,Basic,Google Search,21,1,1765.28,0
CUST_10036,Basic,Facebook Ads,2,3,1610.28,0
CUST_10037,Standard,Google Search,46,1,3340.09,0
CUST_10038,Premium,Organic,48,3,4024.24,0
CUST_10039,Standard,Email Marketing,44,1,853.13,0
CUST_10040,Standard,Organic,26,0,1248.16,0
CUST_10041,Basic,Organic,13,0,1009.24,0
CUST_10042,Basic,Google Search,17,3,1573.55,0
CUST_10043,Premium,Facebook Ads,43,1,2613.24,0
CUST_10044,Premium,Email Marketing,14,4,153.6,0
CUST_10045,Basic,Google Search,48,5,331.88,1
CUST_10046,Basic,Email Marketing,18,4,919.44,0
CUST_10047,Standard,Organic,26,0,1345.71,0
CUST_10048,Standard,Google Search,12,6,2645.47,0
CUST_10049,Premium,Organic,11,6,1149.7,0
CUST_10050,Premium,Email Marketing,16,0,2176.2,0
CUST_10051,Basic,Email Marketing,12,7,364.89,1
CUST_10052,Basic,Organic,25,0,2629.28,0
CUST_10053,Basic,Email Marketing,2,6,84.02,1
CUST_10054,Basic,Facebook Ads,46,7,152.28,1
CUST_10055,Standard,Google Search,11,4,NaN,0
CUST_10056,Standard,Google Search,3,3,4401.66,0
CUST_10057,Premium,Google Search,38,2,3163.51,0
CUST_10058,Premium,Email Marketing,8,3,2428.24,0
CUST_10059,Premium,Email Marketing,7,1,1584.28,0
CUST_10060,Standard,Email Marketing,48,1,2979.66,0
CUST_10061,Premium,Organic,24,4,3732.09,0
CUST_10062,Premium,Facebook Ads,12,4,2000.37,0
CUST_10063,Premium,Facebook Ads,41,1,3748.59,0
CUST_10064,Premium,Google Search,17,6,1913.54,0
CUST_10065,Basic,Email Marketing,42,4,405.13,0
CUST_10066,Standard,Facebook Ads,34,7,748.44,0
CUST_10067,Basic,Organic,15,4,1052.01,0
CUST_10068,Premium,Organic,47,3,253.63,0
CUST_10069,Standard,Google Search,1,4,3239.19,0
CUST_10070,Basic,Email Marketing,30,3,1306.25,0
CUST_10071,Premium,Organic,36,0,1114.29,0
CUST_10072,Standard,Google Search,33,7,3742.21,0
CUST_10073,Premium,Google Search,22,1,2740.41,0
CUST_10074,Premium,Facebook Ads,20,1,1147.83,1
CUST_10075,Premium,Google Search,46,6,3778.87,0
CUST_10076,Premium,Google Search,36,1,535.07,0
CUST_10077,Premium,Organic,33,1,2478.05,0
CUST_10078,Standard,Facebook Ads,23,4,2194.05,0
CUST_10079,Premium,Organic,34,2,658.17,0
CUST_10080,Standard,Google Search,9,6,1900.78,1
CUST_10081,Basic,Organic,26,1,741.75,0
CUST_10082,Premium,Facebook Ads,39,0,1972.03,1
CUST_10083,Standard,Email Marketing,42,5,2511.65,0
CUST_10084,Standard,Google Search,17,1,1359.81,0
CUST_10085,Premium,Organic,31,4,776.19,1
CUST_10086,Standard,Organic,3,2,3781.21,0
CUST_10087,Standard,Organic,26,3,514.99,1
CUST_10088,Standard,Email Marketing,43,2,983.09,0
CUST_10089,Basic,Facebook Ads,36,5,208.44,1
CUST_10090,Basic,Google Search,34,5,240.24,1
CUST_10091,Basic,Email Marketing,16,1,2520.13,0
CUST_10092,Standard,Email Marketing,21,2,617.15,0
CUST_10093,Basic,Facebook Ads,48,2,NaN,0
CUST_10094,Basic,Google Search,15,4,2085.45,0
CUST_10095,Standard,Email Marketing,22,1,3547.47,0
CUST_10096,Premium,Organic,48,1,3164.11,0
CUST_10097,Premium,Email Marketing,38,4,2217.64,0
CUST_10098,Basic,Organic,24,1,759.09,0
CUST_10099,Standard,Google Search,21,0,2149.65,0
CUST_10100,Premium,Google Search,20,7,534.18,0
CUST_10101,Standard,Facebook Ads,31,0,4394.18,0
CUST_10102,Premium,Organic,15,7,1023.37,0
CUST_10103,Premium,Email Marketing,13,3,4032.11,0
CUST_10104,Standard,Facebook Ads,16,2,2864.37,0
CUST_10105,Standard,Facebook Ads,1,4,831.33,0
CUST_10106,Standard,Google Search,36,0,2781.03,0
CUST_10107,Standard,Organic,8,3,4260.51,0
CUST_10108,Standard,Google Search,6,1,4366.22,0
CUST_10109,Basic,Google Search,15,3,2681.77,0
CUST_10110,Basic,Google Search,1,0,3836.99,0
CUST_10111,Standard,Facebook Ads,22,3,2691.04,0
CUST_10112,Standard,Google Search,25,6,2988.89,0
CUST_10113,Basic,Google Search,3,3,1344.85,0
CUST_10114,Premium,Organic,46,5,205.33,0
CUST_10115,Standard,Google Search,30,6,1000.63,0
CUST_10116,Standard,Organic,7,2,1405.66,0
CUST_10117,Standard,Organic,29,0,3666.89,0
CUST_10118,Standard,Organic,27,2,1078.99,0
CUST_10119,Premium,Google Search,20,7,3206.29,0
CUST_10120,Basic,Facebook Ads,17,0,1678.46,0
CUST_10121,Premium,Email Marketing,16,5,740.02,0
CUST_10122,Standard,Email Marketing,7,5,417.24,0
CUST_10123,Basic,Google Search,12,3,4189.87,0
CUST_10124,Premium,Email Marketing,29,7,1760.8,0
CUST_10125,Premium,Email Marketing,33,1,585.26,0
CUST_10126,Premium,Google Search,11,6,2820.53,0
CUST_10127,Standard,Google Search,44,5,4019.59,0
CUST_10128,Premium,Organic,8,1,2125.08,0
CUST_10129,Standard,Google Search,42,6,2463.88,0
CUST_10130,Premium,Organic,32,2,517.55,0
CUST_10131,Basic,Facebook Ads,17,2,2375.56,0
CUST_10132,Premium,Facebook Ads,38,5,2276.46,0
CUST_10133,Premium,Google Search,47,4,3625.37,1
CUST_10134,Standard,Google Search,33,7,2920.53,0
CUST_10135,Standard,Email Marketing,41,3,3356.88,0
CUST_10136,Standard,Facebook Ads,5,1,2266.56,0
CUST_10137,Premium,Email Marketing,8,6,1911.79,1
CUST_10138,Basic,Facebook Ads,42,2,3963.12,0
CUST_10139,Standard,Organic,38,4,1099.31,0
CUST_10140,Basic,Email Marketing,16,6,128.24,1
CUST_10141,Standard,Google Search,17,7,4259.0,0
CUST_10142,Premium,Google Search,13,1,2689.91,0
CUST_10143,Standard,Facebook Ads,21,1,3795.44,0
CUST_10144,Basic,Facebook Ads,42,1,1775.21,0
CUST_10145,Standard,Email Marketing,31,7,NaN,0
CUST_10146,Basic,Email Marketing,45,4,4491.83,0
CUST_10147,Basic,Facebook Ads,38,2,3439.53,0
CUST_10148,Basic,Facebook Ads,36,5,137.36,1
CUST_10149,Premium,Organic,4,5,1513.85,0
CUST_10150,Basic,Facebook Ads,21,3,2369.74,0
CUST_10151,Basic,Email Marketing,45,7,165.36,1
CUST_10152,Standard,Google Search,46,2,1408.13,0
CUST_10153,Premium,Facebook Ads,30,6,591.28,0
CUST_10154,Basic,Organic,1,2,1375.2,0
CUST_10155,Basic,Facebook Ads,5,3,1742.32,0
CUST_10156,Standard,Email Marketing,8,1,1067.15,0
CUST_10157,Basic,Facebook Ads,1,6,330.75,1
CUST_10158,Premium,Google Search,34,2,1625.94,0
CUST_10159,Basic,Facebook Ads,43,5,388.48,1
CUST_10160,Standard,Email Marketing,5,0,2586.38,0
CUST_10161,Standard,Organic,10,5,1115.6,0
CUST_10162,Premium,Google Search,39,3,2394.2,0
CUST_10163,Premium,Google Search,18,4,1412.07,0
CUST_10164,Basic,Organic,9,3,3836.45,0
CUST_10165,Premium,Organic,18,3,3594.1,0
CUST_10166,Basic,Facebook Ads,43,0,780.69,0
CUST_10167,Standard,Email Marketing,23,7,2923.34,0
CUST_10168,Premium,Organic,18,0,749.71,0
CUST_10169,Premium,Facebook Ads,46,5,2650.42,0
CUST_10170,Standard,Email Marketing,7,3,1286.95,0
CUST_10171,Premium,Organic,12,2,3061.1,0
CUST_10172,Standard,Email Marketing,42,0,1203.07,0
CUST_10173,Basic,Google Search,25,0,471.26,0
CUST_10174,Standard,Facebook Ads,34,0,1478.23,0
CUST_10175,Standard,Google Search,29,1,1373.38,0
CUST_10176,Standard,Email Marketing,10,7,1911.98,0
CUST_10177,Basic,Facebook Ads,8,4,2821.74,0
CUST_10178,Premium,Organic,38,6,363.32,0
CUST_10179,Standard,Organic,31,5,3467.77,0
CUST_10180,Premium,Facebook Ads,11,5,4010.73,0
CUST_10181,Basic,Facebook Ads,31,3,4070.52,0
CUST_10182,Standard,Facebook Ads,16,2,202.04,0
CUST_10183,Premium,Email Marketing,5,3,3244.31,0
CUST_10184,Premium,Email Marketing,47,3,2549.24,0
CUST_10185,Premium,Facebook Ads,37,1,506.5,0
CUST_10186,Basic,Google Search,18,6,119.13,1
CUST_10187,Premium,Email Marketing,8,6,287.46,0
CUST_10188,Standard,Facebook Ads,1,1,1314.75,0
CUST_10189,Standard,Facebook Ads,3,0,402.14,0
CUST_10190,Premium,Email Marketing,46,5,3241.9,0
CUST_10191,Premium,Facebook Ads,47,3,1748.56,0
CUST_10192,Basic,Email Marketing,23,6,88.85,1
CUST_10193,Basic,Email Marketing,23,5,NaN,1
CUST_10194,Basic,Facebook Ads,20,5,NaN,1
CUST_10195,Standard,Facebook Ads,46,6,573.61,0
CUST_10196,Premium,Google Search,37,4,1870.13,0
CUST_10197,Basic,Email Marketing,39,5,376.71,1
CUST_10198,Basic,Facebook Ads,44,7,56.14,1
CUST_10199,Basic,Organic,2,1,2999.27,0
CUST_10200,Standard,Organic,35,0,1171.19,0
CUST_10201,Premium,Facebook Ads,12,1,2997.03,1
CUST_10202,Standard,Email Marketing,22,4,3979.55,0
CUST_10203,Premium,Google Search,44,5,3976.19,0
CUST_10204,Basic,Email Marketing,28,2,3108.62,0
CUST_10205,Basic,Organic,19,6,80.0,1
CUST_10206,Standard,Google Search,21,3,2379.75,0
CUST_10207,Basic,Organic,38,3,2514.79,0
CUST_10208,Premium,Email Marketing,32,7,1218.99,0
CUST_10209,Standard,Google Search,1,4,2455.96,0
CUST_10210,Basic,Google Search,41,1,1294.63,0
CUST_10211,Standard,Email Marketing,8,0,4470.0,0
CUST_10212,Basic,Google Search,13,3,1676.81,0
CUST_10213,Standard,Google Search,29,2,1290.02,0
CUST_10214,Premium,Google Search,24,2,228.57,0
CUST_10215,Basic,Email Marketing,9,3,2822.56,0
CUST_10216,Standard,Email Marketing,3,2,3593.11,0
CUST_10217,Premium,Email Marketing,44,7,4273.2,0
CUST_10218,Standard,Facebook Ads,27,6,1885.28,0
CUST_10219,Basic,Facebook Ads,12,4,2784.33,0
CUST_10220,Standard,Organic,30,0,3646.56,0
CUST_10221,Premium,Google Search,23,4,2347.02,0
CUST_10222,Standard,Google Search,20,7,503.65,1
CUST_10223,Standard,Email Marketing,6,7,312.79,0
CUST_10224,Standard,Google Search,24,2,2774.86,0
CUST_10225,Premium,Organic,12,1,1402.03,0
CUST_10226,Basic,Google Search,35,1,870.3,0
CUST_10227,Standard,Email Marketing,23,0,1067.92,0
CUST_10228,Basic,Facebook Ads,42,1,2817.74,0
CUST_10229,Standard,Email Marketing,26,6,3418.95,0
CUST_10230,Premium,Email Marketing,19,3,1383.26,0
CUST_10231,Premium,Google Search,23,4,4101.79,0
CUST_10232,Premium,Email Marketing,16,4,1446.55,1
CUST_10233,Premium,Facebook Ads,10,4,1541.3,0
CUST_10234,Standard,Organic,32,6,1604.61,0
CUST_10235,Standard,Google Search,37,3,3576.57,0
CUST_10236,Basic,Facebook Ads,38,5,85.98,1
CUST_10237,Standard,Google Search,16,3,892.52,0
CUST_10238,Premium,Email Marketing,7,4,3572.58,0
CUST_10239,Standard,Organic,7,1,1823.98,0
CUST_10240,Basic,Email Marketing,31,4,NaN,0
CUST_10241,Standard,Facebook Ads,3,5,324.29,0
CUST_10242,Basic,Facebook Ads,11,5,167.89,0
CUST_10243,Standard,Google Search,34,7,4053.43,0
CUST_10244,Premium,Email Marketing,47,5,407.38,0
CUST_10245,Standard,Organic,33,5,2524.97,0
CUST_10246,Basic,Facebook Ads,44,7,348.91,1
CUST_10247,Basic,Email Marketing,38,4,3098.71,0
CUST_10248,Basic,Organic,29,4,2553.27,0
CUST_10249,Standard,Email Marketing,30,7,3876.47,0
CUST_10250,Standard,Facebook Ads,12,2,2054.43,0
CUST_10251,Premium,Google Search,24,3,2340.94,0
CUST_10252,Basic,Organic,12,4,3660.44,0
CUST_10253,Standard,Facebook Ads,17,7,1510.93,0
CUST_10254,Basic,Email Marketing,13,0,2197.71,0
CUST_10255,Premium,Facebook Ads,30,5,4019.12,0
CUST_10256,Basic,Facebook Ads,41,1,3035.19,0
CUST_10257,Basic,Facebook Ads,21,5,295.25,1
CUST_10258,Premium,Email Marketing,27,4,3509.68,0
CUST_10259,Standard,Facebook Ads,38,0,693.84,0
CUST_10260,Standard,Google Search,34,6,1953.27,0
CUST_10261,Premium,Facebook Ads,31,1,224.7,0
CUST_10262,Premium,Google Search,8,1,253.27,1
CUST_10263,Premium,Email Marketing,2,5,2433.34,0
CUST_10264,Premium,Organic,3,6,1436.41,0
CUST_10265,Standard,Google Search,9,0,285.1,0
CUST_10266,Basic,Google Search,32,6,176.17,0
CUST_10267,Standard,Google Search,44,2,2689.59,0
CUST_10268,Premium,Facebook Ads,11,UNKNOWN,3426.58,0
CUST_10269,Premium,Email Marketing,13,1,3144.4,1
CUST_10270,Premium,Facebook Ads,36,5,3356.1,0
CUST_10271,Premium,Organic,7,7,2390.86,0
CUST_10272,Standard,Organic,31,1,3644.76,0
CUST_10273,Standard,Organic,41,6,682.55,0
CUST_10274,Basic,Organic,17,5,320.48,1
CUST_10275,Basic,Facebook Ads,17,6,351.67,1
CUST_10276,Premium,Organic,6,6,1008.04,0
CUST_10277,Premium,Google Search,10,0,2590.74,0
CUST_10278,Standard,Organic,28,4,3722.94,0
CUST_10279,Basic,Email Marketing,47,3,188.49,0
CUST_10280,Basic,Facebook Ads,46,4,3402.08,0
CUST_10281,Basic,Google Search,12,6,239.91,1
CUST_10282,Standard,Google Search,6,6,371.05,0
CUST_10283,Standard,Email Marketing,25,6,388.15,0
CUST_10284,Standard,Google Search,16,1,474.21,0
CUST_10285,Premium,Facebook Ads,1,4,2038.9,0
CUST_10286,Premium,Google Search,9,2,2349.83,0
CUST_10287,Premium,Facebook Ads,12,2,253.73,0
CUST_10288,Standard,Facebook Ads,27,6,403.13,0
CUST_10289,Premium,Facebook Ads,6,3,4328.06,0
CUST_10290,Basic,Organic,31,4,563.07,0
CUST_10291,Premium,Facebook Ads,16,3,4480.23,0
CUST_10292,Premium,Email Marketing,45,0,341.54,0
CUST_10293,Standard,Organic,44,7,NaN,0
CUST_10294,Basic,Google Search,29,7,333.49,1
CUST_10295,Basic,Facebook Ads,28,0,1013.15,0
CUST_10296,Premium,Email Marketing,20,7,3479.86,0
CUST_10297,Premium,Organic,24,2,161.58,0
CUST_10298,Premium,Organic,4,5,648.71,0
CUST_10299,Basic,Organic,45,1,1883.3,0
CUST_10300,Premium,Organic,11,3,613.9,0
CUST_10301,Standard,Google Search,5,4,1662.87,0
CUST_10302,Basic,Email Marketing,13,1,4392.73,0
CUST_10303,Standard,Facebook Ads,46,5,2210.01,0
CUST_10304,Premium,Email Marketing,6,3,1614.07,0
CUST_10305,Basic,Facebook Ads,43,2,4010.07,0
CUST_10306,Basic,Facebook Ads,30,7,315.65,1
CUST_10307,Basic,Email Marketing,26,3,3079.18,1
CUST_10308,Basic,Organic,10,4,2463.82,0
CUST_10309,Premium,Email Marketing,32,4,3980.21,0
CUST_10310,Basic,Google Search,35,1,4001.31,0
CUST_10311,Premium,Facebook Ads,36,5,1370.79,0
CUST_10312,Basic,Facebook Ads,23,3,603.05,0
CUST_10313,Basic,Email Marketing,43,1,1969.35,0
CUST_10314,Standard,Organic,30,7,3896.07,0
CUST_10315,Basic,Google Search,22,5,139.57,0
CUST_10316,Premium,Google Search,23,5,2036.36,0
CUST_10317,Premium,Organic,10,2,1454.96,0
CUST_10318,Standard,Organic,39,7,617.63,1
CUST_10319,Basic,Google Search,3,5,269.89,1
CUST_10320,Premium,Organic,27,1,1402.83,0
CUST_10321,Standard,Organic,44,5,2902.49,0
CUST_10322,Standard,Facebook Ads,42,5,3545.42,0
CUST_10323,Premium,Organic,21,3,536.63,0
CUST_10324,Premium,Organic,16,5,3488.25,0
CUST_10325,Basic,Facebook Ads,47,0,2406.64,0
CUST_10326,Basic,Facebook Ads,33,3,2391.91,0
CUST_10327,Standard,Email Marketing,16,7,342.35,0
CUST_10328,Premium,Google Search,4,7,1771.68,0
CUST_10329,Basic,Organic,45,2,1294.53,0
CUST_10330,Standard,Email Marketing,41,7,1206.89,0
CUST_10331,Premium,Google Search,20,7,3754.97,0
CUST_10332,Premium,Facebook Ads,2,3,3787.62,0
CUST_10333,Standard,Google Search,8,6,485.08,1
CUST_10334,Standard,Google Search,38,4,4151.71,0
CUST_10335,Premium,Facebook Ads,14,5,1316.19,0
CUST_10336,Standard,Facebook Ads,48,2,291.23,0
CUST_10337,Basic,Email Marketing,48,3,1170.8,0
CUST_10338,Standard,Email Marketing,8,7,1585.79,1
CUST_10339,Standard,Organic,41,0,4182.99,0
CUST_10340,Standard,Organic,28,0,2981.52,0
CUST_10341,Standard,Email Marketing,44,2,3045.13,0
CUST_10342,Standard,Google Search,19,1,1949.48,0
CUST_10343,Standard,Email Marketing,35,3,3244.96,0
CUST_10344,Basic,Organic,4,5,240.98,0
CUST_10345,Basic,Facebook Ads,28,1,1901.5,0
CUST_10346,Standard,Google Search,14,3,513.51,0
CUST_10347,Standard,Google Search,33,1,2085.95,1
CUST_10348,Basic,Google Search,17,1,2896.43,0
CUST_10349,Standard,Google Search,16,0,248.81,0
CUST_10350,Standard,Email Marketing,16,7,2044.87,0
CUST_10351,Premium,Google Search,21,7,3840.2,0
CUST_10352,Standard,Organic,13,0,1130.5,0
CUST_10353,Basic,Google Search,34,4,4300.19,0
CUST_10354,Premium,Google Search,43,4,3873.13,0
CUST_10355,Basic,Organic,37,3,236.85,0
CUST_10356,Premium,Organic,30,6,1427.32,0
CUST_10357,Standard,Organic,22,1,2022.67,0
CUST_10358,Premium,Email Marketing,35,4,1777.99,0
CUST_10359,Basic,Email Marketing,1,0,4407.1,0
CUST_10360,Premium,Organic,17,0,4329.27,0
CUST_10361,Basic,Facebook Ads,32,0,1003.0,0
CUST_10362,Standard,Facebook Ads,42,6,1057.86,0
CUST_10363,Premium,Organic,4,2,3018.44,0
CUST_10364,Basic,Email Marketing,21,1,1120.79,0
CUST_10365,Standard,Google Search,13,1,3593.81,0
CUST_10366,Premium,Organic,19,6,264.87,0
CUST_10367,Premium,Google Search,23,7,3012.92,1
CUST_10368,Standard,Facebook Ads,42,2,1990.66,0
CUST_10369,Standard,Google Search,12,6,2553.14,0
CUST_10370,Premium,Organic,17,3,2302.48,0
CUST_10371,Premium,Google Search,48,5,2966.08,0
CUST_10372,Premium,Email Marketing,2,3,2310.62,0
CUST_10373,Standard,Organic,14,2,NaN,0
CUST_10374,Premium,Google Search,6,4,4411.43,1
CUST_10375,Standard,Facebook Ads,11,3,2757.5,0
CUST_10376,Basic,Email Marketing,31,5,263.13,1
CUST_10377,Standard,Google Search,23,5,4190.66,0
CUST_10378,Basic,Email Marketing,26,2,771.07,0
CUST_10379,Premium,Email Marketing,26,3,3544.43,0
CUST_10380,Premium,Email Marketing,5,7,3495.37,0
CUST_10381,Basic,Email Marketing,22,7,396.25,1
CUST_10382,Premium,Google Search,46,1,353.67,0
CUST_10383,Standard,Organic,14,3,2511.46,0
CUST_10384,Basic,Organic,38,1,651.23,0
CUST_10385,Basic,Organic,42,6,147.69,0
CUST_10386,Basic,Facebook Ads,11,5,188.96,1
CUST_10387,Basic,Google Search,7,2,2844.13,0
CUST_10388,Premium,Email Marketing,7,1,3007.93,1
CUST_10389,Basic,Google Search,14,6,119.02,1
CUST_10390,Basic,Organic,9,4,656.9,0
CUST_10391,Premium,Email Marketing,6,6,2976.83,0
CUST_10392,Standard,Facebook Ads,34,7,2628.91,0
CUST_10393,Basic,Facebook Ads,31,3,534.55,0
CUST_10394,Premium,Organic,21,4,4251.83,0
CUST_10395,Basic,Organic,40,0,3680.95,0
CUST_10396,Basic,Email Marketing,12,2,3275.22,0
CUST_10397,Standard,Email Marketing,21,3,2950.04,0
CUST_10398,Basic,Google Search,26,5,219.72,0
CUST_10399,Basic,Organic,40,4,2496.29,0
CUST_10400,Premium,Organic,43,4,1129.19,0
CUST_10401,Standard,Organic,9,6,471.52,0
CUST_10402,Standard,Organic,16,2,1536.11,0
CUST_10403,Standard,Organic,20,2,1642.46,0
CUST_10404,Basic,Facebook Ads,45,0,2163.78,0
CUST_10405,Basic,Email Marketing,30,0,451.01,0
CUST_10406,Basic,Facebook Ads,8,3,676.15,0
CUST_10407,Basic,Facebook Ads,7,6,215.9,1
CUST_10408,Basic,Email Marketing,11,3,2895.43,1
CUST_10409,Standard,Organic,35,7,4007.7,0
CUST_10410,Basic,Organic,7,3,2052.97,0
CUST_10411,Standard,Organic,7,3,3344.86,0
CUST_10412,Basic,Google Search,35,5,99.75,1
CUST_10413,Standard,Facebook Ads,41,6,3365.47,0
CUST_10414,Standard,Facebook Ads,2,4,661.81,0
CUST_10415,Standard,Google Search,36,4,1718.19,0
CUST_10416,Premium,Facebook Ads,7,2,782.14,1
CUST_10417,Premium,Google Search,38,5,1645.31,0
CUST_10418,Standard,Email Marketing,10,0,883.47,0
CUST_10419,Standard,Email Marketing,46,2,1605.03,0
CUST_10420,Standard,Organic,13,5,373.66,0
CUST_10421,Standard,Google Search,47,5,1697.94,0
CUST_10422,Standard,Google Search,25,7,4193.54,0
CUST_10423,Premium,Google Search,19,5,1425.03,1
CUST_10424,Standard,Facebook Ads,10,4,3966.27,0
CUST_10425,Basic,Google Search,32,2,2832.47,0
CUST_10426,Premium,Organic,4,5,2817.32,0
CUST_10427,Standard,Email Marketing,23,0,2032.27,0
CUST_10428,Premium,Email Marketing,22,0,3017.02,0
CUST_10429,Premium,Email Marketing,24,3,2032.62,0
CUST_10430,Standard,Organic,43,6,1811.53,0
CUST_10431,Standard,Organic,44,5,2986.62,0
CUST_10432,Standard,Organic,5,6,4075.63,0
CUST_10433,Standard,Google Search,22,7,1551.94,0
CUST_10434,Standard,Google Search,16,2,1476.53,0
CUST_10435,Standard,Facebook Ads,35,5,4109.93,0
CUST_10436,Standard,Google Search,41,6,952.89,0
CUST_10437,Premium,Email Marketing,6,7,3263.5,1
CUST_10438,Standard,Organic,16,6,1788.55,0
CUST_10439,Premium,Google Search,20,6,NaN,0
CUST_10440,Premium,Facebook Ads,14,1,3076.29,0
CUST_10441,Standard,Email Marketing,11,0,2428.57,1
CUST_10442,Basic,Facebook Ads,16,7,319.16,1
CUST_10443,Standard,Organic,30,2,1968.23,0
CUST_10444,Premium,Facebook Ads,32,5,3792.49,1
CUST_10445,Standard,Facebook Ads,14,3,2966.71,0
CUST_10446,Premium,Google Search,24,7,2707.01,0
CUST_10447,Premium,Email Marketing,42,0,4432.27,0
CUST_10448,Basic,Organic,28,2,3956.31,0
CUST_10449,Basic,Organic,41,1,653.89,0
CUST_10450,Standard,Email Marketing,24,7,3937.11,1
CUST_10451,Standard,Organic,7,5,1175.17,0
CUST_10452,Standard,Organic,20,7,3652.02,0
CUST_10453,Standard,Email Marketing,3,6,3091.47,0
CUST_10454,Standard,Organic,24,3,2516.27,0
CUST_10455,Basic,Organic,35,4,2195.81,0
CUST_10456,Basic,Facebook Ads,17,3,2764.78,1
CUST_10457,Standard,Google Search,16,1,1823.16,0
CUST_10458,Basic,Google Search,45,3,4121.67,0
CUST_10459,Basic,Facebook Ads,7,4,1179.48,0
CUST_10460,Standard,Facebook Ads,4,7,189.4,0
CUST_10461,Premium,Facebook Ads,48,0,793.82,0
CUST_10462,Premium,Organic,4,7,3362.59,1
CUST_10463,Basic,Email Marketing,6,4,705.52,0
CUST_10464,Premium,Email Marketing,18,3,4081.97,0
CUST_10465,Premium,Organic,1,2,437.17,0
CUST_10466,Standard,Google Search,27,6,3174.35,0
CUST_10467,Standard,Email Marketing,44,0,3881.43,0
CUST_10468,Standard,Email Marketing,3,7,604.46,0
CUST_10469,Standard,Facebook Ads,26,4,2580.79,0
CUST_10470,Basic,Email Marketing,48,2,2414.04,0
CUST_10471,Standard,Organic,33,4,2751.94,0
CUST_10472,Basic,Email Marketing,30,7,NaN,0
CUST_10473,Standard,Email Marketing,21,4,3105.94,0
CUST_10474,Premium,Google Search,33,5,3718.46,0
CUST_10475,Basic,Google Search,13,4,1413.36,0
CUST_10476,Premium,Organic,32,0,3145.17,1
CUST_10477,Standard,Google Search,11,3,2481.69,0
CUST_10478,Standard,Email Marketing,28,6,3324.87,1
CUST_10479,Basic,Organic,39,7,136.78,1
CUST_10480,Standard,Facebook Ads,42,4,1157.42,0
CUST_10481,Premium,Email Marketing,23,7,894.72,0
CUST_10482,Standard,Organic,38,6,825.08,0
CUST_10483,Premium,Email Marketing,39,4,3651.69,0
CUST_10484,Standard,Organic,12,6,2719.13,1
CUST_10485,Premium,Facebook Ads,15,2,1611.0,0
CUST_10486,Premium,Email Marketing,43,0,3818.99,0
CUST_10487,Basic,Facebook Ads,36,2,2650.83,0
CUST_10488,Standard,Organic,5,4,3530.97,0
CUST_10489,Basic,Email Marketing,15,5,398.4,1
CUST_10490,Premium,Google Search,23,6,1799.53,0
CUST_10491,Premium,Google Search,41,1,3704.12,0
CUST_10492,Premium,Facebook Ads,8,4,NaN,0
CUST_10493,Standard,Organic,39,7,2905.22,0
CUST_10494,Standard,Facebook Ads,31,6,1041.06,0
CUST_10495,Premium,Organic,6,7,1215.35,0
CUST_10496,Standard,Email Marketing,6,0,3065.58,0
CUST_10497,Basic,Google Search,40,6,365.07,1
CUST_10498,Premium,Email Marketing,31,7,1463.07,0
CUST_10499,Basic,Organic,25,4,1441.51,0
CUST_10500,Basic,Organic,23,4,424.49,0
CUST_10501,Basic,Organic,36,5,328.42,1
CUST_10502,Basic,Google Search,17,1,4211.43,0
CUST_10503,Premium,Facebook Ads,48,3,873.9,0
CUST_10504,Premium,Google Search,19,6,4493.18,0
CUST_10505,Basic,Google Search,36,5,340.73,1
CUST_10506,Premium,Google Search,20,3,3598.98,0
CUST_10507,Premium,Google Search,9,2,1831.98,0
CUST_10508,Premium,Email Marketing,33,4,3912.12,0
CUST_10509,Standard,Facebook Ads,13,UNKNOWN,1628.56,0
CUST_10510,Premium,Email Marketing,26,3,757.53,0
CUST_10511,Premium,Facebook Ads,10,6,3089.5,0
CUST_10512,Standard,Email Marketing,23,3,2779.69,1
CUST_10513,Basic,Organic,37,1,263.65,0
CUST_10514,Premium,Organic,1,1,3685.9,0
CUST_10515,Premium,Email Marketing,3,3,1734.78,0
CUST_10516,Standard,Google Search,16,1,4247.74,0
CUST_10517,Premium,Facebook Ads,18,6,2071.81,0
CUST_10518,Premium,Email Marketing,25,2,3453.74,1
CUST_10519,Standard,Google Search,1,3,645.07,0
CUST_10520,Basic,Facebook Ads,13,6,297.29,1
CUST_10521,Standard,Facebook Ads,42,4,2943.2,0
CUST_10522,Basic,Facebook Ads,27,6,225.44,1
CUST_10523,Basic,Email Marketing,31,6,288.77,1
CUST_10524,Premium,Email Marketing,14,7,281.86,0
CUST_10525,Premium,Organic,38,2,4080.95,0
CUST_10526,Standard,Facebook Ads,3,6,484.2,0
CUST_10527,Standard,Facebook Ads,15,0,1815.3,0
CUST_10528,Standard,Google Search,35,2,3201.83,0
CUST_10529,Premium,Organic,46,0,3031.97,0
CUST_10530,Standard,Organic,31,1,2250.67,1
CUST_10531,Premium,Organic,41,0,684.67,0
CUST_10532,Standard,Email Marketing,28,3,2669.9,0
CUST_10533,Basic,Google Search,9,5,90.54,1
CUST_10534,Standard,Facebook Ads,26,2,3810.27,0
CUST_10535,Basic,Facebook Ads,27,6,99.05,1
CUST_10536,Premium,Organic,22,3,1393.21,0
CUST_10537,Premium,Google Search,33,2,1667.49,0
CUST_10538,Premium,Google Search,46,6,1796.89,0
CUST_10539,Basic,Organic,11,0,784.39,0
CUST_10540,Premium,Google Search,2,2,258.59,0
CUST_10541,Premium,Email Marketing,17,0,2346.5,0
CUST_10542,Standard,Email Marketing,7,7,3978.65,0
CUST_10543,Basic,Google Search,23,5,227.36,0
CUST_10544,Standard,Facebook Ads,42,6,503.42,0
CUST_10545,Basic,Google Search,20,0,3331.79,0
CUST_10546,Premium,Facebook Ads,5,1,3506.37,0
CUST_10547,Basic,Email Marketing,44,6,301.3,1
CUST_10548,Premium,Email Marketing,48,2,4442.91,0
CUST_10549,Premium,Facebook Ads,10,5,2552.04,0
CUST_10550,Standard,Google Search,11,4,1154.89,0
CUST_10551,Basic,Google Search,42,0,711.55,0
CUST_10552,Standard,Organic,37,2,4054.72,0
CUST_10553,Basic,Organic,31,3,3900.84,0
CUST_10554,Basic,Email Marketing,43,0,4096.54,0
CUST_10555,Basic,Organic,8,2,1751.64,0
CUST_10556,Basic,Google Search,3,3,4270.85,0
CUST_10557,Standard,Facebook Ads,14,5,NaN,0
CUST_10558,Premium,Email Marketing,24,4,3556.87,0
CUST_10559,Premium,Google Search,25,4,3810.89,0
CUST_10560,Standard,Organic,7,0,1687.13,0
CUST_10561,Standard,Google Search,27,2,1579.93,0
CUST_10562,Standard,Google Search,42,3,3475.83,0
CUST_10563,Premium,Organic,27,5,3235.65,0
CUST_10564,Premium,Google Search,27,6,1061.75,0
CUST_10565,Basic,Email Marketing,29,1,1951.4,0
CUST_10566,Standard,Email Marketing,25,7,638.54,0
CUST_10567,Basic,Email Marketing,36,1,4204.89,0
CUST_10568,Basic,Email Marketing,34,1,2451.64,0
CUST_10569,Basic,Google Search,21,7,298.06,1
CUST_10570,Basic,Email Marketing,39,1,3625.72,0
CUST_10571,Premium,Organic,44,1,2967.09,0
CUST_10572,Premium,Facebook Ads,6,7,3148.41,0
CUST_10573,Premium,Email Marketing,11,4,1873.79,0
CUST_10574,Premium,Email Marketing,22,6,1092.35,0
CUST_10575,Basic,Email Marketing,30,7,335.63,1
CUST_10576,Standard,Google Search,10,6,1244.29,0
CUST_10577,Basic,Organic,24,0,970.05,0
CUST_10578,Basic,Organic,14,6,89.49,1
CUST_10579,Basic,Google Search,32,1,2004.02,0
CUST_10580,Basic,Google Search,9,7,74.04,1
CUST_10581,Standard,Facebook Ads,5,3,1559.02,0
CUST_10582,Premium,Email Marketing,11,6,3692.92,1
CUST_10583,Basic,Facebook Ads,16,6,50.42,1
CUST_10584,Premium,Email Marketing,15,5,1047.58,0
CUST_10585,Premium,Organic,16,7,3187.03,0
CUST_10586,Basic,Facebook Ads,47,5,97.15,1
CUST_10587,Basic,Organic,15,7,324.58,1
CUST_10588,Standard,Facebook Ads,21,2,3008.47,0
CUST_10589,Premium,Facebook Ads,38,1,2257.4,0
CUST_10590,Basic,Email Marketing,30,6,294.37,1
CUST_10591,Standard,Facebook Ads,20,7,2901.05,0
CUST_10592,Premium,Email Marketing,45,4,2544.68,0
CUST_10593,Standard,Organic,38,5,3464.83,0
CUST_10594,Standard,Google Search,24,5,512.26,0
CUST_10595,Basic,Google Search,18,4,3189.97,0
CUST_10596,Basic,Google Search,30,4,NaN,1
CUST_10597,Basic,Organic,31,5,371.29,0
CUST_10598,Basic,Organic,28,0,2447.93,0
CUST_10599,Basic,Google Search,4,3,4187.36,0
CUST_10600,Basic,Facebook Ads,25,3,153.6,0
CUST_10601,Standard,Google Search,37,4,1299.66,0
CUST_10602,Standard,Organic,23,1,2821.18,0
CUST_10603,Premium,Google Search,20,3,1933.73,0
CUST_10604,Standard,Google Search,26,2,503.59,0
CUST_10605,Basic,Google Search,7,6,298.95,1
CUST_10606,Premium,Email Marketing,34,5,561.84,0
CUST_10607,Premium,Organic,12,2,3427.6,0
CUST_10608,Basic,Facebook Ads,16,1,2629.61,0
CUST_10609,Premium,Google Search,34,0,3085.28,0
CUST_10610,Basic,Organic,24,3,2912.09,0
CUST_10611,Standard,Email Marketing,14,7,713.96,0
CUST_10612,Premium,Facebook Ads,30,7,508.99,0
CUST_10613,Basic,Facebook Ads,15,5,79.94,0
CUST_10614,Premium,Organic,32,3,781.15,0
CUST_10615,Basic,Google Search,21,6,318.65,1
CUST_10616,Premium,Google Search,19,4,1947.55,0
CUST_10617,Premium,Organic,47,1,2620.5,1
CUST_10618,Basic,Google Search,11,5,136.16,1
CUST_10619,Basic,Organic,38,0,1060.65,1
CUST_10620,Premium,Organic,26,6,3892.99,0
CUST_10621,Premium,Email Marketing,34,UNKNOWN,3023.06,0
CUST_10622,Basic,Organic,4,0,3529.11,1
CUST_10623,Basic,Email Marketing,19,4,593.59,1
CUST_10624,Standard,Organic,8,0,3925.49,0
CUST_10625,Standard,Email Marketing,1,1,325.09,0
CUST_10626,Standard,Facebook Ads,15,6,2786.95,0
CUST_10627,Basic,Organic,23,6,399.08,0
CUST_10628,Basic,Organic,9,2,3906.05,0
CUST_10629,Basic,Facebook Ads,29,7,330.88,1
CUST_10630,Basic,Organic,13,7,254.4,0
CUST_10631,Premium,Email Marketing,48,5,1009.91,0
CUST_10632,Basic,Facebook Ads,23,0,2195.13,0
CUST_10633,Standard,Organic,6,0,1645.65,0
CUST_10634,Premium,Google Search,45,4,4253.56,0
CUST_10635,Basic,Email Marketing,32,7,107.28,1
CUST_10636,Premium,Facebook Ads,29,0,3464.67,0
CUST_10637,Premium,Facebook Ads,37,7,3513.97,0
CUST_10638,Standard,Google Search,5,5,461.83,0
CUST_10639,Premium,Email Marketing,20,7,2484.06,0
CUST_10640,Standard,Google Search,27,7,2418.89,0
CUST_10641,Standard,Organic,6,4,1518.19,0
CUST_10642,Premium,Organic,28,4,263.57,0
CUST_10643,Basic,Facebook Ads,4,1,594.21,0
CUST_10644,Standard,Google Search,23,2,3646.17,0
CUST_10645,Premium,Organic,12,2,1383.89,0
CUST_10646,Premium,Organic,38,4,837.83,0
CUST_10647,Standard,Facebook Ads,27,3,1342.37,1
CUST_10648,Standard,Email Marketing,34,6,3938.61,0
CUST_10649,Basic,Email Marketing,38,2,3915.15,0
CUST_10650,Basic,Organic,1,3,3981.2,0
CUST_10651,Standard,Facebook Ads,46,1,3431.08,0
CUST_10652,Basic,Email Marketing,39,7,304.07,1
CUST_10653,Standard,Facebook Ads,7,4,2040.15,0
CUST_10654,Premium,Facebook Ads,48,4,961.61,0
CUST_10655,Standard,Organic,4,0,4428.99,0
CUST_10656,Standard,Organic,19,5,924.4,0
CUST_10657,Standard,Email Marketing,26,3,3227.19,0
CUST_10658,Premium,Google Search,33,7,1829.55,0
CUST_10659,Basic,Email Marketing,8,4,608.75,0
CUST_10660,Basic,Organic,48,5,59.81,1
CUST_10661,Standard,Email Marketing,38,1,4082.99,0
CUST_10662,Basic,Facebook Ads,1,3,556.11,0
CUST_10663,Standard,Google Search,18,4,783.8,0
CUST_10664,Basic,Facebook Ads,7,6,282.7,0
CUST_10665,Standard,Facebook Ads,39,1,2721.32,0
CUST_10666,Premium,Google Search,41,0,4117.72,0
CUST_10667,Basic,Organic,21,2,2971.01,1
CUST_10668,Standard,Google Search,10,6,2045.76,0
CUST_10669,Premium,Facebook Ads,10,1,4123.81,0
CUST_10670,Standard,Email Marketing,13,2,453.5,0
CUST_10671,Premium,Email Marketing,29,0,1621.76,0
CUST_10672,Standard,Organic,23,4,2990.07,0
CUST_10673,Standard,Google Search,25,7,3367.42,0
CUST_10674,Standard,Facebook Ads,40,4,NaN,0
CUST_10675,Premium,Email Marketing,6,UNKNOWN,1110.97,1
CUST_10676,Premium,Email Marketing,36,4,2832.53,0
CUST_10677,Premium,Email Marketing,22,0,2031.91,0
CUST_10678,Basic,Google Search,32,3,3206.57,0
CUST_10679,Standard,Google Search,22,7,4467.69,0
CUST_10680,Basic,Facebook Ads,14,7,140.81,1
CUST_10681,Premium,Email Marketing,43,3,4420.4,0
CUST_10682,Basic,Organic,9,7,234.34,1
CUST_10683,Basic,Google Search,3,2,275.86,0
CUST_10684,Standard,Email Marketing,30,2,3853.59,0
CUST_10685,Basic,Organic,29,0,1107.01,0
CUST_10686,Standard,Email Marketing,5,4,395.43,0
CUST_10687,Standard,Facebook Ads,24,6,2794.23,0
CUST_10688,Premium,Facebook Ads,35,5,454.78,0
CUST_10689,Basic,Google Search,16,2,1570.59,0
CUST_10690,Premium,Facebook Ads,12,4,644.32,0
CUST_10691,Premium,Email Marketing,25,5,2878.83,0
CUST_10692,Premium,Google Search,28,4,3410.24,0
CUST_10693,Standard,Google Search,3,6,595.37,0
CUST_10694,Premium,Google Search,25,6,2590.84,0
CUST_10695,Standard,Organic,34,0,2411.49,0
CUST_10696,Basic,Facebook Ads,8,5,367.55,1
CUST_10697,Standard,Email Marketing,47,4,3527.57,0
CUST_10698,Basic,Facebook Ads,1,3,2902.84,0
CUST_10699,Standard,Google Search,18,4,4219.88,0
CUST_10700,Premium,Email Marketing,16,7,355.75,0
CUST_10701,Standard,Email Marketing,24,3,1430.4,0
CUST_10702,Premium,Organic,35,3,1014.99,1
CUST_10703,Standard,Facebook Ads,1,4,1936.5,1
CUST_10704,Standard,Email Marketing,14,4,3107.03,0
CUST_10705,Basic,Email Marketing,37,3,1169.58,0
CUST_10706,Premium,Google Search,10,6,2925.86,0
CUST_10707,Premium,Google Search,13,1,4420.99,0
CUST_10708,Standard,Google Search,33,7,4300.68,0
CUST_10709,Standard,Organic,37,6,1485.32,0
CUST_10710,Basic,Email Marketing,6,6,283.55,1
CUST_10711,Standard,Email Marketing,47,2,1888.41,0
CUST_10712,Standard,Facebook Ads,2,3,822.19,0
CUST_10713,Premium,Facebook Ads,46,5,2587.03,0
CUST_10714,Basic,Google Search,23,2,3086.53,0
CUST_10715,Premium,Email Marketing,38,7,2783.87,0
CUST_10716,Premium,Organic,48,7,3102.48,0
CUST_10717,Standard,Email Marketing,13,0,2841.15,0
CUST_10718,Premium,Google Search,18,6,598.27,0
CUST_10719,Basic,Facebook Ads,36,3,1582.4,0
CUST_10720,Standard,Email Marketing,3,6,3688.79,0
CUST_10721,Standard,Google Search,41,4,3544.32,0
CUST_10722,Basic,Email Marketing,8,0,601.49,0
CUST_10723,Premium,Organic,47,6,2970.73,0
CUST_10724,Standard,Email Marketing,26,5,3973.5,0
CUST_10725,Premium,Google Search,40,6,974.04,0
CUST_10726,Premium,Facebook Ads,34,4,4498.02,0
CUST_10727,Premium,Email Marketing,2,3,3112.14,1
CUST_10728,Basic,Email Marketing,6,5,227.71,1
CUST_10729,Basic,Organic,45,2,4197.97,1
CUST_10730,Premium,Facebook Ads,7,7,2398.77,0
CUST_10731,Basic,Email Marketing,2,6,263.56,1
CUST_10732,Premium,Facebook Ads,40,0,1056.47,0
CUST_10733,Premium,Facebook Ads,38,0,3876.54,0
CUST_10734,Basic,Google Search,42,4,4374.84,0
CUST_10735,Basic,Email Marketing,39,4,1455.21,0
CUST_10736,Premium,Email Marketing,35,0,4045.62,0
CUST_10737,Premium,Facebook Ads,2,2,2993.44,0
CUST_10738,Basic,Email Marketing,26,1,1215.3,0
CUST_10739,Premium,Organic,23,2,1095.34,0
CUST_10740,Basic,Email Marketing,16,1,4385.59,0
CUST_10741,Standard,Email Marketing,12,4,999.51,0
CUST_10742,Basic,Email Marketing,20,6,98.77,1
CUST_10743,Premium,Google Search,7,4,3551.86,0
CUST_10744,Standard,Google Search,13,2,4134.35,0
CUST_10745,Standard,Organic,17,2,NaN,0
CUST_10746,Premium,Facebook Ads,37,3,2247.98,0
CUST_10747,Standard,Email Marketing,30,5,981.93,0
CUST_10748,Premium,Organic,19,2,1441.28,0
CUST_10749,Basic,Facebook Ads,25,5,374.22,1
CUST_10750,Basic,Organic,37,7,144.26,1
CUST_10751,Standard,Facebook Ads,38,1,3073.21,0
CUST_10752,Basic,Google Search,44,7,289.88,1
CUST_10753,Basic,Email Marketing,20,4,2490.17,0
CUST_10754,Standard,Facebook Ads,36,3,643.39,0
CUST_10755,Basic,Google Search,20,2,2912.75,0
CUST_10756,Premium,Facebook Ads,4,2,1475.72,0
CUST_10757,Standard,Google Search,28,5,1440.47,0
CUST_10758,Standard,Organic,12,3,411.41,0
CUST_10759,Standard,Google Search,43,3,1844.76,0
CUST_10760,Premium,Organic,13,1,284.54,0
CUST_10761,Basic,Google Search,43,5,336.61,1
CUST_10762,Standard,Email Marketing,39,6,787.2,0
CUST_10763,Basic,Google Search,26,5,242.61,1
CUST_10764,Standard,Email Marketing,7,5,3156.09,0
CUST_10765,Standard,Facebook Ads,25,5,793.43,1
CUST_10766,Standard,Organic,3,3,516.35,0
CUST_10767,Premium,Facebook Ads,13,1,3200.98,0
CUST_10768,Standard,Email Marketing,13,5,2635.56,0
CUST_10769,Premium,Facebook Ads,19,5,4313.56,1
CUST_10770,Basic,Organic,10,3,2031.9,0
CUST_10771,Premium,Facebook Ads,5,5,3824.72,0
CUST_10772,Standard,Organic,35,3,1629.92,0
CUST_10773,Basic,Email Marketing,43,5,54.28,1
CUST_10774,Basic,Facebook Ads,4,0,4318.0,0
CUST_10775,Basic,Email Marketing,47,0,3283.25,0
CUST_10776,Basic,Google Search,40,2,1322.45,0
CUST_10777,Basic,Facebook Ads,28,7,151.52,1
CUST_10778,Premium,Facebook Ads,15,7,3758.33,0
CUST_10779,Standard,Google Search,41,6,3954.59,0
CUST_10780,Basic,Google Search,2,4,1696.06,0
CUST_10781,Standard,Facebook Ads,23,1,1895.23,0
CUST_10782,Basic,Facebook Ads,7,7,358.11,1
CUST_10783,Basic,Email Marketing,22,0,2886.08,0
CUST_10784,Premium,Email Marketing,33,6,3729.77,0
CUST_10785,Basic,Facebook Ads,37,4,4084.02,0
CUST_10786,Standard,Email Marketing,28,3,3812.84,0
CUST_10787,Premium,Email Marketing,31,7,2300.43,0
CUST_10788,Basic,Facebook Ads,8,1,2777.01,0
CUST_10789,Standard,Organic,16,7,515.93,0
CUST_10790,Standard,Facebook Ads,40,3,2981.31,0
CUST_10791,Basic,Facebook Ads,20,0,4142.26,0
CUST_10792,Premium,Organic,13,6,2359.39,0
CUST_10793,Basic,Email Marketing,17,7,297.23,1
CUST_10794,Basic,Google Search,19,6,388.67,1
CUST_10795,Premium,Facebook Ads,14,6,3776.96,0
CUST_10796,Premium,Email Marketing,45,2,2675.69,1
CUST_10797,Premium,Email Marketing,12,6,2101.32,0
CUST_10798,Standard,Facebook Ads,5,1,3746.3,0
CUST_10799,Premium,Facebook Ads,18,3,293.4,0
CUST_10800,Premium,Email Marketing,19,6,3237.61,0
CUST_10801,Standard,Organic,9,3,2607.24,0
CUST_10802,Premium,Organic,8,6,1794.0,0
CUST_10803,Standard,Email Marketing,33,7,3870.99,0
CUST_10804,Basic,Organic,28,3,2862.42,0
CUST_10805,Basic,Organic,10,2,2306.19,0
CUST_10806,Standard,Organic,41,2,4161.69,1
CUST_10807,Premium,Email Marketing,42,3,3107.26,0
CUST_10808,Standard,Google Search,14,6,4406.46,0
CUST_10809,Standard,Google Search,4,5,2357.76,0
CUST_10810,Standard,Google Search,28,7,4331.28,0
CUST_10811,Standard,Facebook Ads,38,0,1942.25,0
CUST_10812,Standard,Facebook Ads,21,1,3550.86,0
CUST_10813,Standard,Google Search,12,3,708.31,0
CUST_10814,Standard,Organic,27,6,883.72,0
CUST_10815,Premium,Email Marketing,1,4,1138.14,0
CUST_10816,Standard,Google Search,19,0,2886.55,0
CUST_10817,Standard,Email Marketing,12,1,453.69,0
CUST_10818,Basic,Facebook Ads,22,4,2198.88,0
CUST_10819,Basic,Google Search,16,4,662.7,0
CUST_10820,Premium,Google Search,31,2,2803.27,0
CUST_10821,Standard,Email Marketing,3,1,3111.29,0
CUST_10822,Premium,Organic,37,1,2616.07,0
CUST_10823,Standard,Organic,42,5,3132.82,0
CUST_10824,Basic,Email Marketing,15,7,351.07,1
CUST_10825,Standard,Facebook Ads,44,6,3408.64,0
CUST_10826,Standard,Email Marketing,36,7,1444.78,0
CUST_10827,Basic,Organic,9,1,2261.97,0
CUST_10828,Standard,Google Search,17,3,2574.1,0
CUST_10829,Basic,Organic,27,7,310.15,1
CUST_10830,Basic,Email Marketing,30,0,588.25,0
CUST_10831,Standard,Organic,1,4,1066.99,0
CUST_10832,Standard,Email Marketing,6,1,1681.36,0
CUST_10833,Basic,Facebook Ads,18,0,2284.34,0
CUST_10834,Basic,Google Search,30,2,2694.03,0
CUST_10835,Premium,Facebook Ads,7,6,3283.61,0
CUST_10836,Premium,Facebook Ads,8,3,2791.84,0
CUST_10837,Basic,Organic,9,0,3209.9,0
CUST_10838,Basic,Organic,43,3,3217.66,0
CUST_10839,Standard,Organic,40,0,3594.47,0
CUST_10840,Standard,Email Marketing,16,3,2399.07,0
CUST_10841,Premium,Facebook Ads,5,4,2371.8,0
CUST_10842,Standard,Facebook Ads,42,3,3001.49,1
CUST_10843,Basic,Google Search,48,4,3214.87,0
CUST_10844,Standard,Organic,20,7,207.55,0
CUST_10845,Standard,Facebook Ads,35,4,3846.36,0
CUST_10846,Premium,Organic,20,7,1587.06,0
CUST_10847,Premium,Email Marketing,20,2,4219.36,0
CUST_10848,Basic,Google Search,1,4,NaN,0
CUST_10849,Basic,Facebook Ads,14,6,123.92,1
CUST_10850,Standard,Email Marketing,12,4,386.38,0
CUST_10851,Premium,Email Marketing,41,0,2730.25,0
CUST_10852,Premium,Email Marketing,32,4,3947.27,1
CUST_10853,Basic,Google Search,3,6,59.65,1
CUST_10854,Premium,Email Marketing,17,1,3777.22,0
CUST_10855,Basic,Email Marketing,37,3,3701.39,0
CUST_10856,Premium,Facebook Ads,12,7,2517.78,0
CUST_10857,Basic,Google Search,45,1,3588.83,0
CUST_10858,Standard,Google Search,1,1,2710.74,0
CUST_10859,Premium,Facebook Ads,24,3,1805.92,0
CUST_10860,Standard,Google Search,27,7,2661.52,0
CUST_10861,Standard,Email Marketing,26,3,3170.22,0
CUST_10862,Premium,Google Search,44,2,1267.36,0
CUST_10863,Basic,Email Marketing,2,1,354.47,0
CUST_10864,Standard,Email Marketing,35,5,4332.4,0
CUST_10865,Basic,Email Marketing,21,2,3041.88,1
CUST_10866,Basic,Organic,20,5,179.54,0
CUST_10867,Standard,Organic,8,6,3146.87,0
CUST_10868,Standard,Email Marketing,4,2,2946.13,0
CUST_10869,Basic,Google Search,46,3,3997.05,0
CUST_10870,Standard,Facebook Ads,48,4,3054.97,0
CUST_10871,Premium,Email Marketing,12,6,3092.28,0
CUST_10872,Standard,Google Search,12,2,3652.42,0
CUST_10873,Premium,Google Search,3,4,3257.11,0
CUST_10874,Basic,Google Search,40,0,459.75,0
CUST_10875,Standard,Google Search,4,7,4191.47,0
CUST_10876,Standard,Email Marketing,17,7,487.5,0
CUST_10877,Basic,Google Search,27,3,3577.3,0
CUST_10878,Basic,Organic,27,1,3381.35,0
CUST_10879,Basic,Email Marketing,12,7,373.86,1
CUST_10880,Basic,Organic,10,5,372.88,1
CUST_10881,Standard,Organic,27,2,4309.1,0
CUST_10882,Standard,Organic,40,7,462.39,1
CUST_10883,Premium,Google Search,24,0,2242.7,0
CUST_10884,Standard,Email Marketing,33,1,1908.84,0
CUST_10885,Standard,Organic,29,5,2950.91,0
CUST_10886,Standard,Facebook Ads,39,1,1883.15,0
CUST_10887,Basic,Organic,1,1,4090.18,0
CUST_10888,Standard,Email Marketing,46,7,4484.9,1
CUST_10889,Basic,Email Marketing,3,5,266.32,0
CUST_10890,Basic,Facebook Ads,37,0,3637.79,0
CUST_10891,Standard,Google Search,25,1,454.38,0
CUST_10892,Basic,Facebook Ads,32,3,2592.78,0
CUST_10893,Standard,Facebook Ads,30,1,1127.62,1
CUST_10894,Basic,Email Marketing,43,0,1671.65,0
CUST_10895,Basic,Organic,22,4,3214.31,0
CUST_10896,Standard,Facebook Ads,26,2,2216.17,0
CUST_10897,Basic,Organic,38,5,171.64,1
CUST_10898,Premium,Email Marketing,4,3,445.61,0
CUST_10899,Basic,Organic,39,6,147.84,1
CUST_10900,Premium,Facebook Ads,26,4,3420.43,0
CUST_10901,Basic,Organic,34,1,3170.08,0
CUST_10902,Basic,Google Search,25,4,2431.73,0
CUST_10903,Standard,Organic,47,5,4305.52,0
CUST_10904,Standard,Organic,22,0,1535.62,0
CUST_10905,Premium,Facebook Ads,31,3,2771.42,0
CUST_10906,Premium,Google Search,1,3,1688.67,0
CUST_10907,Basic,Facebook Ads,20,4,2142.88,0
CUST_10908,Basic,Organic,28,4,2554.24,0
CUST_10909,Premium,Google Search,8,5,549.73,0
CUST_10910,Standard,Organic,33,5,538.8,0
CUST_10911,Basic,Organic,42,2,2863.51,0
CUST_10912,Basic,Google Search,11,4,2680.32,0
CUST_10913,Standard,Email Marketing,48,7,3489.59,0
CUST_10914,Premium,Email Marketing,32,5,4351.44,0
CUST_10915,Basic,Facebook Ads,44,1,3383.32,0
CUST_10916,Standard,Organic,17,7,2336.17,0
CUST_10917,Standard,Organic,38,4,4425.65,0
CUST_10918,Premium,Email Marketing,22,2,NaN,0
CUST_10919,Basic,Google Search,9,0,2124.21,0
CUST_10920,Premium,Email Marketing,27,3,886.51,0
CUST_10921,Premium,Facebook Ads,13,5,2504.89,0
CUST_10922,Basic,Google Search,1,UNKNOWN,493.69,0
CUST_10923,Basic,Facebook Ads,38,7,283.21,1
CUST_10924,Premium,Organic,32,3,3566.4,0
CUST_10925,Basic,Organic,28,4,3629.06,0
CUST_10926,Premium,Organic,26,7,957.67,0
CUST_10927,Standard,Google Search,46,7,1633.6,0
CUST_10928,Basic,Email Marketing,40,5,125.84,0
CUST_10929,Basic,Email Marketing,46,7,303.4,1
CUST_10930,Basic,Facebook Ads,1,4,2493.03,0
CUST_10931,Basic,Facebook Ads,1,1,1626.76,0
CUST_10932,Standard,Google Search,44,0,3681.87,0
CUST_10933,Standard,Facebook Ads,9,7,2072.08,0
CUST_10934,Standard,Organic,3,3,4133.49,0
CUST_10935,Basic,Google Search,22,7,379.01,1
CUST_10936,Standard,Facebook Ads,7,7,3377.15,0
CUST_10937,Standard,Organic,30,2,2009.65,0
CUST_10938,Premium,Organic,48,2,2343.28,0
CUST_10939,Standard,Email Marketing,30,5,3147.34,1
CUST_10940,Standard,Facebook Ads,30,3,2837.75,0
CUST_10941,Basic,Email Marketing,12,1,NaN,0
CUST_10942,Basic,Google Search,41,2,3136.14,0
CUST_10943,Basic,Email Marketing,40,6,250.71,1
CUST_10944,Premium,Email Marketing,14,3,3008.61,1
CUST_10945,Standard,Email Marketing,24,1,2691.68,1
CUST_10946,Standard,Facebook Ads,38,7,3879.39,0
CUST_10947,Premium,Facebook Ads,21,3,3765.62,0
CUST_10948,Premium,Google Search,48,4,1467.13,0
CUST_10949,Basic,Email Marketing,30,0,3490.2,0
CUST_10950,Basic,Email Marketing,16,0,2407.68,0
CUST_10951,Standard,Facebook Ads,18,6,3735.68,0
CUST_10952,Standard,Google Search,27,3,805.58,0
CUST_10953,Standard,Organic,18,1,2628.95,0
CUST_10954,Basic,Google Search,28,3,242.39,0
CUST_10955,Standard,Google Search,24,0,299.83,0
CUST_10956,Premium,Email Marketing,23,1,1185.23,0
CUST_10957,Basic,Google Search,37,4,3620.62,0
CUST_10958,Basic,Facebook Ads,44,1,1129.75,1
CUST_10959,Standard,Email Marketing,46,0,4419.69,0
CUST_10960,Standard,Facebook Ads,27,0,4479.17,0
CUST_10961,Standard,Google Search,26,2,4365.21,0
CUST_10962,Basic,Email Marketing,24,5,396.77,1
CUST_10963,Basic,Google Search,28,7,145.55,1
CUST_10964,Basic,Facebook Ads,4,1,3490.91,0
CUST_10965,Basic,Organic,20,4,150.37,0
CUST_10966,Basic,Facebook Ads,32,0,4460.79,0
CUST_10967,Standard,Google Search,44,6,3235.71,0
CUST_10968,Premium,Facebook Ads,9,7,2205.93,0
CUST_10969,Basic,Google Search,17,4,1708.57,0
CUST_10970,Premium,Organic,34,4,1346.71,0
CUST_10971,Premium,Organic,4,7,3288.14,1
CUST_10972,Basic,Facebook Ads,43,7,278.69,1
CUST_10973,Basic,Organic,31,7,279.93,1
CUST_10974,Premium,Facebook Ads,5,0,535.8,0
CUST_10975,Premium,Google Search,37,1,3669.3,0
CUST_10976,Premium,Google Search,30,0,4200.34,0
CUST_10977,Premium,Facebook Ads,19,4,2684.99,0
CUST_10978,Premium,Organic,39,1,NaN,0
CUST_10979,Premium,Organic,2,2,906.09,0
CUST_10980,Standard,Organic,10,4,865.32,0
CUST_10981,Basic,Google Search,2,1,2370.09,1
CUST_10982,Premium,Email Marketing,29,1,2953.26,0
CUST_10983,Premium,Email Marketing,40,3,1130.28,0
CUST_10984,Standard,Google Search,27,0,1376.48,0
CUST_10985,Basic,Organic,3,5,263.03,1
CUST_10986,Premium,Google Search,18,3,3877.2,0
CUST_10987,Premium,Google Search,12,2,1871.1,0
CUST_10988,Premium,Organic,39,5,1637.58,0
CUST_10989,Standard,Facebook Ads,29,6,1451.19,0
CUST_10990,Premium,Email Marketing,10,3,3554.66,0
CUST_10991,Basic,Email Marketing,25,3,3292.38,0
CUST_10992,Standard,Email Marketing,15,6,1412.24,0
CUST_10993,Standard,Email Marketing,48,7,2714.47,0
CUST_10994,Standard,Organic,22,4,1612.23,0
CUST_10995,Basic,Email Marketing,44,7,343.37,1
CUST_10996,Standard,Facebook Ads,27,4,2545.89,0
CUST_10997,Basic,Facebook Ads,34,0,2616.31,0
CUST_10998,Premium,Email Marketing,8,1,4445.83,0
CUST_10999,Basic,Email Marketing,39,5,142.07,0
CUST_11000,Premium,Organic,24,1,3400.14,0
CUST_11001,Basic,Facebook Ads,37,1,4316.81,0
CUST_11002,Standard,Google Search,39,4,4293.58,0
CUST_11003,Basic,Organic,35,4,3869.3,0
CUST_11004,Basic,Facebook Ads,18,7,89.14,1
CUST_11005,Basic,Facebook Ads,40,0,4369.55,0
CUST_11006,Premium,Google Search,17,6,1151.74,0
CUST_11007,Basic,Organic,17,6,370.19,0
CUST_11008,Standard,Email Marketing,11,2,1976.05,0
CUST_11009,Basic,Google Search,45,6,334.2,1
CUST_11010,Standard,Google Search,48,4,216.15,0
CUST_11011,Premium,Organic,8,4,1641.44,0
CUST_11012,Standard,Google Search,40,6,738.61,0
CUST_11013,Premium,Organic,7,6,3987.33,0
CUST_11014,Premium,Facebook Ads,46,3,2247.52,0
CUST_11015,Basic,Google Search,15,1,2898.17,0
CUST_11016,Standard,Organic,30,0,4319.63,0
CUST_11017,Premium,Organic,5,7,1026.64,0
CUST_11018,Premium,Email Marketing,14,5,2321.61,0
CUST_11019,Basic,Facebook Ads,22,7,218.91,1
CUST_11020,Premium,Email Marketing,29,3,3980.61,0
CUST_11021,Standard,Google Search,28,4,343.4,0
CUST_11022,Standard,Email Marketing,27,5,2572.06,0
CUST_11023,Premium,Facebook Ads,15,1,2530.23,0
CUST_11024,Premium,Facebook Ads,5,1,640.29,0
CUST_11025,Premium,Organic,19,2,3423.08,1
CUST_11026,Basic,Organic,10,4,340.23,0
CUST_11027,Standard,Facebook Ads,48,5,1680.1,1
CUST_11028,Premium,Organic,27,3,1230.46,0
CUST_11029,Standard,Organic,25,1,1177.16,0
CUST_11030,Basic,Google Search,13,4,3206.2,0
CUST_11031,Premium,Email Marketing,38,7,4086.86,0
CUST_11032,Premium,Email Marketing,29,1,3247.33,0
CUST_11033,Basic,Organic,35,3,3669.37,0
CUST_11034,Premium,Email Marketing,4,6,570.01,0
CUST_11035,Basic,Organic,38,6,56.21,0
CUST_11036,Standard,Organic,26,3,3238.39,0
CUST_11037,Standard,Organic,18,2,NaN,0
CUST_11038,Basic,Google Search,8,7,334.59,1
CUST_11039,Standard,Facebook Ads,20,0,3399.43,0
CUST_11040,Basic,Google Search,8,3,4024.73,0
CUST_11041,Premium,Google Search,22,0,1992.4,0
CUST_11042,Standard,Email Marketing,10,0,1695.12,0
CUST_11043,Basic,Facebook Ads,7,2,679.63,0
CUST_11044,Standard,Email Marketing,35,4,839.41,0
CUST_11045,Premium,Email Marketing,33,5,3735.53,0
CUST_11046,Premium,Organic,34,1,1470.23,1
CUST_11047,Premium,Email Marketing,42,3,NaN,0
CUST_11048,Standard,Google Search,32,3,1874.82,0
CUST_11049,Standard,Google Search,25,7,3858.1,1
CUST_11050,Premium,Email Marketing,11,1,2879.91,0
CUST_11051,Premium,Email Marketing,43,5,4311.98,0
CUST_11052,Standard,Google Search,19,1,1538.89,0
CUST_11053,Basic,Facebook Ads,42,1,2504.76,0
CUST_11054,Premium,Google Search,27,2,906.81,0
CUST_11055,Basic,Email Marketing,15,3,NaN,0
CUST_11056,Premium,Facebook Ads,23,3,278.77,0
CUST_11057,Basic,Facebook Ads,19,4,435.23,0
CUST_11058,Premium,Organic,34,4,1669.15,0
CUST_11059,Basic,Facebook Ads,24,1,3855.96,1
CUST_11060,Premium,Facebook Ads,22,3,3996.41,0
CUST_11061,Premium,Email Marketing,19,1,671.43,0
CUST_11062,Basic,Email Marketing,9,0,NaN,0
CUST_11063,Premium,Facebook Ads,38,7,2761.85,0
CUST_11064,Standard,Email Marketing,30,1,2792.51,0
CUST_11065,Premium,Facebook Ads,43,6,590.1,0
CUST_11066,Basic,Email Marketing,4,3,3043.74,0
CUST_11067,Standard,Email Marketing,32,0,2648.53,0
CUST_11068,Standard,Organic,44,2,2577.68,0
CUST_11069,Standard,Email Marketing,18,7,2059.09,0
CUST_11070,Basic,Facebook Ads,35,0,2476.37,0
CUST_11071,Premium,Organic,36,5,4135.25,0
CUST_11072,Standard,Facebook Ads,22,7,1543.44,0
CUST_11073,Basic,Google Search,5,5,267.69,1
CUST_11074,Basic,Facebook Ads,4,5,74.86,1
CUST_11075,Standard,Google Search,31,3,1469.69,0
CUST_11076,Standard,Facebook Ads,13,4,4020.23,0
CUST_11077,Standard,Facebook Ads,38,3,3058.56,1
CUST_11078,Premium,Organic,32,4,2854.89,0
CUST_11079,Premium,Google Search,18,0,3947.3,0
CUST_11080,Premium,Facebook Ads,30,2,3172.81,0
CUST_11081,Premium,Google Search,29,2,2595.69,0
CUST_11082,Basic,Google Search,37,1,1093.18,0
CUST_11083,Standard,Email Marketing,37,7,201.66,0
CUST_11084,Standard,Organic,36,0,1489.49,0
CUST_11085,Premium,Google Search,47,1,1381.78,0
CUST_11086,Basic,Email Marketing,30,1,3836.53,0
CUST_11087,Premium,Google Search,40,3,2647.3,0
CUST_11088,Standard,Google Search,1,3,834.76,0
CUST_11089,Basic,Google Search,42,1,539.92,0
CUST_11090,Basic,Google Search,16,6,356.74,0
CUST_11091,Basic,Organic,12,1,4101.27,0
CUST_11092,Basic,Facebook Ads,47,1,3152.36,0
CUST_11093,Basic,Google Search,28,0,4412.31,0
CUST_11094,Premium,Organic,1,0,2515.03,0
CUST_11095,Basic,Organic,13,2,4212.84,0
CUST_11096,Basic,Google Search,7,6,149.21,1
CUST_11097,Standard,Google Search,35,5,1415.59,0
CUST_11098,Basic,Google Search,30,7,200.38,1
CUST_11099,Basic,Organic,34,5,376.47,1
CUST_11100,Standard,Organic,19,7,1388.33,0
CUST_11101,Premium,Google Search,41,1,2878.8,0
CUST_11102,Premium,Organic,22,3,4476.47,0
CUST_11103,Standard,Email Marketing,7,1,4406.68,0
CUST_11104,Basic,Email Marketing,44,2,3191.63,0
CUST_11105,Standard,Facebook Ads,29,4,4438.92,0
CUST_11106,Basic,Facebook Ads,19,6,79.74,1
CUST_11107,Standard,Facebook Ads,31,7,1953.17,0
CUST_11108,Basic,Email Marketing,8,1,1728.9,0
CUST_11109,Premium,Organic,17,3,2069.08,0
CUST_11110,Basic,Facebook Ads,19,1,3406.18,1
CUST_11111,Basic,Organic,23,1,4223.51,0
CUST_11112,Basic,Facebook Ads,28,6,89.42,1
CUST_11113,Standard,Email Marketing,8,4,3267.12,1
CUST_11114,Standard,Google Search,15,2,1437.05,0
CUST_11115,Standard,Google Search,38,0,4058.63,0
CUST_11116,Standard,Facebook Ads,10,6,2566.96,0
CUST_11117,Standard,Facebook Ads,32,3,2937.52,0
CUST_11118,Basic,Facebook Ads,29,6,89.14,1
CUST_11119,Premium,Email Marketing,43,2,2133.98,0
CUST_11120,Basic,Email Marketing,2,7,151.14,1
CUST_11121,Standard,Organic,25,2,1160.44,0
CUST_11122,Basic,Google Search,13,2,4023.33,0
CUST_11123,Standard,Facebook Ads,21,7,3894.65,0
CUST_11124,Basic,Google Search,48,3,1894.76,1
CUST_11125,Premium,Organic,21,0,1353.91,0
CUST_11126,Standard,Facebook Ads,25,2,4384.02,0
CUST_11127,Premium,Facebook Ads,23,1,2561.92,0
CUST_11128,Standard,Organic,6,0,501.4,0
CUST_11129,Standard,Facebook Ads,22,2,4376.05,1
CUST_11130,Basic,Facebook Ads,12,0,985.72,0
CUST_11131,Premium,Facebook Ads,9,3,2508.83,0
CUST_11132,Basic,Email Marketing,42,1,3720.8,1
CUST_11133,Premium,Google Search,38,4,3459.29,0
CUST_11134,Basic,Organic,46,4,592.59,0
CUST_11135,Premium,Email Marketing,24,6,3420.27,0
CUST_11136,Premium,Google Search,47,6,951.91,0
CUST_11137,Basic,Google Search,47,3,1931.41,0
CUST_11138,Basic,Organic,31,0,502.48,1
CUST_11139,Premium,Organic,30,1,2957.76,0
CUST_11140,Basic,Organic,38,2,2105.31,0
CUST_11141,Premium,Organic,47,5,3524.19,0
CUST_11142,Basic,Facebook Ads,26,6,247.51,1
CUST_11143,Premium,Organic,39,6,4499.76,0
CUST_11144,Premium,Google Search,19,1,3571.69,1
CUST_11145,Standard,Facebook Ads,42,7,271.91,0
CUST_11146,Premium,Facebook Ads,31,6,3281.83,0
CUST_11147,Basic,Facebook Ads,41,6,170.18,1
CUST_11148,Premium,Google Search,39,5,3542.42,0
CUST_11149,Standard,Google Search,33,6,1929.06,0
CUST_11150,Basic,Email Marketing,4,3,3234.33,0
CUST_11151,Basic,Google Search,3,7,108.18,1
CUST_11152,Standard,Email Marketing,28,6,4352.98,0
CUST_11153,Standard,Email Marketing,37,6,1198.16,0
CUST_11154,Basic,Organic,18,5,197.11,0
CUST_11155,Basic,Google Search,6,7,136.57,0
CUST_11156,Basic,Organic,43,5,221.94,0
CUST_11157,Premium,Facebook Ads,42,7,3143.74,0
CUST_11158,Premium,Google Search,20,7,720.64,0
CUST_11159,Standard,Email Marketing,38,7,2845.58,1
CUST_11160,Premium,Email Marketing,3,3,3986.39,1
CUST_11161,Basic,Email Marketing,39,3,870.57,0
CUST_11162,Premium,Google Search,45,7,4261.37,1
CUST_11163,Basic,Google Search,3,1,3336.81,0
CUST_11164,Standard,Google Search,28,2,2009.01,0
CUST_11165,Premium,Organic,33,1,4217.23,0
CUST_11166,Basic,Email Marketing,38,0,1375.29,0
CUST_11167,Basic,Google Search,29,0,1536.6,0
CUST_11168,Standard,Facebook Ads,22,7,3715.1,0
CUST_11169,Standard,Email Marketing,13,5,3645.72,0
CUST_11170,Premium,Email Marketing,15,1,3477.55,1
CUST_11171,Premium,Facebook Ads,33,4,2758.17,0
CUST_11172,Basic,Google Search,13,2,893.11,0
CUST_11173,Basic,Organic,32,1,980.7,0
CUST_11174,Premium,Google Search,34,1,2151.01,0
CUST_11175,Premium,Organic,11,1,964.01,0
CUST_11176,Standard,Email Marketing,32,1,3936.57,0
CUST_11177,Basic,Email Marketing,7,1,2278.13,0
CUST_11178,Premium,Facebook Ads,26,0,360.24,1
CUST_11179,Basic,Email Marketing,9,5,357.62,1
CUST_11180,Basic,Email Marketing,46,5,219.38,1
CUST_11181,Basic,Email Marketing,15,7,253.22,1
CUST_11182,Standard,Organic,11,5,645.08,0
CUST_11183,Premium,Organic,22,3,312.94,0
CUST_11184,Standard,Email Marketing,45,1,3479.56,0
CUST_11185,Standard,Google Search,1,6,2696.62,0
CUST_11186,Basic,Facebook Ads,35,7,167.61,1
CUST_11187,Standard,Organic,45,3,3709.39,0
CUST_11188,Premium,Organic,40,6,1635.73,0
CUST_11189,Standard,Email Marketing,31,4,1381.31,0
CUST_11190,Basic,Google Search,34,6,106.66,1
CUST_11191,Premium,Email Marketing,45,5,242.57,1
CUST_11192,Basic,Email Marketing,44,0,226.0,0
CUST_11193,Basic,Email Marketing,4,UNKNOWN,1097.45,0
CUST_11194,Standard,Organic,10,5,3324.96,0
CUST_11195,Standard,Organic,45,0,3180.88,1
CUST_11196,Standard,Email Marketing,12,6,1117.85,0
CUST_11197,Standard,Organic,2,6,3751.16,0
CUST_11198,Standard,Email Marketing,17,0,1888.69,0
CUST_11199,Premium,Email Marketing,3,6,3396.22,0
CUST_11200,Basic,Google Search,45,3,475.66,0
CUST_11201,Standard,Email Marketing,6,7,828.0,0
CUST_11202,Standard,Facebook Ads,31,7,3999.66,0
CUST_11203,Basic,Organic,39,0,2272.47,0
CUST_11204,Premium,Email Marketing,30,7,577.13,0
CUST_11205,Premium,Google Search,31,0,1913.29,0
CUST_11206,Basic,Google Search,11,3,1359.3,0
CUST_11207,Standard,Facebook Ads,43,0,3157.76,0
CUST_11208,Standard,Organic,25,4,3646.13,0
CUST_11209,Standard,Organic,14,7,4212.44,0
CUST_11210,Standard,Facebook Ads,8,0,1401.6,0
CUST_11211,Premium,Google Search,46,1,1054.72,0
CUST_11212,Premium,Google Search,9,3,3995.42,0
CUST_11213,Standard,Email Marketing,30,6,343.67,0
CUST_11214,Premium,Google Search,29,4,3147.96,0
CUST_11215,Basic,Email Marketing,38,7,215.12,1
CUST_11216,Basic,Organic,43,5,339.7,1
CUST_11217,Basic,Facebook Ads,27,7,86.44,1
CUST_11218,Standard,Facebook Ads,43,3,3657.97,0
CUST_11219,Standard,Google Search,20,2,2739.46,0
CUST_11220,Basic,Email Marketing,29,4,728.76,0
CUST_11221,Premium,Google Search,33,1,673.61,0
CUST_11222,Basic,Organic,5,2,3295.31,0
CUST_11223,Standard,Google Search,41,7,3140.33,0
CUST_11224,Standard,Facebook Ads,19,7,1125.1,0
CUST_11225,Basic,Facebook Ads,46,4,3453.54,0
CUST_11226,Standard,Facebook Ads,10,4,668.43,0
CUST_11227,Basic,Email Marketing,10,1,1307.38,0
CUST_11228,Standard,Facebook Ads,29,3,3720.24,0
CUST_11229,Basic,Facebook Ads,3,5,275.37,1
CUST_11230,Premium,Google Search,17,5,3172.98,0
CUST_11231,Standard,Email Marketing,41,4,2966.53,0
CUST_11232,Premium,Organic,46,3,3012.17,0
CUST_11233,Basic,Email Marketing,43,0,628.37,0
CUST_11234,Premium,Google Search,1,2,4028.58,0
CUST_11235,Standard,Google Search,4,2,2625.25,0
CUST_11236,Standard,Facebook Ads,33,5,1000.01,0
CUST_11237,Premium,Facebook Ads,21,5,972.29,0
CUST_11238,Basic,Organic,13,5,162.71,1
CUST_11239,Basic,Organic,1,5,233.52,1
CUST_11240,Premium,Organic,10,5,2851.61,0
CUST_11241,Standard,Email Marketing,39,7,1900.33,0
CUST_11242,Premium,Organic,13,7,3627.34,0
CUST_11243,Basic,Organic,34,2,3470.35,0
CUST_11244,Standard,Google Search,3,7,3833.75,0
CUST_11245,Premium,Organic,26,6,3044.84,0
CUST_11246,Basic,Google Search,34,4,2303.76,0
CUST_11247,Standard,Email Marketing,41,4,812.13,0
CUST_11248,Standard,Organic,38,7,404.85,0
CUST_11249,Basic,Email Marketing,11,1,3300.79,0
CUST_11250,Basic,Email Marketing,18,0,4306.93,0
CUST_11251,Basic,Email Marketing,10,3,2058.73,0
CUST_11252,Basic,Organic,23,6,289.09,0
CUST_11253,Premium,Organic,41,3,1638.76,0
CUST_11254,Basic,Google Search,39,2,2287.26,1
CUST_11255,Standard,Facebook Ads,9,7,1139.36,0
CUST_11256,Premium,Email Marketing,39,2,4425.45,0
CUST_11257,Premium,Organic,13,3,975.75,0
CUST_11258,Standard,Google Search,22,5,3436.07,0
CUST_11259,Basic,Google Search,29,6,150.18,0
CUST_11260,Basic,Organic,10,4,694.47,0
CUST_11261,Basic,Google Search,22,6,310.65,1
CUST_11262,Premium,Email Marketing,22,7,430.37,0
CUST_11263,Basic,Facebook Ads,33,0,3746.32,0
CUST_11264,Standard,Organic,29,3,1920.71,0
CUST_11265,Standard,Organic,22,4,1909.31,0
CUST_11266,Premium,Google Search,28,4,1225.44,0
CUST_11267,Standard,Organic,18,3,4210.54,0
CUST_11268,Basic,Google Search,33,2,2201.32,0
CUST_11269,Basic,Organic,27,3,NaN,0
CUST_11270,Basic,Email Marketing,13,6,300.5,0
CUST_11271,Premium,Email Marketing,14,3,4444.74,0
CUST_11272,Basic,Organic,18,2,4243.44,0
CUST_11273,Basic,Email Marketing,30,0,3783.82,0
CUST_11274,Basic,Google Search,30,3,260.67,0
CUST_11275,Standard,Organic,39,5,3557.7,0
CUST_11276,Standard,Email Marketing,30,3,2815.38,0
CUST_11277,Basic,Facebook Ads,17,1,3661.15,0
CUST_11278,Premium,Organic,22,3,2177.55,0
CUST_11279,Basic,Email Marketing,41,5,303.27,1
CUST_11280,Premium,Google Search,12,2,3978.5,0
CUST_11281,Standard,Google Search,31,0,2934.7,0
CUST_11282,Basic,Google Search,47,0,4030.85,0
CUST_11283,Standard,Google Search,3,5,NaN,0
CUST_11284,Premium,Organic,8,3,2313.52,0
CUST_11285,Standard,Google Search,44,6,4023.49,0
CUST_11286,Basic,Organic,10,0,633.37,0
CUST_11287,Standard,Google Search,32,1,1670.36,0
CUST_11288,Standard,Facebook Ads,47,7,899.5,0
CUST_11289,Standard,Google Search,19,1,1216.48,0
CUST_11290,Premium,Email Marketing,43,4,3284.71,0
CUST_11291,Premium,Facebook Ads,47,4,1990.17,0
CUST_11292,Standard,Facebook Ads,40,2,2877.29,0
CUST_11293,Standard,Organic,14,4,2220.56,0
CUST_11294,Standard,Organic,17,7,3751.76,0
CUST_11295,Standard,Facebook Ads,45,2,491.89,0
CUST_11296,Premium,Email Marketing,46,2,1396.23,0
CUST_11297,Standard,Google Search,36,1,NaN,0
CUST_11298,Premium,Facebook Ads,3,1,1532.86,0
CUST_11299,Basic,Email Marketing,7,3,294.6,0
CUST_11300,Basic,Facebook Ads,25,5,154.41,1
CUST_11301,Premium,Facebook Ads,8,7,2805.65,0
CUST_11302,Premium,Organic,6,7,2149.45,0
CUST_11303,Basic,Facebook Ads,23,4,2690.48,0
CUST_11304,Standard,Facebook Ads,39,2,2984.49,0
CUST_11305,Premium,Organic,42,6,838.11,0
CUST_11306,Premium,Google Search,14,3,2948.32,0
CUST_11307,Premium,Organic,5,1,2349.06,0
CUST_11308,Standard,Google Search,4,4,4033.92,0
CUST_11309,Standard,Facebook Ads,4,5,184.46,0
CUST_11310,Basic,Facebook Ads,19,3,1022.37,0
CUST_11311,Premium,Facebook Ads,18,7,1593.71,0
CUST_11312,Premium,Google Search,46,6,3146.53,0
CUST_11313,Premium,Organic,29,3,3566.07,1
CUST_11314,Standard,Facebook Ads,25,4,3519.56,0
CUST_11315,Premium,Google Search,47,1,3910.23,0
CUST_11316,Premium,Google Search,38,0,850.05,0
CUST_11317,Standard,Organic,14,7,1378.14,0
CUST_11318,Standard,Facebook Ads,15,1,3273.88,0
CUST_11319,Standard,Organic,12,0,869.77,0
CUST_11320,Basic,Organic,22,0,3105.29,0
CUST_11321,Standard,Google Search,30,2,2670.25,1
CUST_11322,Premium,Facebook Ads,47,0,2846.86,0
CUST_11323,Standard,Google Search,41,3,1297.84,0
CUST_11324,Premium,Organic,43,3,360.5,0
CUST_11325,Basic,Organic,36,4,2694.1,0
CUST_11326,Standard,Google Search,28,3,3950.17,0
CUST_11327,Basic,Email Marketing,48,7,353.0,1
CUST_11328,Standard,Organic,45,7,3623.62,0
CUST_11329,Standard,Facebook Ads,46,4,4052.55,0
CUST_11330,Basic,Google Search,13,2,3745.35,0
CUST_11331,Standard,Organic,31,5,1746.92,0
CUST_11332,Standard,Facebook Ads,31,5,2187.7,1
CUST_11333,Basic,Facebook Ads,15,0,1169.4,1
CUST_11334,Standard,Organic,48,6,3164.93,0
CUST_11335,Standard,Facebook Ads,24,5,1073.67,0
CUST_11336,Standard,Organic,25,6,1648.09,0
CUST_11337,Standard,Organic,1,4,2391.88,0
CUST_11338,Basic,Google Search,11,4,626.96,0
CUST_11339,Premium,Organic,12,5,2476.7,0
CUST_11340,Basic,Google Search,37,2,285.75,0
CUST_11341,Standard,Google Search,13,7,705.14,0
CUST_11342,Standard,Facebook Ads,13,4,2497.76,1
CUST_11343,Basic,Google Search,45,4,787.59,0
CUST_11344,Basic,Google Search,5,4,4201.07,0
CUST_11345,Basic,Facebook Ads,41,3,881.98,0
CUST_11346,Standard,Google Search,13,7,2795.19,0
CUST_11347,Premium,Organic,28,3,927.38,0
CUST_11348,Basic,Organic,46,1,671.95,0
CUST_11349,Standard,Facebook Ads,19,0,2639.51,0
CUST_11350,Basic,Google Search,44,6,132.31,0
CUST_11351,Standard,Organic,21,6,1477.36,0
CUST_11352,Basic,Email Marketing,39,5,333.36,1
CUST_11353,Standard,Facebook Ads,29,7,454.42,0
CUST_11354,Premium,Email Marketing,12,6,2426.85,0
CUST_11355,Premium,Google Search,44,5,3358.28,0
CUST_11356,Basic,Email Marketing,28,0,207.47,0
CUST_11357,Standard,Organic,8,0,1064.48,0
CUST_11358,Premium,Organic,34,6,363.15,0
CUST_11359,Premium,Organic,10,3,2209.22,0
CUST_11360,Premium,Google Search,19,6,1619.08,0
CUST_11361,Standard,Facebook Ads,31,4,759.71,0
CUST_11362,Basic,Facebook Ads,41,3,3427.92,0
CUST_11363,Basic,Facebook Ads,36,4,3771.57,0
CUST_11364,Standard,Facebook Ads,38,3,2798.45,0
CUST_11365,Standard,Email Marketing,5,7,3193.85,0
CUST_11366,Premium,Google Search,42,1,1384.23,0
CUST_11367,Basic,Organic,46,5,57.65,0
CUST_11368,Premium,Email Marketing,40,3,3923.62,0
CUST_11369,Standard,Facebook Ads,2,7,2583.9,0
CUST_11370,Basic,Google Search,40,5,146.59,1
CUST_11371,Basic,Facebook Ads,15,3,2036.28,0
CUST_11372,Standard,Facebook Ads,26,6,469.43,0
CUST_11373,Premium,Organic,37,6,1388.86,0
CUST_11374,Standard,Email Marketing,10,6,1128.11,0
CUST_11375,Premium,Facebook Ads,28,5,4057.23,0
CUST_11376,Basic,Organic,2,1,523.55,0
CUST_11377,Premium,Facebook Ads,18,1,3865.0,0
CUST_11378,Standard,Organic,37,2,2659.59,0
CUST_11379,Premium,Google Search,42,5,1820.3,0
CUST_11380,Premium,Google Search,23,3,2862.32,0
CUST_11381,Premium,Google Search,6,6,4323.6,0
CUST_11382,Standard,Google Search,13,7,466.69,0
CUST_11383,Basic,Email Marketing,3,6,NaN,1
CUST_11384,Basic,Email Marketing,20,5,293.84,1
CUST_11385,Basic,Facebook Ads,11,0,3346.82,0
CUST_11386,Premium,Facebook Ads,26,2,4211.65,0
CUST_11387,Basic,Google Search,24,2,2214.6,0
CUST_11388,Standard,Google Search,41,3,3425.0,0
CUST_11389,Basic,Organic,34,7,295.9,1
CUST_11390,Basic,Facebook Ads,25,2,1938.07,0
CUST_11391,Standard,Facebook Ads,2,1,2538.52,0
CUST_11392,Basic,Email Marketing,15,3,888.4,0
CUST_11393,Standard,Facebook Ads,6,7,2693.85,1
CUST_11394,Basic,Google Search,18,5,NaN,0
CUST_11395,Basic,Email Marketing,48,7,NaN,1
CUST_11396,Premium,Google Search,15,1,3755.32,0
CUST_11397,Basic,Facebook Ads,1,0,1753.72,0
CUST_11398,Basic,Facebook Ads,28,3,3893.51,0
CUST_11399,Premium,Organic,2,0,686.93,0
CUST_11400,Premium,Organic,9,3,3530.64,0
CUST_11401,Premium,Organic,8,5,3677.29,0
CUST_11402,Premium,Google Search,22,3,1767.56,0
CUST_11403,Standard,Facebook Ads,1,5,4266.98,0
CUST_11404,Standard,Facebook Ads,1,0,3269.5,0
CUST_11405,Basic,Email Marketing,14,2,806.4,0
CUST_11406,Premium,Email Marketing,41,2,1271.16,0
CUST_11407,Basic,Organic,24,0,2255.29,0
CUST_11408,Basic,Facebook Ads,27,0,1864.21,1
CUST_11409,Basic,Email Marketing,31,6,167.88,1
CUST_11410,Basic,Facebook Ads,21,2,4128.09,0
CUST_11411,Standard,Facebook Ads,42,0,2195.18,0
CUST_11412,Basic,Facebook Ads,13,4,2921.93,0
CUST_11413,Premium,Email Marketing,10,7,4197.04,0
CUST_11414,Standard,Email Marketing,31,0,3518.56,0
CUST_11415,Premium,Email Marketing,20,1,2389.23,0
CUST_11416,Standard,Facebook Ads,37,3,980.03,0
CUST_11417,Premium,Organic,23,5,980.67,0
CUST_11418,Standard,Organic,7,4,987.87,0
CUST_11419,Standard,Facebook Ads,20,4,3727.16,0
CUST_11420,Standard,Google Search,38,6,3338.13,0
CUST_11421,Premium,Google Search,17,1,4370.21,0
CUST_11422,Standard,Organic,20,7,4342.94,0
CUST_11423,Standard,Email Marketing,42,2,4246.95,0
CUST_11424,Premium,Google Search,41,4,4292.37,0
CUST_11425,Basic,Email Marketing,37,6,326.34,0
CUST_11426,Basic,Facebook Ads,36,7,132.45,0
CUST_11427,Basic,Email Marketing,2,7,166.97,0
CUST_11428,Standard,Email Marketing,16,6,1565.11,0
CUST_11429,Basic,Organic,22,6,226.46,1
CUST_11430,Standard,Facebook Ads,3,2,3880.77,0
CUST_11431,Premium,Organic,15,4,182.13,0
CUST_11432,Standard,Google Search,31,4,2080.01,0
CUST_11433,Premium,Google Search,35,4,1443.37,0
CUST_11434,Basic,Email Marketing,6,3,3458.07,0
CUST_11435,Basic,Facebook Ads,26,6,156.07,0
CUST_11436,Standard,Email Marketing,41,2,4080.69,0
CUST_11437,Basic,Google Search,16,1,2407.17,0
CUST_11438,Standard,Google Search,28,3,351.76,0
CUST_11439,Premium,Facebook Ads,35,2,4298.17,0
CUST_11440,Basic,Facebook Ads,38,3,2975.19,0
CUST_11441,Premium,Google Search,4,5,527.07,0
CUST_11442,Premium,Google Search,3,0,3283.4,0
CUST_11443,Basic,Organic,6,3,1905.48,0
CUST_11444,Basic,Organic,5,4,3448.59,0
CUST_11445,Premium,Facebook Ads,12,3,4281.64,1
CUST_11446,Standard,Organic,43,1,1542.37,1
CUST_11447,Standard,Email Marketing,2,6,4459.22,0
CUST_11448,Standard,Organic,44,0,3853.51,0
CUST_11449,Basic,Organic,19,6,346.99,1
CUST_11450,Premium,Google Search,27,6,4102.06,1
CUST_11451,Standard,Facebook Ads,26,3,1927.0,0
CUST_11452,Basic,Google Search,42,1,2250.88,0
CUST_11453,Basic,Facebook Ads,32,1,1535.1,0
CUST_11454,Basic,Organic,35,5,346.79,1
CUST_11455,Premium,Email Marketing,11,7,1194.02,0
CUST_11456,Premium,Facebook Ads,8,7,4114.32,0
CUST_11457,Standard,Facebook Ads,42,3,2293.29,0
CUST_11458,Basic,Organic,40,6,87.3,1
CUST_11459,Basic,Google Search,31,1,336.21,0
CUST_11460,Premium,Facebook Ads,33,3,1414.28,0
CUST_11461,Premium,Facebook Ads,42,3,4450.8,0
CUST_11462,Standard,Google Search,43,4,1320.4,0
CUST_11463,Standard,Organic,24,1,3756.44,0
CUST_11464,Premium,Organic,5,6,3203.2,0
CUST_11465,Standard,Google Search,23,7,2800.23,0
CUST_11466,Basic,Facebook Ads,43,0,1905.95,0
CUST_11467,Basic,Organic,9,5,349.32,1
CUST_11468,Premium,Organic,19,1,2980.15,0
CUST_11469,Premium,Facebook Ads,40,5,1549.48,0
CUST_11470,Premium,Google Search,33,4,1515.42,0
CUST_11471,Basic,Organic,8,0,1130.29,0
CUST_11472,Standard,Organic,8,1,1414.51,0
CUST_11473,Premium,Facebook Ads,44,5,3169.91,0
CUST_11474,Standard,Organic,2,7,1754.85,0
CUST_11475,Premium,Organic,7,5,1805.5,0
CUST_11476,Premium,Email Marketing,10,2,1323.1,0
CUST_11477,Standard,Email Marketing,21,1,3564.21,0
CUST_11478,Premium,Google Search,5,3,1435.93,0
CUST_11479,Basic,Organic,7,4,2396.69,0
CUST_11480,Basic,Email Marketing,32,1,2980.94,0
CUST_11481,Premium,Organic,27,6,3574.14,0
CUST_11482,Premium,Facebook Ads,3,7,3150.85,1
CUST_11483,Basic,Facebook Ads,15,5,229.34,1
CUST_11484,Premium,Google Search,15,4,3864.64,1
CUST_11485,Basic,Google Search,46,5,118.51,1
CUST_11486,Basic,Facebook Ads,34,5,223.64,1
CUST_11487,Standard,Facebook Ads,2,4,180.44,1
CUST_11488,Standard,Organic,48,7,1173.35,0
CUST_11489,Premium,Google Search,1,4,785.09,0
CUST_11490,Premium,Google Search,6,5,4008.49,0
CUST_11491,Premium,Email Marketing,29,2,3218.27,0
CUST_11492,Basic,Organic,42,1,734.97,0
CUST_11493,Basic,Email Marketing,7,3,474.0,0
CUST_11494,Basic,Facebook Ads,33,1,1572.42,0
CUST_11495,Premium,Organic,22,2,882.65,0
CUST_11496,Standard,Facebook Ads,27,2,1934.56,0
CUST_11497,Premium,Facebook Ads,2,5,2704.03,0
CUST_11498,Premium,Google Search,14,2,4110.46,0
CUST_11499,Standard,Facebook Ads,25,1,4066.1,0
CUST_11500,Standard,Email Marketing,18,6,3121.37,0
CUST_11501,Basic,Organic,4,0,1619.29,0
CUST_11502,Premium,Organic,33,5,4095.53,0
CUST_11503,Premium,Google Search,13,2,1524.07,0
CUST_11504,Premium,Google Search,29,3,3624.53,0
CUST_11505,Basic,Google Search,38,2,2308.49,0
CUST_11506,Standard,Email Marketing,34,7,153.21,0
CUST_11507,Basic,Google Search,15,6,181.07,1
CUST_11508,Standard,Google Search,42,1,1478.26,0
CUST_11509,Premium,Facebook Ads,42,2,235.66,0
CUST_11510,Basic,Organic,47,5,NaN,0
CUST_11511,Standard,Email Marketing,13,2,1855.24,0
CUST_11512,Basic,Email Marketing,37,6,179.77,1
CUST_11513,Premium,Email Marketing,47,3,4392.95,0
CUST_11514,Premium,Email Marketing,17,5,2527.88,0
CUST_11515,Basic,Organic,25,7,128.82,1
CUST_11516,Basic,Organic,37,UNKNOWN,3525.26,0
CUST_11517,Premium,Facebook Ads,32,0,1643.48,0
CUST_11518,Basic,Email Marketing,19,0,584.9,1
CUST_11519,Standard,Email Marketing,37,2,1367.19,0
CUST_11520,Standard,Organic,32,4,2130.62,0
CUST_11521,Standard,Facebook Ads,35,2,420.39,0
CUST_11522,Premium,Google Search,28,0,NaN,0
CUST_11523,Basic,Organic,1,5,191.41,1
CUST_11524,Standard,Organic,29,1,1186.89,0
CUST_11525,Premium,Facebook Ads,14,5,2325.71,0
CUST_11526,Basic,Organic,24,3,2701.86,1
CUST_11527,Basic,Facebook Ads,29,7,381.46,1
CUST_11528,Premium,Email Marketing,9,1,3463.41,0
CUST_11529,Premium,Organic,21,0,1326.93,0
CUST_11530,Standard,Google Search,18,0,1540.7,0
CUST_11531,Basic,Facebook Ads,3,6,NaN,1
CUST_11532,Premium,Organic,9,1,2563.47,0
CUST_11533,Basic,Google Search,16,2,2511.84,0
CUST_11534,Standard,Google Search,30,1,2970.08,0
CUST_11535,Premium,Organic,11,6,2761.62,0
CUST_11536,Standard,Organic,26,0,2380.55,1
CUST_11537,Basic,Facebook Ads,23,7,61.52,1
CUST_11538,Premium,Google Search,30,7,2063.18,0
CUST_11539,Basic,Google Search,1,0,3546.94,0
CUST_11540,Basic,Email Marketing,2,5,245.73,1
CUST_11541,Basic,Facebook Ads,21,2,593.13,1
CUST_11542,Basic,Organic,14,3,3995.9,0
CUST_11543,Basic,Organic,34,0,2898.73,0
CUST_11544,Premium,Email Marketing,26,2,3483.0,0
CUST_11545,Standard,Google Search,16,1,3347.9,0
CUST_11546,Standard,Facebook Ads,19,3,2117.18,0
CUST_11547,Basic,Google Search,1,2,4181.66,0
CUST_11548,Standard,Email Marketing,48,7,1240.52,0
CUST_11549,Basic,Email Marketing,5,5,120.33,1
CUST_11550,Premium,Google Search,45,0,874.4,0
CUST_11551,Premium,Google Search,3,1,2021.26,0
CUST_11552,Premium,Facebook Ads,26,2,2586.74,0
CUST_11553,Basic,Google Search,44,4,4035.86,0
CUST_11554,Basic,Organic,35,5,81.41,1
CUST_11555,Premium,Google Search,35,3,413.47,1
CUST_11556,Standard,Email Marketing,41,2,2727.14,0
CUST_11557,Basic,Google Search,7,2,2468.62,0
CUST_11558,Premium,Email Marketing,46,1,2917.04,0
CUST_11559,Premium,Facebook Ads,29,2,2865.56,0
CUST_11560,Basic,Email Marketing,20,2,4210.22,0
CUST_11561,Premium,Email Marketing,32,6,1120.39,1
CUST_11562,Basic,Email Marketing,26,2,1021.96,0
CUST_11563,Basic,Organic,27,3,4012.49,0
CUST_11564,Standard,Facebook Ads,28,0,1510.08,1
CUST_11565,Basic,Organic,15,2,2668.25,0
CUST_11566,Premium,Organic,1,1,1880.98,0
CUST_11567,Basic,Google Search,30,2,596.04,0
CUST_11568,Premium,Email Marketing,46,0,3015.58,0
CUST_11569,Basic,Google Search,12,1,2696.51,0
CUST_11570,Premium,Google Search,5,4,3136.37,0
CUST_11571,Standard,Email Marketing,5,0,4060.88,0
CUST_11572,Basic,Email Marketing,45,4,2069.68,0
CUST_11573,Premium,Organic,17,2,3114.43,0
CUST_11574,Basic,Email Marketing,20,0,621.85,0
CUST_11575,Standard,Email Marketing,18,0,2981.22,0
CUST_11576,Standard,Email Marketing,22,6,1032.16,0
CUST_11577,Standard,Email Marketing,3,5,3730.4,0
CUST_11578,Standard,Email Marketing,22,0,4481.88,0
CUST_11579,Premium,Organic,46,1,680.06,0
CUST_11580,Premium,Facebook Ads,16,6,155.59,0
CUST_11581,Basic,Facebook Ads,1,1,2100.52,0
CUST_11582,Basic,Facebook Ads,48,5,120.57,1
CUST_11583,Basic,Facebook Ads,6,7,289.46,1
CUST_11584,Standard,Email Marketing,6,4,3215.62,0
CUST_11585,Standard,Email Marketing,30,0,816.52,0
CUST_11586,Standard,Organic,31,0,289.83,0
CUST_11587,Standard,Facebook Ads,20,0,1889.16,0
CUST_11588,Basic,Organic,11,2,2742.24,0
CUST_11589,Premium,Organic,33,4,2804.96,1
CUST_11590,Premium,Organic,2,5,845.17,0
CUST_11591,Premium,Facebook Ads,2,2,4194.32,0
CUST_11592,Standard,Organic,1,5,4274.28,0
CUST_11593,Basic,Google Search,23,2,4106.01,0
CUST_11594,Premium,Google Search,1,3,2005.11,0
CUST_11595,Standard,Email Marketing,44,7,2291.39,0
CUST_11596,Basic,Organic,20,3,2812.08,0
CUST_11597,Basic,Google Search,9,6,379.89,1
CUST_11598,Standard,Facebook Ads,28,5,4240.32,0
CUST_11599,Premium,Email Marketing,22,3,2371.1,0
CUST_11600,Basic,Organic,19,4,2065.04,0
CUST_11601,Standard,Google Search,2,5,3584.1,0
CUST_11602,Premium,Organic,11,1,2425.9,0
CUST_11603,Premium,Facebook Ads,23,5,3519.21,0
CUST_11604,Basic,Email Marketing,42,2,2823.83,0
CUST_11605,Premium,Facebook Ads,40,7,1635.51,0
CUST_11606,Basic,Facebook Ads,29,4,4027.6,0
CUST_11607,Basic,Email Marketing,23,0,2521.24,0
CUST_11608,Basic,Email Marketing,25,6,321.91,1
CUST_11609,Standard,Facebook Ads,47,0,2256.7,0
CUST_11610,Standard,Google Search,41,0,3346.14,1
CUST_11611,Premium,Google Search,47,2,206.64,1
CUST_11612,Premium,Google Search,22,1,1718.42,0
CUST_11613,Standard,Google Search,7,4,172.31,0
CUST_11614,Standard,Email Marketing,14,5,1436.62,0
CUST_11615,Premium,Google Search,45,5,3429.86,0
CUST_11616,Standard,Google Search,46,2,2304.69,0
CUST_11617,Standard,Facebook Ads,27,3,1856.96,0
CUST_11618,Basic,Google Search,35,4,803.33,0
CUST_11619,Basic,Email Marketing,16,4,1042.72,0
CUST_11620,Standard,Email Marketing,36,2,2149.28,0
CUST_11621,Premium,Organic,41,1,2749.89,0
CUST_11622,Standard,Google Search,9,3,2277.43,0
CUST_11623,Standard,Facebook Ads,7,4,3248.03,0
CUST_11624,Basic,Google Search,34,4,3336.15,0
CUST_11625,Premium,Organic,48,7,2402.85,0
CUST_11626,Standard,Email Marketing,30,7,2973.06,0
CUST_11627,Standard,Google Search,36,1,2436.58,0
CUST_11628,Standard,Facebook Ads,34,7,1539.59,0
CUST_11629,Premium,Google Search,16,3,2048.6,0
CUST_11630,Premium,Email Marketing,20,7,889.04,0
CUST_11631,Premium,Email Marketing,10,0,2369.95,0
CUST_11632,Basic,Google Search,18,0,1099.62,0
CUST_11633,Basic,Organic,46,0,1920.23,0
CUST_11634,Basic,Facebook Ads,19,5,185.76,1
CUST_11635,Premium,Facebook Ads,19,0,820.92,0
CUST_11636,Basic,Facebook Ads,30,6,213.43,1
CUST_11637,Standard,Google Search,18,5,2330.67,0
CUST_11638,Premium,Facebook Ads,45,3,1899.83,0
CUST_11639,Basic,Google Search,44,1,2012.67,0
CUST_11640,Premium,Email Marketing,35,0,3414.79,0
CUST_11641,Basic,Email Marketing,7,0,4035.26,0
CUST_11642,Standard,Facebook Ads,37,6,1020.81,0
CUST_11643,Standard,Email Marketing,3,UNKNOWN,4181.42,0
CUST_11644,Basic,Facebook Ads,16,7,246.65,1
CUST_11645,Premium,Facebook Ads,19,6,2309.8,0
CUST_11646,Basic,Google Search,33,4,3684.67,0
CUST_11647,Standard,Facebook Ads,48,0,2394.68,0
CUST_11648,Standard,Facebook Ads,35,5,2682.6,0
CUST_11649,Basic,Google Search,9,4,1147.03,0
CUST_11650,Standard,Email Marketing,20,0,461.83,0
CUST_11651,Premium,Facebook Ads,30,1,NaN,0
CUST_11652,Standard,Email Marketing,3,5,2483.06,0
CUST_11653,Standard,Facebook Ads,10,0,1583.25,0
CUST_11654,Basic,Google Search,6,1,4079.73,0
CUST_11655,Basic,Google Search,45,6,217.77,1
CUST_11656,Standard,Organic,14,5,902.78,0
CUST_11657,Basic,Email Marketing,7,6,161.37,1
CUST_11658,Standard,Email Marketing,35,5,1908.38,0
CUST_11659,Basic,Google Search,47,5,226.09,1
CUST_11660,Standard,Google Search,28,1,1157.17,0
CUST_11661,Basic,Facebook Ads,32,6,135.02,0
CUST_11662,Basic,Facebook Ads,29,7,234.1,1
CUST_11663,Basic,Email Marketing,14,4,3871.69,0
CUST_11664,Premium,Google Search,41,4,1640.83,0
CUST_11665,Standard,Facebook Ads,20,6,3661.89,0
CUST_11666,Basic,Organic,32,4,3404.55,0
CUST_11667,Premium,Facebook Ads,17,5,4246.4,0
CUST_11668,Standard,Facebook Ads,6,5,2436.5,0
CUST_11669,Basic,Facebook Ads,25,1,168.31,0
CUST_11670,Premium,Organic,18,0,2969.14,0
CUST_11671,Premium,Email Marketing,41,0,714.21,0
CUST_11672,Basic,Facebook Ads,45,6,103.2,0
CUST_11673,Basic,Facebook Ads,47,0,3853.02,0
CUST_11674,Basic,Organic,22,2,3402.57,0
CUST_11675,Basic,Organic,2,1,195.29,0
CUST_11676,Standard,Email Marketing,46,0,1996.2,0
CUST_11677,Standard,Email Marketing,31,4,1661.16,0
CUST_11678,Basic,Email Marketing,6,0,3674.96,0
CUST_11679,Standard,Google Search,28,3,2373.22,0
CUST_11680,Basic,Google Search,13,5,310.61,1
CUST_11681,Premium,Organic,24,3,1571.78,0
CUST_11682,Premium,Email Marketing,37,7,3185.48,0
CUST_11683,Premium,Organic,39,2,2807.34,1
CUST_11684,Standard,Organic,27,1,3430.05,0
CUST_11685,Standard,Google Search,37,2,502.73,0
CUST_11686,Basic,Google Search,1,2,3523.67,0
CUST_11687,Standard,Google Search,34,0,3979.95,0
CUST_11688,Standard,Organic,1,0,380.64,0
CUST_11689,Basic,Google Search,22,2,1659.38,0
CUST_11690,Premium,Facebook Ads,21,0,3286.36,0
CUST_11691,Premium,Email Marketing,27,2,276.43,0
CUST_11692,Standard,Email Marketing,17,2,1485.76,0
CUST_11693,Standard,Email Marketing,15,0,2260.31,0
CUST_11694,Standard,Email Marketing,23,3,4097.63,0
CUST_11695,Premium,Google Search,8,4,995.3,0
CUST_11696,Standard,Google Search,15,1,2379.09,0
CUST_11697,Basic,Facebook Ads,48,2,695.85,0
CUST_11698,Premium,Organic,30,6,1273.88,1
CUST_11699,Premium,Email Marketing,36,5,1567.03,0
CUST_11700,Basic,Organic,27,3,2056.25,0
CUST_11701,Basic,Google Search,18,0,3977.45,0
CUST_11702,Premium,Email Marketing,41,6,1299.99,0
CUST_11703,Premium,Organic,24,0,1269.15,0
CUST_11704,Basic,Email Marketing,14,2,1934.01,1
CUST_11705,Standard,Google Search,20,6,350.81,0
CUST_11706,Basic,Google Search,37,7,85.13,1
CUST_11707,Basic,Organic,20,0,653.07,0
CUST_11708,Standard,Google Search,12,2,4024.85,0
CUST_11709,Premium,Email Marketing,15,7,2987.02,0
CUST_11710,Premium,Facebook Ads,9,3,4197.18,1
CUST_11711,Basic,Organic,25,7,301.09,1
CUST_11712,Standard,Organic,12,7,3727.52,0
CUST_11713,Basic,Google Search,45,5,NaN,0
CUST_11714,Standard,Organic,3,2,790.22,0
CUST_11715,Premium,Facebook Ads,11,2,1687.99,0
CUST_11716,Standard,Email Marketing,46,7,2753.31,0
CUST_11717,Standard,Facebook Ads,44,6,3592.58,1
CUST_11718,Standard,Email Marketing,48,5,629.83,0
CUST_11719,Standard,Organic,6,3,1012.04,0
CUST_11720,Premium,Email Marketing,11,5,3973.82,0
CUST_11721,Standard,Google Search,39,5,1141.53,0
CUST_11722,Basic,Email Marketing,1,5,316.74,0
CUST_11723,Premium,Google Search,34,1,1395.65,0
CUST_11724,Standard,Facebook Ads,37,6,740.08,0
CUST_11725,Standard,Organic,32,2,187.13,0
CUST_11726,Premium,Email Marketing,19,6,3500.85,0
CUST_11727,Standard,Facebook Ads,42,1,3197.62,0
CUST_11728,Standard,Organic,22,2,2729.47,0
CUST_11729,Basic,Email Marketing,41,1,2646.17,0
CUST_11730,Premium,Google Search,4,5,3101.67,0
CUST_11731,Standard,Email Marketing,45,4,672.13,0
CUST_11732,Basic,Email Marketing,40,0,3133.1,0
CUST_11733,Basic,Email Marketing,11,7,242.75,1
CUST_11734,Premium,Email Marketing,37,5,3790.53,0
CUST_11735,Premium,Facebook Ads,2,5,210.7,0
CUST_11736,Premium,Email Marketing,41,4,4316.88,0
CUST_11737,Standard,Facebook Ads,2,0,2373.06,0
CUST_11738,Premium,Email Marketing,22,7,2998.89,0
CUST_11739,Standard,Google Search,31,0,1500.72,0
CUST_11740,Standard,Facebook Ads,8,1,2728.4,0
CUST_11741,Premium,Google Search,34,5,795.3,0
CUST_11742,Standard,Email Marketing,31,4,3862.88,0
CUST_11743,Premium,Organic,26,1,726.75,0
CUST_11744,Basic,Organic,43,3,2272.55,0
CUST_11745,Basic,Google Search,2,1,1319.15,0
CUST_11746,Basic,Email Marketing,9,5,351.66,1
CUST_11747,Standard,Organic,40,3,3414.66,0
CUST_11748,Premium,Google Search,19,0,2719.67,0
CUST_11749,Basic,Email Marketing,13,6,164.96,1
CUST_11750,Basic,Facebook Ads,8,0,4051.0,1
CUST_11751,Premium,Facebook Ads,40,0,1022.35,0
CUST_11752,Standard,Email Marketing,7,5,2545.81,0
CUST_11753,Premium,Facebook Ads,44,2,1640.55,0
CUST_11754,Basic,Organic,28,0,2976.07,1
CUST_11755,Premium,Facebook Ads,3,6,299.97,1
CUST_11756,Basic,Email Marketing,11,1,1472.86,0
CUST_11757,Premium,Facebook Ads,24,0,593.17,0
CUST_11758,Basic,Google Search,43,3,517.95,1
CUST_11759,Premium,Organic,26,4,2077.79,0
CUST_11760,Basic,Facebook Ads,18,3,885.06,0
CUST_11761,Basic,Google Search,36,4,3465.33,0
CUST_11762,Premium,Email Marketing,43,4,655.0,0
CUST_11763,Standard,Organic,26,3,NaN,0
CUST_11764,Basic,Email Marketing,46,3,1225.67,0
CUST_11765,Standard,Organic,37,3,2948.16,0
CUST_11766,Premium,Email Marketing,46,4,1827.39,0
CUST_11767,Premium,Email Marketing,42,4,NaN,0
CUST_11768,Basic,Organic,15,3,4468.8,0
CUST_11769,Basic,Facebook Ads,46,2,2992.67,1
CUST_11770,Basic,Email Marketing,11,3,1652.44,0
CUST_11771,Premium,Organic,1,1,3014.85,0
CUST_11772,Premium,Organic,23,1,4447.29,0
CUST_11773,Basic,Facebook Ads,1,0,2888.42,1
CUST_11774,Premium,Email Marketing,10,3,3228.73,0
CUST_11775,Standard,Email Marketing,25,2,1503.67,0
CUST_11776,Premium,Organic,22,7,3839.68,0
CUST_11777,Basic,Organic,20,6,329.93,0
CUST_11778,Standard,Email Marketing,48,1,2323.56,0
CUST_11779,Basic,Email Marketing,36,2,3669.14,0
CUST_11780,Basic,Email Marketing,13,5,395.83,0
CUST_11781,Standard,Facebook Ads,19,1,3160.16,0
CUST_11782,Standard,Organic,36,7,3234.76,0
CUST_11783,Standard,Facebook Ads,9,2,3278.46,0
CUST_11784,Basic,Google Search,15,0,4076.0,0
CUST_11785,Basic,Google Search,37,5,263.6,1
CUST_11786,Standard,Organic,16,3,907.29,0
CUST_11787,Basic,Google Search,2,5,274.47,1
CUST_11788,Basic,Email Marketing,16,2,468.09,0
CUST_11789,Premium,Google Search,24,0,2550.47,0
CUST_11790,Basic,Google Search,26,4,343.09,0
CUST_11791,Premium,Google Search,10,5,2801.42,0
CUST_11792,Standard,Facebook Ads,7,3,3357.87,0
CUST_11793,Standard,Facebook Ads,27,0,3509.41,0
CUST_11794,Standard,Google Search,34,0,1704.04,0
CUST_11795,Basic,Email Marketing,23,1,2301.9,0
CUST_11796,Basic,Google Search,23,4,2365.58,0
CUST_11797,Premium,Organic,6,7,3383.74,0
CUST_11798,Standard,Email Marketing,39,2,4011.13,0
CUST_11799,Premium,Organic,22,UNKNOWN,3032.44,0
CUST_11800,Standard,Google Search,8,2,1696.98,0
CUST_11801,Premium,Email Marketing,17,5,3395.12,0
CUST_11802,Basic,Facebook Ads,44,1,2596.43,0
CUST_11803,Premium,Facebook Ads,12,3,3536.46,0
CUST_11804,Premium,Email Marketing,11,0,2911.75,0
CUST_11805,Premium,Facebook Ads,4,2,3713.08,0
CUST_11806,Standard,Email Marketing,9,5,1726.57,0
CUST_11807,Standard,Email Marketing,31,0,2753.65,0
CUST_11808,Premium,Organic,42,7,519.21,0
CUST_11809,Premium,Email Marketing,3,5,2038.79,0
CUST_11810,Premium,Google Search,12,5,3670.07,1
CUST_11811,Standard,Email Marketing,24,2,160.44,0
CUST_11812,Basic,Facebook Ads,34,6,128.9,1
CUST_11813,Premium,Google Search,2,2,1205.18,0
CUST_11814,Basic,Organic,13,1,NaN,0
CUST_11815,Basic,Email Marketing,45,0,3206.1,0
CUST_11816,Standard,Google Search,15,7,1345.71,0
CUST_11817,Standard,Organic,18,4,4379.43,1
CUST_11818,Premium,Email Marketing,42,6,515.94,0
CUST_11819,Basic,Email Marketing,34,1,2025.31,0
CUST_11820,Basic,Facebook Ads,9,5,110.17,1
CUST_11821,Standard,Facebook Ads,5,5,1105.84,0
CUST_11822,Basic,Email Marketing,21,7,242.66,1
CUST_11823,Standard,Email Marketing,19,3,3689.22,0
CUST_11824,Standard,Google Search,5,1,4461.75,0
CUST_11825,Standard,Google Search,28,1,2578.08,0
CUST_11826,Basic,Organic,29,7,78.88,1
CUST_11827,Standard,Organic,23,7,651.32,0
CUST_11828,Basic,Email Marketing,2,6,166.97,0
CUST_11829,Premium,Organic,20,1,2563.58,0
CUST_11830,Basic,Email Marketing,23,7,359.4,1
CUST_11831,Premium,Google Search,43,1,1466.32,0
CUST_11832,Basic,Facebook Ads,47,2,641.68,0
CUST_11833,Premium,Email Marketing,6,6,574.92,0
CUST_11834,Premium,Email Marketing,39,4,3743.88,0
CUST_11835,Premium,Organic,43,2,316.4,0
CUST_11836,Basic,Email Marketing,19,6,117.37,1
CUST_11837,Premium,Organic,2,7,1517.47,1
CUST_11838,Standard,Google Search,31,2,3860.71,0
CUST_11839,Standard,Facebook Ads,35,3,2534.05,0
CUST_11840,Basic,Facebook Ads,35,UNKNOWN,3471.0,0
CUST_11841,Basic,Facebook Ads,29,2,3024.15,0
CUST_11842,Basic,Email Marketing,23,4,1268.3,0
CUST_11843,Basic,Google Search,10,7,376.63,1
CUST_11844,Basic,Email Marketing,13,7,251.65,1
CUST_11845,Basic,Facebook Ads,36,0,1236.11,0
CUST_11846,Premium,Organic,30,1,1882.37,0
CUST_11847,Standard,Email Marketing,37,3,4471.8,0
CUST_11848,Standard,Google Search,10,0,NaN,0
CUST_11849,Standard,Facebook Ads,13,7,1777.66,1
CUST_11850,Standard,Facebook Ads,44,3,1409.06,0
CUST_11851,Premium,Google Search,24,0,2597.98,0
CUST_11852,Standard,Google Search,8,4,1475.03,0
CUST_11853,Premium,Email Marketing,33,4,1925.91,0
CUST_11854,Premium,Organic,4,1,1271.79,0
CUST_11855,Basic,Facebook Ads,19,3,3206.7,0
CUST_11856,Premium,Organic,33,1,1005.4,0
CUST_11857,Standard,Facebook Ads,12,1,3963.77,0
CUST_11858,Standard,Organic,43,2,673.96,0
CUST_11859,Basic,Email Marketing,21,4,3061.79,0
CUST_11860,Basic,Facebook Ads,24,0,1732.78,0
CUST_11861,Standard,Facebook Ads,19,2,3480.3,0
CUST_11862,Standard,Organic,37,6,2873.36,0
CUST_11863,Basic,Facebook Ads,12,1,1118.28,0
CUST_11864,Basic,Facebook Ads,6,2,4107.7,0
CUST_11865,Standard,Google Search,8,1,725.35,0
CUST_11866,Premium,Organic,38,3,4045.9,0
CUST_11867,Standard,Facebook Ads,45,2,2419.16,1
CUST_11868,Premium,Organic,2,5,3619.01,0
CUST_11869,Premium,Organic,1,6,1333.23,0
CUST_11870,Basic,Facebook Ads,10,0,2295.28,0
CUST_11871,Premium,Facebook Ads,4,1,4007.9,0
CUST_11872,Standard,Google Search,26,1,4417.55,0
CUST_11873,Standard,Email Marketing,12,2,1694.55,0
CUST_11874,Standard,Facebook Ads,7,7,3808.28,0
CUST_11875,Premium,Email Marketing,13,4,4169.08,0
CUST_11876,Basic,Facebook Ads,25,5,323.54,0
CUST_11877,Standard,Facebook Ads,8,3,741.64,0
CUST_11878,Premium,Google Search,17,4,719.17,0
CUST_11879,Basic,Email Marketing,37,4,2031.76,0
CUST_11880,Premium,Organic,48,7,848.68,0
CUST_11881,Standard,Google Search,38,1,2006.95,0
CUST_11882,Premium,Google Search,22,5,256.54,0
CUST_11883,Standard,Email Marketing,3,6,1609.94,0
CUST_11884,Basic,Facebook Ads,39,7,385.88,0
CUST_11885,Premium,Google Search,46,4,3412.63,1
CUST_11886,Standard,Google Search,23,2,2883.32,0
CUST_11887,Basic,Email Marketing,47,7,326.19,1
CUST_11888,Premium,Organic,31,6,2001.51,1
CUST_11889,Standard,Email Marketing,6,2,2238.03,0
CUST_11890,Standard,Email Marketing,29,2,3500.48,0
CUST_11891,Standard,Google Search,9,6,695.18,1
CUST_11892,Standard,Email Marketing,15,2,2994.54,0
CUST_11893,Standard,Google Search,39,6,625.13,0
CUST_11894,Standard,Facebook Ads,6,2,2455.78,0
CUST_11895,Basic,Google Search,10,7,120.99,1
CUST_11896,Standard,Facebook Ads,22,7,4420.71,0
CUST_11897,Standard,Organic,4,3,1628.85,0
CUST_11898,Standard,Email Marketing,45,3,1822.15,0
CUST_11899,Premium,Email Marketing,15,3,3221.49,0
CUST_11900,Standard,Google Search,37,7,2313.65,0
CUST_11901,Standard,Email Marketing,38,4,3026.91,0
CUST_11902,Basic,Google Search,5,4,4450.07,0
CUST_11903,Standard,Email Marketing,19,2,746.88,0
CUST_11904,Standard,Google Search,22,4,3517.96,0
CUST_11905,Premium,Facebook Ads,43,0,560.92,0
CUST_11906,Standard,Facebook Ads,21,5,4018.54,0
CUST_11907,Premium,Organic,26,0,1324.69,1
CUST_11908,Premium,Email Marketing,9,2,2046.32,0
CUST_11909,Basic,Google Search,24,0,2120.51,0
CUST_11910,Premium,Facebook Ads,36,7,377.59,0
CUST_11911,Standard,Email Marketing,45,2,1541.31,0
CUST_11912,Basic,Facebook Ads,17,1,968.89,0
CUST_11913,Basic,Organic,46,4,2119.12,0
CUST_11914,Premium,Email Marketing,8,3,1224.14,0
CUST_11915,Basic,Facebook Ads,1,3,3958.04,0
CUST_11916,Premium,Email Marketing,13,5,859.22,0
CUST_11917,Basic,Google Search,4,2,4321.58,0
CUST_11918,Standard,Google Search,1,1,1737.74,0
CUST_11919,Premium,Google Search,3,0,340.09,0
CUST_11920,Standard,Organic,22,4,179.21,0
CUST_11921,Basic,Email Marketing,31,1,1980.97,0
CUST_11922,Standard,Email Marketing,1,1,663.89,0
CUST_11923,Standard,Facebook Ads,15,2,800.86,0
CUST_11924,Premium,Facebook Ads,46,1,2049.46,0
CUST_11925,Premium,Organic,5,5,1695.09,0
CUST_11926,Standard,Facebook Ads,32,5,688.32,0
CUST_11927,Standard,Email Marketing,30,7,4494.58,1
CUST_11928,Premium,Organic,32,6,2061.1,0
CUST_11929,Premium,Organic,38,6,1830.59,0
CUST_11930,Premium,Google Search,23,1,941.14,1
CUST_11931,Standard,Google Search,44,4,2136.63,0
CUST_11932,Premium,Organic,9,0,294.66,0
CUST_11933,Standard,Facebook Ads,14,2,1416.1,0
CUST_11934,Basic,Email Marketing,36,3,4420.68,0
CUST_11935,Standard,Google Search,40,6,3353.62,0
CUST_11936,Premium,Email Marketing,11,4,2349.5,0
CUST_11937,Premium,Facebook Ads,24,1,2157.87,0
CUST_11938,Premium,Google Search,40,6,804.46,0
CUST_11939,Basic,Facebook Ads,8,UNKNOWN,4084.02,0
CUST_11940,Basic,Organic,3,2,1035.95,0
CUST_11941,Basic,Facebook Ads,44,2,2059.78,1
CUST_11942,Standard,Email Marketing,44,5,1065.64,0
CUST_11943,Basic,Facebook Ads,46,3,633.09,0
CUST_11944,Basic,Organic,14,4,210.0,1
CUST_11945,Basic,Email Marketing,13,6,338.23,1
CUST_11946,Premium,Email Marketing,12,5,2811.76,0
CUST_11947,Premium,Organic,31,4,1517.96,0
CUST_11948,Standard,Google Search,37,1,3484.75,0
CUST_11949,Standard,Google Search,35,4,2636.98,1
CUST_11950,Basic,Organic,16,7,74.02,0
CUST_11951,Basic,Email Marketing,5,4,313.48,0
CUST_11952,Premium,Email Marketing,25,1,3415.27,0
CUST_11953,Basic,Facebook Ads,28,2,2697.66,0
CUST_11954,Basic,Google Search,9,4,1603.01,0
CUST_11955,Standard,Facebook Ads,34,6,2811.61,0
CUST_11956,Premium,Facebook Ads,46,3,1368.25,0
CUST_11957,Standard,Email Marketing,36,7,4296.95,0
CUST_11958,Standard,Google Search,12,3,2149.35,0
CUST_11959,Premium,Facebook Ads,33,4,758.24,0
CUST_11960,Basic,Email Marketing,41,0,938.29,1
CUST_11961,Premium,Organic,15,2,3978.01,0
CUST_11962,Standard,Google Search,35,0,416.88,0
CUST_11963,Basic,Organic,43,7,217.41,1
CUST_11964,Basic,Organic,20,4,862.24,0
CUST_11965,Premium,Email Marketing,41,3,1645.84,0
CUST_11966,Basic,Organic,9,5,151.11,1
CUST_11967,Basic,Email Marketing,18,1,3059.63,0
CUST_11968,Premium,Google Search,35,6,2337.4,0
CUST_11969,Basic,Email Marketing,43,1,1986.53,0
CUST_11970,Standard,Email Marketing,35,3,3714.29,0
CUST_11971,Standard,Facebook Ads,5,7,3390.53,0
CUST_11972,Basic,Email Marketing,24,4,3882.62,0
CUST_11973,Premium,Email Marketing,38,1,2824.66,0
CUST_11974,Premium,Email Marketing,39,7,782.14,0
CUST_11975,Basic,Google Search,8,1,1439.44,0
CUST_11976,Standard,Organic,35,3,2365.85,0
CUST_11977,Premium,Facebook Ads,42,5,3210.19,1
CUST_11978,Premium,Organic,23,2,1741.53,0
CUST_11979,Basic,Facebook Ads,14,6,354.34,1
CUST_11980,Premium,Facebook Ads,23,1,2576.97,0
CUST_11981,Standard,Organic,45,5,2507.03,0
CUST_11982,Standard,Google Search,25,1,900.7,0
CUST_11983,Basic,Email Marketing,34,4,1702.98,0
CUST_11984,Basic,Facebook Ads,7,0,3310.43,0
CUST_11985,Basic,Google Search,21,0,3256.54,0
CUST_11986,Standard,Google Search,38,1,2046.19,0
CUST_11987,Basic,Organic,43,2,3614.63,0
CUST_11988,Standard,Google Search,21,1,647.94,0
CUST_11989,Basic,Google Search,9,0,883.46,0
CUST_11990,Basic,Email Marketing,6,6,88.71,1
CUST_11991,Standard,Google Search,1,6,4416.0,0
CUST_11992,Premium,Organic,27,2,2739.62,0
CUST_11993,Standard,Google Search,29,1,681.34,0
CUST_11994,Standard,Organic,37,6,1852.25,0
CUST_11995,Basic,Google Search,34,4,NaN,0
CUST_11996,Premium,Email Marketing,34,6,1810.25,0
CUST_11997,Standard,Facebook Ads,15,2,1112.93,0
CUST_11998,Standard,Email Marketing,12,3,2232.83,0
CUST_11999,Premium,Facebook Ads,22,6,3297.79,0
CUST_12000,Basic,Organic,32,0,3218.84,0
CUST_12001,Standard,Google Search,18,3,339.32,0
CUST_12002,Premium,Google Search,2,3,2534.14,0
CUST_12003,Premium,Organic,20,7,1768.79,0
CUST_12004,Basic,Facebook Ads,11,5,333.92,1
CUST_12005,Basic,Google Search,13,3,1422.4,0
CUST_12006,Standard,Email Marketing,17,6,635.26,0
CUST_12007,Basic,Organic,22,3,1277.37,0
CUST_12008,Standard,Email Marketing,17,1,4402.86,0
CUST_12009,Basic,Email Marketing,1,1,3607.61,0
CUST_12010,Standard,Organic,15,3,391.86,0
CUST_12011,Basic,Facebook Ads,21,4,3312.14,0
CUST_12012,Basic,Google Search,38,7,374.55,1
CUST_12013,Standard,Organic,45,0,1430.04,0
CUST_12014,Premium,Facebook Ads,9,0,3752.2,0
CUST_12015,Premium,Email Marketing,43,0,3534.73,0
CUST_12016,Basic,Email Marketing,7,4,2936.32,0
CUST_12017,Premium,Organic,1,6,3531.4,0
CUST_12018,Standard,Facebook Ads,18,0,4355.14,0
CUST_12019,Premium,Facebook Ads,27,2,2145.44,1
CUST_12020,Basic,Google Search,22,4,2764.64,0
CUST_12021,Premium,Facebook Ads,27,0,939.26,0
CUST_12022,Premium,Organic,34,4,1433.75,0
CUST_12023,Premium,Email Marketing,27,3,1107.35,0
CUST_12024,Basic,Organic,16,5,324.71,1
CUST_12025,Standard,Organic,18,4,4412.26,0
CUST_12026,Basic,Organic,40,4,4476.65,0
CUST_12027,Standard,Email Marketing,35,4,1649.96,1
CUST_12028,Premium,Facebook Ads,13,0,398.22,0
CUST_12029,Premium,Google Search,38,0,1300.48,0
CUST_12030,Basic,Google Search,37,1,446.94,0
CUST_12031,Premium,Facebook Ads,16,6,2250.41,0
CUST_12032,Premium,Facebook Ads,6,1,3842.65,0
CUST_12033,Premium,Organic,36,3,3531.48,0
CUST_12034,Standard,Facebook Ads,30,7,2929.37,0
CUST_12035,Basic,Facebook Ads,26,0,4407.95,0
CUST_12036,Premium,Facebook Ads,4,3,1579.95,1
CUST_12037,Standard,Organic,44,5,1420.06,0
CUST_12038,Premium,Google Search,9,6,4219.63,0
CUST_12039,Premium,Google Search,48,4,374.42,0
CUST_12040,Premium,Facebook Ads,31,0,1879.53,0
CUST_12041,Premium,Google Search,44,0,4046.22,0
CUST_12042,Basic,Google Search,41,1,463.14,0
CUST_12043,Premium,Organic,37,3,1957.07,0
CUST_12044,Standard,Facebook Ads,43,7,2678.4,0
CUST_12045,Standard,Facebook Ads,14,4,3531.99,0
CUST_12046,Basic,Facebook Ads,36,5,96.48,1
CUST_12047,Standard,Facebook Ads,46,2,2564.46,0
CUST_12048,Premium,Facebook Ads,32,5,3260.71,0
CUST_12049,Premium,Facebook Ads,3,6,1948.87,0
CUST_12050,Standard,Google Search,6,7,2825.04,0
CUST_12051,Premium,Email Marketing,35,6,4257.76,0
CUST_12052,Standard,Facebook Ads,9,4,3966.99,0
CUST_12053,Basic,Organic,38,6,179.14,1
CUST_12054,Basic,Google Search,8,5,181.72,0
CUST_12055,Premium,Facebook Ads,30,3,1165.31,0
CUST_12056,Basic,Organic,25,5,254.25,1
CUST_12057,Standard,Email Marketing,13,6,2509.62,1
CUST_12058,Standard,Organic,39,7,2382.33,0
CUST_12059,Basic,Organic,6,6,134.48,1
CUST_12060,Premium,Facebook Ads,34,7,1710.91,0
CUST_12061,Standard,Email Marketing,45,0,978.14,0
CUST_12062,Standard,Facebook Ads,16,3,NaN,0
CUST_12063,Basic,Email Marketing,23,4,1339.95,0
CUST_12064,Premium,Google Search,24,1,2806.63,0
CUST_12065,Basic,Organic,15,0,4397.34,0
CUST_12066,Standard,Email Marketing,40,1,789.74,1
CUST_12067,Standard,Organic,26,0,2616.12,0
CUST_12068,Premium,Email Marketing,25,0,2824.8,0
CUST_12069,Basic,Email Marketing,7,5,97.82,1
CUST_12070,Premium,Email Marketing,25,UNKNOWN,1419.23,0
CUST_12071,Basic,Email Marketing,16,5,121.52,1
CUST_12072,Basic,Google Search,44,6,93.1,1
CUST_12073,Basic,Facebook Ads,41,7,333.51,1
CUST_12074,Premium,Email Marketing,5,5,3130.56,0
CUST_12075,Premium,Email Marketing,23,2,3930.68,0
CUST_12076,Premium,Organic,25,7,3661.08,1
CUST_12077,Basic,Google Search,35,1,1149.58,0
CUST_12078,Standard,Organic,9,2,1535.62,0
CUST_12079,Premium,Facebook Ads,8,3,1412.73,0
CUST_12080,Basic,Organic,32,2,2288.0,0
CUST_12081,Standard,Email Marketing,3,5,4127.15,0
CUST_12082,Standard,Facebook Ads,15,3,3285.51,0
CUST_12083,Basic,Organic,37,5,313.8,1
CUST_12084,Standard,Facebook Ads,9,4,3678.18,0
CUST_12085,Basic,Google Search,40,0,4266.94,0
CUST_12086,Standard,Google Search,16,3,2321.97,0
CUST_12087,Standard,Organic,1,2,3824.88,0
CUST_12088,Premium,Email Marketing,18,7,1565.21,0
CUST_12089,Basic,Google Search,30,1,3239.53,0
CUST_12090,Basic,Email Marketing,43,6,257.31,1
CUST_12091,Basic,Facebook Ads,46,2,167.29,0
CUST_12092,Basic,Organic,5,1,1183.43,1
CUST_12093,Premium,Google Search,48,6,1018.85,0
CUST_12094,Premium,Google Search,10,3,725.21,0
CUST_12095,Standard,Google Search,26,1,1138.87,0
CUST_12096,Premium,Google Search,6,0,769.8,0
CUST_12097,Basic,Facebook Ads,5,2,2308.79,0
CUST_12098,Basic,Facebook Ads,15,2,1932.06,0
CUST_12099,Standard,Facebook Ads,10,6,1714.88,0
CUST_12100,Premium,Email Marketing,5,6,1375.98,0
CUST_12101,Basic,Organic,17,3,4179.99,0
CUST_12102,Premium,Facebook Ads,17,5,312.25,0
CUST_12103,Basic,Email Marketing,19,4,3531.47,0
CUST_12104,Standard,Google Search,1,5,2230.12,0
CUST_12105,Premium,Organic,5,4,1124.61,0
CUST_12106,Premium,Google Search,34,2,2021.12,0
CUST_12107,Basic,Google Search,39,4,4383.56,0
CUST_12108,Standard,Google Search,21,1,3150.23,0
CUST_12109,Standard,Facebook Ads,31,3,2410.87,0
CUST_12110,Basic,Organic,43,UNKNOWN,1719.33,0
CUST_12111,Premium,Email Marketing,7,7,1192.9,0
CUST_12112,Premium,Facebook Ads,26,7,2681.36,0
CUST_12113,Basic,Google Search,22,7,106.03,1
CUST_12114,Premium,Email Marketing,14,4,2813.82,0
CUST_12115,Standard,Email Marketing,29,0,708.97,0
CUST_12116,Premium,Email Marketing,33,6,2703.56,0
CUST_12117,Standard,Email Marketing,43,1,982.33,0
CUST_12118,Basic,Facebook Ads,45,3,1849.68,0
CUST_12119,Premium,Google Search,31,3,1281.18,0
CUST_12120,Standard,Google Search,37,3,3652.72,0
CUST_12121,Basic,Email Marketing,7,5,201.92,1
CUST_12122,Basic,Email Marketing,43,3,2585.32,0
CUST_12123,Basic,Email Marketing,42,0,2623.78,0
CUST_12124,Standard,Email Marketing,15,6,4056.33,0
CUST_12125,Basic,Organic,20,3,4160.68,0
CUST_12126,Standard,Organic,34,6,2011.68,0
CUST_12127,Basic,Organic,31,6,55.39,1
CUST_12128,Premium,Facebook Ads,14,3,3537.98,0
CUST_12129,Premium,Google Search,33,3,3073.6,0
CUST_12130,Standard,Email Marketing,4,0,4051.42,0
CUST_12131,Premium,Facebook Ads,24,7,505.47,0
CUST_12132,Basic,Facebook Ads,19,2,2913.82,0
CUST_12133,Basic,Google Search,41,2,345.87,0
CUST_12134,Basic,Facebook Ads,29,1,4083.06,0
CUST_12135,Premium,Email Marketing,3,6,2109.49,0
CUST_12136,Standard,Google Search,43,5,1263.25,0
CUST_12137,Premium,Email Marketing,22,4,3339.32,0
CUST_12138,Premium,Organic,15,0,1526.4,1
CUST_12139,Standard,Google Search,33,7,891.46,0
CUST_12140,Standard,Email Marketing,10,6,3381.33,0
CUST_12141,Basic,Organic,17,5,370.52,1
CUST_12142,Premium,Facebook Ads,17,6,2739.33,0
CUST_12143,Premium,Email Marketing,16,5,1348.93,0
CUST_12144,Premium,Organic,12,5,2817.58,0
CUST_12145,Standard,Organic,26,7,4442.68,0
CUST_12146,Premium,Facebook Ads,29,3,1662.67,0
CUST_12147,Standard,Google Search,42,7,3586.87,0
CUST_12148,Basic,Organic,38,0,2643.13,0
CUST_12149,Standard,Organic,43,2,970.33,0
CUST_12150,Basic,Facebook Ads,39,0,3989.8,0
CUST_12151,Standard,Facebook Ads,12,2,379.86,1
CUST_12152,Premium,Facebook Ads,11,3,2503.78,0
CUST_12153,Premium,Facebook Ads,29,0,2583.01,0
CUST_12154,Standard,Facebook Ads,14,4,4346.44,0
CUST_12155,Basic,Google Search,34,5,76.53,0
CUST_12156,Basic,Organic,44,5,352.69,1
CUST_12157,Premium,Google Search,20,1,523.64,0
CUST_12158,Premium,Email Marketing,43,0,4149.35,0
CUST_12159,Basic,Google Search,30,0,2325.76,0
CUST_12160,Basic,Organic,44,7,236.38,1
CUST_12161,Premium,Organic,41,5,1894.18,0
CUST_12162,Premium,Email Marketing,31,6,2895.47,0
CUST_12163,Standard,Organic,36,2,320.71,0
CUST_12164,Premium,Facebook Ads,6,5,3676.79,1
CUST_12165,Basic,Email Marketing,6,0,3642.27,0
CUST_12166,Basic,Organic,8,2,1925.66,0
CUST_12167,Basic,Google Search,32,3,2417.78,0
CUST_12168,Standard,Organic,29,7,2507.32,0
CUST_12169,Premium,Organic,5,1,3574.58,1
CUST_12170,Premium,Email Marketing,29,6,3857.74,0
CUST_12171,Premium,Google Search,17,UNKNOWN,1564.07,0
CUST_12172,Premium,Email Marketing,33,5,221.18,0
CUST_12173,Standard,Facebook Ads,17,3,870.01,0
CUST_12174,Standard,Facebook Ads,36,7,1972.8,0
CUST_12175,Basic,Email Marketing,20,5,113.61,0
CUST_12176,Basic,Email Marketing,5,0,4417.35,0
CUST_12177,Basic,Google Search,25,7,241.94,0
CUST_12178,Standard,Facebook Ads,2,0,4134.89,0
CUST_12179,Standard,Facebook Ads,31,4,4490.49,0
CUST_12180,Premium,Email Marketing,31,2,4346.26,0
CUST_12181,Basic,Google Search,48,3,3414.14,0
CUST_12182,Premium,Google Search,9,6,2396.36,0
CUST_12183,Premium,Google Search,43,1,574.41,0
CUST_12184,Premium,Organic,47,7,2581.79,0
CUST_12185,Standard,Organic,45,6,1844.54,0
CUST_12186,Standard,Google Search,38,4,3759.61,1
CUST_12187,Premium,Facebook Ads,41,3,2083.06,0
CUST_12188,Standard,Email Marketing,13,2,3822.61,0
CUST_12189,Premium,Google Search,45,4,2133.68,1
CUST_12190,Premium,Google Search,5,0,905.75,0
CUST_12191,Standard,Google Search,1,6,1010.95,0
CUST_12192,Premium,Organic,39,7,1108.14,0
CUST_12193,Standard,Organic,24,0,2438.05,0
CUST_12194,Premium,Facebook Ads,40,1,4071.68,1
CUST_12195,Standard,Email Marketing,23,6,3305.9,0
CUST_12196,Basic,Organic,31,7,323.64,1
CUST_12197,Basic,Google Search,18,1,1862.17,0
CUST_12198,Standard,Email Marketing,48,3,2429.32,0
CUST_12199,Premium,Organic,25,1,773.26,0
CUST_12200,Basic,Organic,41,5,262.77,1
CUST_12201,Premium,Organic,44,4,432.16,0
CUST_12202,Standard,Google Search,6,1,3377.01,1
CUST_12203,Standard,Google Search,39,5,4073.18,0
CUST_12204,Premium,Organic,48,0,2599.33,0
CUST_12205,Basic,Google Search,20,7,321.02,0
CUST_12206,Standard,Organic,16,0,3888.05,0
CUST_12207,Premium,Facebook Ads,28,7,544.52,0
CUST_12208,Premium,Email Marketing,33,7,623.05,0
CUST_12209,Basic,Google Search,23,2,4450.39,0
CUST_12210,Standard,Organic,28,5,4311.02,0
CUST_12211,Basic,Facebook Ads,35,6,221.53,1
CUST_12212,Premium,Organic,29,1,1032.59,0
CUST_12213,Standard,Organic,9,0,1979.08,0
CUST_12214,Basic,Organic,9,3,188.11,0
CUST_12215,Standard,Organic,9,0,305.53,0
CUST_12216,Basic,Organic,36,4,884.67,1
CUST_12217,Basic,Email Marketing,22,4,1381.4,0
CUST_12218,Standard,Email Marketing,3,6,2168.24,0
CUST_12219,Standard,Organic,38,7,NaN,0
CUST_12220,Basic,Organic,27,5,225.15,1
CUST_12221,Standard,Facebook Ads,10,2,1275.34,0
CUST_12222,Premium,Facebook Ads,44,6,901.5,0
CUST_12223,Premium,Email Marketing,19,1,218.7,0
CUST_12224,Standard,Facebook Ads,29,2,1443.22,0
CUST_12225,Basic,Google Search,19,6,226.16,1
CUST_12226,Basic,Facebook Ads,8,1,855.77,0
CUST_12227,Standard,Email Marketing,42,1,3216.05,0
CUST_12228,Premium,Email Marketing,28,3,238.28,0
CUST_12229,Standard,Facebook Ads,42,5,4305.33,0
CUST_12230,Premium,Google Search,37,4,3295.07,0
CUST_12231,Basic,Organic,23,5,123.85,1
CUST_12232,Standard,Email Marketing,30,3,506.53,0
CUST_12233,Basic,Email Marketing,26,6,68.78,1
CUST_12234,Standard,Organic,2,7,1455.14,0
CUST_12235,Basic,Google Search,17,6,96.12,1
CUST_12236,Premium,Facebook Ads,23,5,1498.93,0
CUST_12237,Basic,Google Search,36,UNKNOWN,3910.76,0
CUST_12238,Premium,Facebook Ads,11,6,2961.19,0
CUST_12239,Standard,Facebook Ads,34,6,758.89,0
CUST_12240,Premium,Google Search,16,7,3329.8,0
CUST_12241,Standard,Facebook Ads,31,6,3803.29,0
CUST_12242,Basic,Facebook Ads,29,7,50.83,1
CUST_12243,Standard,Organic,32,1,3256.0,0
CUST_12244,Standard,Email Marketing,9,7,2340.51,0
CUST_12245,Standard,Facebook Ads,27,2,3766.98,0
CUST_12246,Premium,Google Search,43,5,1598.75,0
CUST_12247,Standard,Email Marketing,47,4,4176.32,0
CUST_12248,Premium,Organic,48,5,641.43,0
CUST_12249,Premium,Organic,45,3,2421.18,0
CUST_12250,Standard,Email Marketing,42,2,3891.81,0
CUST_12251,Standard,Facebook Ads,26,5,1053.32,0
CUST_12252,Premium,Organic,11,7,1798.74,0
CUST_12253,Basic,Organic,12,2,3241.24,0
CUST_12254,Basic,Facebook Ads,34,6,279.42,1
CUST_12255,Premium,Facebook Ads,17,2,2646.52,1
CUST_12256,Basic,Email Marketing,12,7,132.51,1
CUST_12257,Premium,Organic,33,2,1476.92,1
CUST_12258,Basic,Organic,9,7,180.04,0
CUST_12259,Standard,Google Search,33,6,3059.89,0
CUST_12260,Premium,Email Marketing,38,5,1627.37,0
CUST_12261,Basic,Email Marketing,38,1,4481.48,1
CUST_12262,Premium,Google Search,25,3,2116.92,0
CUST_12263,Standard,Facebook Ads,15,2,4195.74,0
CUST_12264,Standard,Facebook Ads,7,1,3823.77,0
CUST_12265,Premium,Google Search,9,4,3722.03,0
CUST_12266,Premium,Facebook Ads,18,7,2111.61,0
CUST_12267,Premium,Organic,4,6,1455.14,0
CUST_12268,Premium,Google Search,23,0,395.79,0
CUST_12269,Standard,Facebook Ads,13,1,3176.35,0
CUST_12270,Standard,Facebook Ads,45,5,3837.56,0
CUST_12271,Premium,Organic,27,4,421.56,0
CUST_12272,Standard,Email Marketing,1,2,2007.42,0
CUST_12273,Standard,Google Search,40,5,4001.02,0
CUST_12274,Basic,Email Marketing,36,6,78.08,1
CUST_12275,Standard,Google Search,6,5,2789.53,0
CUST_12276,Basic,Google Search,45,4,1097.12,0
CUST_12277,Standard,Organic,23,0,4112.49,0
CUST_12278,Standard,Email Marketing,4,3,1731.52,0
CUST_12279,Premium,Facebook Ads,44,0,3892.62,1
CUST_12280,Standard,Facebook Ads,39,7,2010.33,0
CUST_12281,Premium,Email Marketing,34,3,1195.94,0
CUST_12282,Standard,Email Marketing,34,2,3725.16,0
CUST_12283,Basic,Organic,39,1,2233.33,0
CUST_12284,Standard,Facebook Ads,6,6,1975.73,0
CUST_12285,Basic,Email Marketing,21,3,3109.91,0
CUST_12286,Standard,Email Marketing,26,6,3461.47,0
CUST_12287,Standard,Organic,1,4,2233.86,0
CUST_12288,Basic,Facebook Ads,2,4,1049.13,0
CUST_12289,Standard,Email Marketing,40,6,1727.99,1
CUST_12290,Basic,Email Marketing,24,6,281.58,1
CUST_12291,Premium,Facebook Ads,22,0,3715.85,0
CUST_12292,Standard,Email Marketing,28,3,2983.65,0
CUST_12293,Basic,Email Marketing,40,4,3650.89,0
CUST_12294,Basic,Email Marketing,29,0,3672.2,1
CUST_12295,Basic,Facebook Ads,39,1,4340.66,0
CUST_12296,Basic,Facebook Ads,9,3,2900.98,0
CUST_12297,Premium,Facebook Ads,11,3,3084.32,0
CUST_12298,Premium,Email Marketing,2,4,1074.34,1
CUST_12299,Standard,Facebook Ads,41,7,2362.37,0
CUST_12300,Basic,Google Search,3,3,773.93,0
CUST_12301,Premium,Email Marketing,27,0,4410.41,0
CUST_12302,Standard,Google Search,4,1,3987.05,0
CUST_12303,Standard,Email Marketing,2,0,3610.67,0
CUST_12304,Premium,Facebook Ads,34,4,3815.92,0
CUST_12305,Basic,Google Search,39,5,180.13,1
CUST_12306,Standard,Email Marketing,10,7,3110.98,0
CUST_12307,Standard,Google Search,23,0,2741.28,0
CUST_12308,Basic,Google Search,45,1,3645.8,0
CUST_12309,Basic,Email Marketing,42,4,1599.02,0
CUST_12310,Basic,Facebook Ads,42,4,1340.49,0
CUST_12311,Standard,Organic,31,4,3637.75,0
CUST_12312,Standard,Google Search,9,7,238.7,0
CUST_12313,Standard,Organic,38,5,2712.81,0
CUST_12314,Standard,Google Search,11,6,2622.21,0
CUST_12315,Premium,Organic,32,0,4394.75,0
CUST_12316,Standard,Google Search,38,3,2264.52,0
CUST_12317,Premium,Google Search,10,7,1832.3,0
CUST_12318,Standard,Facebook Ads,46,1,3416.08,0
CUST_12319,Basic,Google Search,7,0,4157.06,0
CUST_12320,Standard,Google Search,17,4,1779.55,0
CUST_12321,Standard,Facebook Ads,5,7,3774.33,0
CUST_12322,Standard,Google Search,4,5,1757.12,0
CUST_12323,Premium,Email Marketing,1,0,3457.08,0
CUST_12324,Premium,Facebook Ads,18,1,976.88,1
CUST_12325,Premium,Email Marketing,8,2,1256.99,0
CUST_12326,Premium,Google Search,46,2,4460.88,0
CUST_12327,Basic,Facebook Ads,3,4,4407.29,1
CUST_12328,Basic,Google Search,9,5,387.22,1
CUST_12329,Basic,Email Marketing,38,1,4285.17,0
CUST_12330,Basic,Facebook Ads,13,6,298.13,1
CUST_12331,Premium,Organic,1,7,3230.1,0
CUST_12332,Standard,Google Search,13,4,200.38,0
CUST_12333,Premium,Facebook Ads,14,4,4340.55,0
CUST_12334,Premium,Facebook Ads,32,4,873.36,1
CUST_12335,Basic,Organic,41,7,138.09,1
CUST_12336,Premium,Organic,43,3,4383.5,0
CUST_12337,Premium,Facebook Ads,4,3,1421.81,0
CUST_12338,Standard,Organic,41,4,2677.67,0
CUST_12339,Basic,Email Marketing,48,5,99.31,1
CUST_12340,Standard,Email Marketing,43,0,4400.5,0
CUST_12341,Premium,Email Marketing,27,7,2883.41,0
CUST_12342,Standard,Organic,39,3,3900.67,0
CUST_12343,Standard,Google Search,9,0,2533.52,1
CUST_12344,Standard,Google Search,47,1,2409.35,0
CUST_12345,Premium,Google Search,28,2,3867.72,0
CUST_12346,Standard,Organic,31,6,2876.93,0
CUST_12347,Standard,Google Search,12,1,538.7,0
CUST_12348,Basic,Google Search,12,7,67.73,1
CUST_12349,Premium,Email Marketing,12,0,3577.9,0
CUST_12350,Basic,Google Search,33,0,2607.57,0
CUST_12351,Basic,Email Marketing,5,1,2479.92,0
CUST_12352,Basic,Google Search,1,5,185.01,1
CUST_12353,Standard,Organic,34,5,170.76,0
CUST_12354,Premium,Organic,10,2,3983.62,0
CUST_12355,Premium,Facebook Ads,12,4,373.44,1
CUST_12356,Premium,Google Search,30,7,912.74,0
CUST_12357,Premium,Organic,40,2,248.46,0
CUST_12358,Standard,Organic,40,3,3410.99,0
CUST_12359,Premium,Email Marketing,27,0,3579.9,0
CUST_12360,Standard,Email Marketing,13,1,1780.27,0
CUST_12361,Standard,Organic,35,7,4017.33,0
CUST_12362,Basic,Facebook Ads,22,7,359.09,1
CUST_12363,Standard,Email Marketing,43,3,3675.28,0
CUST_12364,Basic,Organic,1,3,3170.52,0
CUST_12365,Standard,Email Marketing,44,1,2646.76,0
CUST_12366,Premium,Google Search,11,4,4081.33,0
CUST_12367,Standard,Google Search,44,5,1103.0,0
CUST_12368,Basic,Facebook Ads,16,4,1837.38,0
CUST_12369,Basic,Organic,44,4,3951.26,0
CUST_12370,Standard,Organic,12,4,3044.31,0
CUST_12371,Premium,Email Marketing,1,6,3064.61,0
CUST_12372,Standard,Email Marketing,2,6,2694.98,0
CUST_12373,Basic,Google Search,30,4,2263.67,0
CUST_12374,Premium,Google Search,25,2,632.41,0
CUST_12375,Basic,Organic,27,2,2798.09,0
CUST_12376,Basic,Email Marketing,27,5,134.45,1
CUST_12377,Basic,Email Marketing,15,1,3780.46,0
CUST_12378,Basic,Organic,47,0,1508.12,0
CUST_12379,Premium,Google Search,41,2,457.88,0
CUST_12380,Standard,Google Search,4,4,2508.51,0
CUST_12381,Premium,Facebook Ads,12,2,3888.93,0
CUST_12382,Premium,Google Search,22,1,3860.81,0
CUST_12383,Standard,Email Marketing,30,1,3857.13,0
CUST_12384,Basic,Organic,44,7,366.02,1
CUST_12385,Basic,Google Search,8,5,197.6,1
CUST_12386,Basic,Email Marketing,15,5,135.77,1
CUST_12387,Basic,Google Search,27,4,1973.16,1
CUST_12388,Basic,Google Search,2,4,2442.74,1
CUST_12389,Standard,Google Search,14,7,301.95,0
CUST_12390,Basic,Facebook Ads,31,6,82.62,1
CUST_12391,Basic,Google Search,4,4,1003.53,0
CUST_12392,Premium,Email Marketing,21,6,3581.23,0
CUST_12393,Premium,Facebook Ads,44,3,2836.8,0
CUST_12394,Standard,Email Marketing,34,4,918.31,0
CUST_12395,Standard,Email Marketing,25,7,1672.06,0
CUST_12396,Premium,Email Marketing,31,0,3666.84,0
CUST_12397,Basic,Facebook Ads,47,4,2468.79,0
CUST_12398,Basic,Organic,3,0,NaN,0
CUST_12399,Premium,Google Search,19,4,3593.16,0
CUST_12400,Premium,Organic,32,0,3179.75,0
CUST_12401,Standard,Facebook Ads,27,2,1029.01,0
CUST_12402,Standard,Email Marketing,38,0,2697.92,0
CUST_12403,Premium,Facebook Ads,7,4,3794.6,0
CUST_12404,Basic,Facebook Ads,46,1,4181.97,0
CUST_12405,Standard,Google Search,35,1,2270.66,0
CUST_12406,Premium,Google Search,11,4,3768.66,0
CUST_12407,Basic,Organic,6,3,3650.46,1
CUST_12408,Premium,Email Marketing,10,4,1634.86,0
CUST_12409,Standard,Organic,2,2,1876.02,0
CUST_12410,Basic,Email Marketing,23,0,1809.28,0
CUST_12411,Standard,Email Marketing,2,5,2045.4,0
CUST_12412,Basic,Email Marketing,30,2,2169.49,0
CUST_12413,Basic,Google Search,48,4,2910.91,0
CUST_12414,Standard,Google Search,48,7,NaN,0
CUST_12415,Standard,Organic,33,7,3648.66,0
CUST_12416,Standard,Google Search,11,2,579.36,0
CUST_12417,Basic,Organic,8,5,233.95,1
CUST_12418,Basic,Organic,14,6,337.77,1
CUST_12419,Basic,Google Search,39,2,3709.65,0
CUST_12420,Standard,Google Search,37,3,1003.67,0
CUST_12421,Premium,Organic,34,7,1705.04,0
CUST_12422,Standard,Google Search,12,7,3916.09,0
CUST_12423,Basic,Google Search,23,3,1817.1,0
CUST_12424,Premium,Google Search,7,7,374.13,0
CUST_12425,Standard,Organic,28,3,3421.19,0
CUST_12426,Standard,Email Marketing,42,7,2290.92,0
CUST_12427,Standard,Organic,32,0,2487.28,0
CUST_12428,Basic,Email Marketing,9,5,185.91,1
CUST_12429,Standard,Email Marketing,5,4,4202.26,0
CUST_12430,Premium,Facebook Ads,22,4,1837.38,0
CUST_12431,Premium,Email Marketing,12,5,2171.14,0
CUST_12432,Premium,Email Marketing,30,7,4447.38,0
CUST_12433,Standard,Organic,9,2,4333.08,0
CUST_12434,Standard,Organic,47,7,4245.23,0
CUST_12435,Premium,Organic,4,2,2916.33,0
CUST_12436,Standard,Google Search,17,1,333.4,0
CUST_12437,Premium,Organic,15,3,2032.59,0
CUST_12438,Basic,Organic,26,5,109.03,1
CUST_12439,Premium,Facebook Ads,16,6,3948.15,0
CUST_12440,Standard,Organic,48,1,3407.54,0
CUST_12441,Basic,Google Search,19,6,371.17,1
CUST_12442,Standard,Email Marketing,42,1,3621.75,0
CUST_12443,Standard,Email Marketing,24,1,182.55,0
CUST_12444,Standard,Organic,31,7,2569.49,0
CUST_12445,Premium,Email Marketing,5,2,1552.59,0
CUST_12446,Standard,Facebook Ads,7,7,353.07,0
CUST_12447,Standard,Organic,35,3,3384.52,0
CUST_12448,Basic,Organic,2,2,998.73,0
CUST_12449,Premium,Facebook Ads,27,7,3055.03,0
CUST_12450,Premium,Google Search,10,7,3927.49,0
CUST_12451,Premium,Facebook Ads,43,3,660.92,0
CUST_12452,Standard,Facebook Ads,40,4,3395.64,0
CUST_12453,Basic,Organic,30,5,113.04,1
CUST_12454,Basic,Email Marketing,32,4,3719.17,1
CUST_12455,Basic,Email Marketing,46,0,3744.11,0
CUST_12456,Basic,Facebook Ads,43,3,4352.82,0
CUST_12457,Basic,Google Search,1,2,3452.99,0
CUST_12458,Basic,Email Marketing,8,6,342.43,1
CUST_12459,Premium,Organic,39,6,4087.12,0
CUST_12460,Standard,Google Search,3,1,2294.06,0
CUST_12461,Premium,Google Search,5,4,4472.56,0
CUST_12462,Basic,Google Search,18,0,1726.18,0
CUST_12463,Basic,Google Search,27,2,1085.21,0
CUST_12464,Basic,Organic,48,0,4345.61,0
CUST_12465,Basic,Google Search,14,6,377.19,1
CUST_12466,Standard,Google Search,40,3,2943.79,0
CUST_12467,Premium,Email Marketing,37,0,4164.91,0
CUST_12468,Premium,Facebook Ads,25,5,3380.77,0
CUST_12469,Basic,Google Search,4,0,3312.25,0
CUST_12470,Premium,Organic,34,1,3264.02,0
CUST_12471,Standard,Facebook Ads,14,2,1226.52,0
CUST_12472,Premium,Facebook Ads,4,6,959.59,0
CUST_12473,Basic,Google Search,43,3,2129.54,0
CUST_12474,Premium,Organic,2,7,1470.86,0
CUST_12475,Standard,Email Marketing,17,7,995.38,0
CUST_12476,Premium,Email Marketing,40,2,1109.19,0
CUST_12477,Basic,Google Search,47,6,190.44,1
CUST_12478,Premium,Facebook Ads,14,7,4366.81,0
CUST_12479,Premium,Google Search,15,0,2856.66,0
CUST_12480,Standard,Email Marketing,36,1,2715.97,0
CUST_12481,Premium,Email Marketing,31,7,3519.82,0
CUST_12482,Basic,Email Marketing,3,2,1962.35,0
CUST_12483,Premium,Email Marketing,48,3,2220.11,0
CUST_12484,Basic,Facebook Ads,26,3,1081.99,0
CUST_12485,Basic,Google Search,15,5,164.62,1
CUST_12486,Basic,Facebook Ads,40,UNKNOWN,NaN,0
CUST_12487,Standard,Organic,6,1,3835.04,0
CUST_12488,Basic,Google Search,4,4,540.51,0
CUST_12489,Standard,Email Marketing,20,2,4435.3,0
CUST_12490,Premium,Facebook Ads,45,4,2292.9,0
CUST_12491,Standard,Organic,2,3,3328.37,0
CUST_12492,Standard,Google Search,26,6,900.44,0
CUST_12493,Premium,Facebook Ads,16,0,3009.89,0
CUST_12494,Premium,Google Search,7,6,2665.67,0
CUST_12495,Premium,Organic,20,2,2682.24,0
CUST_12496,Premium,Organic,22,5,4226.52,0
CUST_12497,Premium,Organic,25,5,3099.35,0
CUST_12498,Standard,Organic,30,1,1853.68,0
CUST_12499,Standard,Facebook Ads,32,0,221.78,0
CUST_12500,Standard,Google Search,48,6,566.6,0
